transaction_id,project_id,freelancer_id,amount,currency,payment_date,payment_method,platform_fee_pct,status,is_disputed
TX0000001,PR000638,FL00229,7983.0,USD,2024-02-23,Bank Transfer,16.08,failed,1
TX0000002,PR000135,FL00248,1540.0,USD,2023-05-25,Payoneer,17.23,success,1
TX0000003,PR000370,FL00141,2473.0,,2024-03-15,Wise,20.48,success,0
TX0000004,PR000776,FL00153,538317.0,GBP,2024-08-14,Stripe,13.25,success,0
TX0000005,PR000266,FL00199,1015.0,INR,2021-05-29,Stripe,9.07,success,1
TX0000006,PR000768,FL00466,1868.0,USD,,PayPal,11.53,success,0
TX0000007,PR000287,FL00451,,USD,2022-11-10,Payoneer,5.86,success,1
TX0000008,PR001153,FL00053,7634.0,INR,2022-10-22,PayPal,18.4,success,0
TX0000009,PR000062,,2054.0,USD,2023-06-11,Payoneer,8.55,pending,0
TX0000010,PR000959,FL00236,1836.0,GBP,2023-07-28,PayPal,10.64,refunded,0
TX0000011,PR000404,FL00436,-7200.0,GBP,2024-11-04,Bank Transfer,,failed,0
TX0000012,PR000515,FL00386,3039.0,PKR,2024-07-18,Payoneer,9.48,refunded,1
TX0000013,PR000212,FL00271,3499.0,EUR,2024-06-24,Wise,13.63,success,0
TX0000014,PR001103,FL00215,2556.0,GBP,2020-09-12,STRIPE,8.67,success,1
TX0000015,PR000620,FL00373,1448.0,usd,2022-05-09,Bank Transfer,12.91,pending,0
TX0000016,PR000294,FL00205,5857.0,INR,2022-05-02,Bank Transfer,16.59,success,1
TX0000017,PR000089,FL00062,-3191.0,USD,2022-05-26,Crypto,19.4,success,1
TX0000018,PR000740,FL00340,5152.0,EUR,2020-07-31,Wise,15.18,success,0
TX0000019,PR000815,FL00086,4755.0,BDT,2023-07-29,Crypto,9.48,success,1
TX0000020,PR000670,FL00267,1218.0,BDT,2020-05-28,Stripe,19.59,success,0
TX0000021,PR000435,FL00141,1563.0,PKR,2021-09-05,Payoneer,17.96,failed,1
TX0000022,PR000012,FL00365,-5850.0,BDT,,PayPal,19.67,success,0
TX0000023,PR000983,FL00374,4603.0,EUR,2022-01-10,Payoneer,6.62,success,0
TX0000024,PR000899,FL00411,6031.0,PKR,2022-09-26,Bank Transfer,,success,0
TX0000025,PR000745,FL00378,,USD,2020-01-04,PayPal,13.76,success,1
TX0000026,PR000939,FL00326,768.0,BDT,2021-07-19,Wise,6.12,success,0
TX0000027,PR001007,,6363.0,GBP,2020-08-06,Stripe,17.07,refunded,1
TX0000028,PR000528,FL00067,3187.0,gbp,2023-01-02,Crypto,18.35,success,1
TX0000029,PR000643,FL00097,2401.0,USD,2021-04-23,PayPal,14.41,pending,1
TX0000030,PR000592,FL00491,4526.0,USD,2022-06-28,PayPal,15.0,pending,1
TX0000031,PR001100,FL00356,4591.0,inr,2024-12-21,Bank Transfer,17.93,success,1
TX0000032,PR000379,FL00056,3961.0,USD,2022-09-06,Bank Transfer,14.35,pending,1
TX0000033,,FL00064,4844.0,USD,2023-06-06,PAYPAL,,refunded,0
TX0000034,PR001163,FL00487,,GBP,2020-01-01,Stripe,19.18,failed,1
TX0000035,PR000389,FL00134,5589.0,USD,2023-09-24,PayPal,20.29,failed,0
TX0000036,PR001046,FL00114,948287.0,USD,2021-07-16,BANK TRANSFER,11.55,refunded,0
TX0000037,PR000333,FL00070,7958.0,INR,2022-05-10,PayPal,9.25,success,1
TX0000038,PR001090,FL00479,5909.0,GBP,2024-11-24,Bank Transfer,18.55,success,0
TX0000039,,FL00045,,PKR,2022-01-21,Bank Transfer,6.47,success,0
TX0000040,PR000167,FL00364,2653.0,INR,2024-03-02,PayPal,9.79,success,1
TX0000041,PR001120,FL00448,3704.0,INR,2024-12-27,Wise,9.12,failed,0
TX0000042,PR000879,FL00409,1911.0,EUR,2021-06-19,Payoneer,6.07,success,1
TX0000043,PR000486,FL00168,7290.0,USD,2023-09-04,Payoneer,5.23,failed,1
TX0000044,PR000070,FL00260,1615.0,GBP,2023-10-08,Payoneer,12.94,success,1
TX0000045,PR000654,FL00293,664.0,GBP,2023-03-03,Payoneer,5.87,pending,0
TX0000046,PR000654,FL00434,3671.0,usd,2024-02-05,PayPal,18.08,pending,0
TX0000047,PR000751,FL00206,-729.0,EUR,2021-09-02,Crypto,9.14,pending,0
TX0000048,PR000198,FL00044,6107.0,USD,2021-02-10,Payoneer,6.39,failed,1
TX0000049,PR001117,FL00069,659.0,USD,2023-06-09,Payoneer,13.67,refunded,1
TX0000050,PR000328,FL00049,7107.0,USD,2023-01-06,Crypto,14.91,success,0
TX0000051,PR000657,FL00302,5408.0,GBP,2021-01-28,Stripe,8.82,success,0
TX0000052,PR001196,FL00286,4940.0,USD,2024-03-04,Crypto,16.1,failed,0
TX0000053,PR001051,FL00192,6682.0,GBP,2023-07-11,STRIPE,18.1,success,0
TX0000054,PR000401,FL00407,-6298.0,bdt,,Wise,10.88,pending,0
TX0000055,PR000773,FL00411,7501.0,PKR,2020-08-13,Crypto,15.04,refunded,1
TX0000056,PR000630,FL00236,1332.0,USD,2024-05-18,Stripe,8.75,success,0
TX0000057,PR000483,FL00144,7922.0,USD,2020-10-11,,15.93,success,0
TX0000058,PR000464,FL00176,819.0,USD,2020-02-19,Crypto,9.81,success,1
TX0000059,PR001008,FL00371,554249.0,INR,2020-12-20,Stripe,17.03,pending,1
TX0000060,PR000169,FL00355,5613.0,USD,2024-03-12,PayPal,18.44,success,0
TX0000061,PR000054,FL00142,3225.0,INR,2023-08-13,Crypto,14.76,success,1
TX0000062,PR000018,FL00492,5421.0,USD,2024-11-16,PayPal,16.17,success,0
TX0000063,PR000848,FL00004,4765.0,EUR,2020-10-26,Wise,6.16,refunded,0
TX0000064,PR000188,FL00414,3646.0,PKR,2024-06-11,CRYPTO,14.03,pending,0
TX0000065,PR000477,FL00429,5330.0,usd,2024-02-17,Wise,13.87,pending,1
TX0000066,PR000773,,484.0,GBP,2024-09-06,Crypto,,pending,0
TX0000067,PR000305,FL00438,1458.0,INR,2022-02-02,Payoneer,10.52,pending,0
TX0000068,PR000257,FL00225,6454.0,USD,2022-02-11,Bank Transfer,14.1,refunded,1
TX0000069,PR000945,FL00257,3347.0,USD,2021-06-22,Stripe,14.12,success,1
TX0000070,PR000745,FL00243,3622.0,PKR,2022-08-05,Stripe,13.43,pending,0
TX0000071,PR000470,FL00034,514.0,INR,2021-04-13,Stripe,17.77,pending,0
TX0000072,PR000474,FL00343,414.0,USD,2023-05-21,PayPal,17.67,success,0
TX0000073,PR000747,FL00444,2509.0,USD,2023-06-10,Payoneer,20.26,success,1
TX0000074,,FL00153,,inr,2023-07-18,PayPal,12.76,success,0
TX0000075,PR000819,,3559.0,BDT,2023-05-18,Stripe,11.98,failed,0
TX0000076,PR000964,FL00015,5444.0,USD,2024-04-16,PayPal,7.47,failed,1
TX0000077,PR000818,FL00256,409603.0,GBP,2020-12-11,PayPal,5.69,success,1
TX0000078,PR000017,FL00406,4441.0,USD,2024-03-15,Wise,13.35,success,1
TX0000079,PR000544,FL00397,3971.0,gbp,2024-07-05,Stripe,9.03,success,1
TX0000080,PR000509,FL00176,1295.0,USD,2023-08-12,Crypto,14.09,failed,0
TX0000081,PR000240,FL00147,6003.0,GBP,2023-10-23,Wise,12.42,failed,1
TX0000082,PR000660,FL00193,1448.0,PKR,2022-12-31,PayPal,19.01,success,1
TX0000083,PR000994,FL00098,3800.0,USD,2020-07-30,Wise,19.04,success,0
TX0000084,PR000177,FL00339,6150.0,INR,2024-08-11,Crypto,9.03,success,0
TX0000085,PR001199,FL00301,5386.0,GBP,2020-01-08,Crypto,15.8,pending,1
TX0000086,PR000873,FL00097,4184.0,BDT,2022-09-06,Stripe,14.82,success,0
TX0000087,PR000796,FL00116,6093.0,EUR,2022-01-23,Bank Transfer,10.16,success,1
TX0000088,PR001158,FL00062,6396.0,INR,2022-09-20,Bank Transfer,19.38,failed,0
TX0000089,PR001136,FL00391,6910.0,EUR,2020-08-11,Bank Transfer,13.36,success,0
TX0000090,PR000509,FL00335,4351.0,GBP,2023-08-16,Crypto,18.94,success,1
TX0000091,PR000939,FL00155,1059.0,,,,6.25,refunded,0
TX0000092,PR000665,FL00498,5253.0,PKR,2021-03-30,Stripe,,success,0
TX0000093,PR001035,FL00156,5780.0,INR,2024-02-10,Crypto,20.03,success,0
TX0000094,PR001053,,1075.0,USD,2023-11-04,Crypto,20.59,success,0
TX0000095,PR000397,FL00102,-1114.0,USD,2021-07-24,Wise,11.86,pending,0
TX0000096,PR000544,FL00490,7355.0,GBP,,PayPal,14.35,failed,0
TX0000097,PR000764,FL00007,7291.0,PKR,2024-05-12,Crypto,13.09,refunded,0
TX0000098,PR000365,FL00478,-3749.0,USD,2020-05-18,Stripe,19.83,refunded,1
TX0000099,PR000594,FL00169,7088.0,USD,2022-08-14,PAYONEER,17.29,success,1
TX0000100,PR000930,FL00020,893.0,INR,2023-10-13,Crypto,18.73,success,1
TX0000101,PR000551,FL00066,666.0,USD,2022-02-11,Stripe,17.72,success,0
TX0000102,PR000642,FL00337,2235.0,USD,2021-11-19,Bank Transfer,13.45,success,1
TX0000103,PR000018,FL00352,7563.0,INR,2021-03-17,Bank Transfer,18.0,refunded,1
TX0000104,PR000593,FL00397,6720.0,PKR,,Wise,17.86,refunded,0
TX0000105,PR000916,FL00429,1690.0,USD,2024-08-13,Crypto,7.55,pending,1
TX0000106,PR000952,FL00317,5438.0,USD,2021-06-27,Crypto,12.89,failed,0
TX0000107,PR000101,FL00260,-7758.0,USD,2022-12-18,PayPal,7.37,failed,0
TX0000108,PR000247,FL00499,-583.0,GBP,2023-01-20,Bank Transfer,8.88,success,1
TX0000109,PR001006,FL00208,,GBP,2022-06-02,PayPal,19.66,success,0
TX0000110,,FL00476,621.0,bdt,2024-12-02,Bank Transfer,15.7,pending,0
TX0000111,PR001003,FL00063,3959.0,USD,2022-05-28,Payoneer,16.27,failed,0
TX0000112,PR001094,FL00463,304.0,EUR,2022-10-10,Stripe,,success,0
TX0000113,PR000256,FL00386,7533.0,BDT,2020-02-26,Wise,16.98,success,0
TX0000114,PR001022,FL00418,7539.0,INR,2021-09-18,Payoneer,11.34,success,0
TX0000115,PR000993,FL00369,2226.0,USD,2023-12-28,WISE,10.71,success,1
TX0000116,PR001045,FL00330,4689.0,GBP,2024-08-12,Stripe,9.8,failed,1
TX0000117,PR000378,FL00012,3622.0,,2023-06-01,,,pending,1
TX0000118,PR001013,FL00205,-2245.0,usd,2023-02-19,Stripe,10.85,success,1
TX0000119,PR000820,FL00347,598.0,INR,2022-09-29,PayPal,,failed,1
TX0000120,PR001079,FL00448,5078.0,USD,2020-11-23,Crypto,11.01,success,1
TX0000121,PR000754,FL00195,717.0,PKR,2023-01-28,Crypto,11.92,success,0
TX0000122,PR000500,FL00344,6158.0,,2021-10-30,Wise,17.7,failed,0
TX0000123,PR000592,FL00242,762.0,USD,2023-04-30,Crypto,16.48,success,1
TX0000124,PR001114,FL00384,6270.0,,2023-03-11,Payoneer,6.79,refunded,0
TX0000125,PR000429,,7642.0,PKR,2022-06-08,Payoneer,7.66,failed,0
TX0000126,PR000438,FL00385,428.0,USD,2020-09-23,Wise,5.85,pending,0
TX0000127,PR000362,,4533.0,EUR,2021-12-23,Payoneer,12.73,success,0
TX0000128,,,456.0,INR,2023-01-06,Wise,,failed,0
TX0000129,PR000860,FL00247,2300.0,GBP,2020-05-10,Bank Transfer,6.07,failed,1
TX0000130,PR000217,FL00186,2202.0,USD,2021-05-12,Wise,18.91,success,0
TX0000131,PR000493,FL00184,451458.0,USD,2023-12-10,,16.88,failed,0
TX0000132,PR000414,FL00425,5754.0,PKR,2021-04-22,Stripe,17.24,success,0
TX0000133,PR001192,FL00396,1474.0,EUR,2020-03-17,Payoneer,20.87,refunded,1
TX0000134,PR001125,FL00239,591.0,PKR,2023-09-02,Crypto,10.26,success,0
TX0000135,PR000072,FL00480,3677.0,GBP,2020-12-31,Wise,18.82,success,1
TX0000136,PR000454,FL00212,4410.0,,2024-09-23,Payoneer,5.06,success,0
TX0000137,PR001139,FL00476,958.0,PKR,2020-04-02,,10.03,success,1
TX0000138,PR000843,FL00013,4748.0,USD,2022-12-16,Crypto,12.15,success,1
TX0000139,PR000107,FL00462,1302.0,USD,2023-01-16,Wise,17.04,pending,1
TX0000140,PR001049,FL00258,2103.0,PKR,2023-06-01,PayPal,,pending,0
TX0000141,PR000034,FL00429,1441.0,PKR,2024-01-18,Crypto,11.7,success,0
TX0000142,,FL00137,6168.0,GBP,2024-03-22,CRYPTO,15.96,success,1
TX0000143,PR000299,FL00135,6282.0,USD,2022-07-09,Crypto,15.27,success,0
TX0000144,,FL00196,639.0,INR,2021-01-08,Stripe,13.62,success,1
TX0000145,PR000729,FL00399,1242.0,USD,,Stripe,8.25,pending,0
TX0000146,PR000786,FL00117,5489.0,,2021-08-17,Wise,19.56,failed,0
TX0000147,PR000737,FL00053,6095.0,USD,2024-09-24,Bank Transfer,6.05,success,0
TX0000148,PR000025,FL00431,550.0,,2023-03-07,Stripe,20.51,success,1
TX0000149,PR000954,FL00258,1365.0,GBP,2020-04-23,PayPal,,failed,0
TX0000150,PR000183,FL00163,1351.0,USD,2023-12-24,Wise,20.33,pending,0
TX0000151,PR000440,FL00093,1283.0,PKR,,,14.22,success,1
TX0000152,PR000889,FL00329,,PKR,2022-07-29,Wise,6.5,success,1
TX0000153,PR000359,FL00105,2916.0,USD,2021-12-30,PayPal,8.36,failed,1
TX0000154,PR000494,FL00291,-4762.0,EUR,2022-08-08,Crypto,20.39,success,0
TX0000155,PR000210,FL00217,4598.0,USD,2024-07-13,Wise,11.7,pending,0
TX0000156,PR000312,FL00304,2553.0,USD,2021-11-17,WISE,17.78,refunded,0
TX0000157,PR000880,,826.0,GBP,2021-08-31,Payoneer,10.52,success,0
TX0000158,PR000475,FL00102,5118.0,INR,2024-08-06,Stripe,,success,1
TX0000159,PR000232,FL00402,4998.0,EUR,2020-05-12,Wise,19.27,success,0
TX0000160,PR000380,FL00477,3413.0,BDT,2024-05-03,Wise,,success,0
TX0000161,PR000540,,5737.0,PKR,2020-01-02,Crypto,17.12,refunded,1
TX0000162,PR000086,FL00475,,,2024-10-29,Wise,6.98,failed,1
TX0000163,PR000508,FL00321,1735.0,USD,2024-04-09,Crypto,,success,0
TX0000164,PR001138,FL00360,5124.0,USD,2024-04-07,Bank Transfer,15.65,pending,1
TX0000165,PR000677,FL00091,2231.0,INR,2023-09-25,PayPal,13.77,failed,0
TX0000166,PR000453,FL00008,6923.0,USD,2021-09-22,WISE,17.51,pending,1
TX0000167,PR001123,FL00374,1936.0,GBP,2023-04-28,Payoneer,9.11,success,0
TX0000168,PR000105,FL00196,1230.0,bdt,,Crypto,5.16,success,1
TX0000169,PR000280,FL00181,5786.0,eur,2024-05-06,Crypto,13.67,refunded,0
TX0000170,PR000813,FL00004,2663.0,EUR,2021-01-02,Wise,15.83,success,0
TX0000171,PR000400,FL00144,,PKR,2023-03-19,PayPal,5.72,success,0
TX0000172,PR000986,FL00164,3451.0,BDT,2022-02-26,,13.47,failed,0
TX0000173,PR000024,FL00178,6766.0,INR,2021-08-06,PayPal,15.92,refunded,1
TX0000174,PR000809,FL00423,2027.0,PKR,2024-03-04,,,pending,1
TX0000175,PR001060,FL00106,1823.0,GBP,2022-04-19,Crypto,20.77,pending,1
TX0000176,PR000298,FL00240,4279.0,USD,2024-03-17,PayPal,10.61,success,1
TX0000177,PR000759,FL00089,6764.0,PKR,2024-02-15,Bank Transfer,14.51,pending,1
TX0000178,PR000152,FL00101,6604.0,GBP,2024-08-01,Crypto,10.45,pending,0
TX0000179,PR000063,FL00151,6484.0,USD,2020-12-13,Crypto,9.12,pending,1
TX0000180,PR000745,FL00320,1900.0,GBP,2024-06-18,Stripe,,success,1
TX0000181,PR000911,FL00478,3879.0,,2023-03-10,Payoneer,7.52,success,1
TX0000182,PR001193,FL00269,4763.0,GBP,2023-11-16,Payoneer,6.58,success,0
TX0000183,PR000480,FL00322,825.0,INR,2020-09-10,BANK TRANSFER,7.45,success,1
TX0000184,PR000750,FL00397,,INR,2023-12-26,Payoneer,6.09,success,0
TX0000185,PR001092,FL00186,5554.0,USD,2023-03-30,PayPal,17.11,refunded,0
TX0000186,PR001186,FL00421,4684.0,USD,2022-03-12,Crypto,13.63,success,1
TX0000187,PR000595,FL00170,2582.0,USD,2021-08-07,Wise,13.02,refunded,1
TX0000188,PR000093,FL00072,6832.0,,2024-08-27,Crypto,13.48,success,1
TX0000189,PR000206,FL00165,,EUR,2022-04-15,Wise,20.43,success,1
TX0000190,PR000633,FL00133,3278.0,USD,2024-09-27,Wise,13.86,success,1
TX0000191,PR001057,FL00317,4781.0,PKR,2022-05-18,Stripe,13.06,success,0
TX0000192,PR000080,FL00016,7158.0,INR,2024-03-27,Wise,20.39,refunded,0
TX0000193,PR001007,FL00202,5039.0,PKR,2024-01-28,Crypto,14.49,success,1
TX0000194,PR000614,FL00387,7216.0,EUR,2021-09-11,Wise,13.96,success,0
TX0000195,PR000530,FL00257,2799.0,BDT,2020-12-05,,16.98,pending,0
TX0000196,PR000937,FL00003,7364.0,USD,2022-05-28,Crypto,7.69,success,0
TX0000197,PR000693,FL00497,6135.0,INR,2024-10-19,PAYPAL,20.86,success,0
TX0000198,PR000138,FL00107,6478.0,INR,2020-05-09,Payoneer,8.04,success,1
TX0000199,PR001118,FL00415,669.0,usd,2023-06-14,Crypto,8.72,success,1
TX0000200,PR000991,FL00051,,USD,2020-08-07,PayPal,,failed,1
TX0000201,PR000673,FL00161,5131.0,USD,2024-02-04,Payoneer,10.41,success,1
TX0000202,PR000299,FL00456,3980.0,INR,2021-05-18,Payoneer,17.6,success,1
TX0000203,PR000243,FL00231,3109.0,EUR,,Stripe,15.06,success,1
TX0000204,PR000900,FL00399,103.0,BDT,2021-01-31,PayPal,8.71,success,0
TX0000205,PR000952,FL00182,-2093.0,USD,2020-01-21,PAYONEER,9.77,success,1
TX0000206,PR000898,FL00408,7947.0,PKR,2020-06-19,Crypto,16.8,success,0
TX0000207,PR000611,FL00270,1218.0,USD,2024-10-22,Crypto,8.78,success,1
TX0000208,PR000293,FL00159,5478.0,INR,2024-11-09,Bank Transfer,6.39,success,0
TX0000209,PR000292,FL00408,6779.0,USD,2020-03-29,Bank Transfer,7.4,success,1
TX0000210,PR000824,FL00318,6663.0,USD,2020-05-03,Payoneer,7.17,success,1
TX0000211,PR001105,FL00455,6489.0,USD,2021-04-29,Crypto,5.7,success,0
TX0000212,PR000216,FL00112,7591.0,USD,2021-03-16,PAYONEER,9.86,success,0
TX0000213,,FL00176,4910.0,PKR,2020-09-01,PayPal,14.57,success,1
TX0000214,PR000712,FL00032,6725.0,PKR,2022-10-21,PayPal,16.17,pending,0
TX0000215,PR000957,FL00065,2636.0,INR,2024-08-05,Bank Transfer,10.17,refunded,0
TX0000216,PR000593,FL00210,4938.0,INR,2024-01-13,Bank Transfer,16.81,refunded,1
TX0000217,PR000099,FL00080,-6485.0,BDT,2020-11-20,Crypto,15.62,failed,0
TX0000218,PR000109,FL00292,7112.0,,2020-08-23,PayPal,7.24,success,0
TX0000219,PR001103,FL00283,2495.0,PKR,2022-05-03,Crypto,7.18,success,0
TX0000220,PR000030,FL00131,7523.0,PKR,2020-03-07,Bank Transfer,17.75,success,1
TX0000221,PR000136,,3410.0,USD,2022-01-07,Stripe,19.1,refunded,1
TX0000222,PR000568,FL00477,6275.0,PKR,2021-04-13,Crypto,20.57,refunded,1
TX0000223,PR001012,FL00490,2721.0,INR,2021-07-05,,10.1,refunded,1
TX0000224,PR000031,FL00489,242.0,BDT,2023-12-31,Wise,6.2,success,0
TX0000225,PR000482,FL00248,5301.0,,2024-05-08,Stripe,19.07,success,1
TX0000226,PR000126,FL00095,272.0,PKR,2023-03-07,PayPal,19.98,failed,0
TX0000227,PR000014,FL00095,4382.0,USD,2022-08-30,PayPal,7.06,success,0
TX0000228,PR000595,FL00033,5468.0,PKR,2024-06-21,Stripe,19.61,success,1
TX0000229,PR000616,FL00473,7507.0,PKR,2023-05-05,PayPal,18.66,failed,0
TX0000230,PR000914,FL00211,5091.0,USD,2020-04-14,Payoneer,,pending,0
TX0000231,PR000088,FL00108,2548.0,EUR,2020-05-23,PAYPAL,20.51,success,0
TX0000232,,FL00385,2887.0,GBP,2021-04-18,Stripe,12.65,success,1
TX0000233,PR000924,FL00042,1674.0,GBP,2021-05-30,Payoneer,20.23,success,1
TX0000234,PR000590,FL00291,5556.0,USD,2022-07-05,Wise,12.26,pending,0
TX0000235,PR000699,FL00055,6903.0,USD,2020-02-20,Bank Transfer,6.07,pending,0
TX0000236,PR000318,FL00420,6187.0,INR,2023-07-01,Stripe,12.89,success,0
TX0000237,PR000159,FL00357,6810.0,USD,2021-10-04,Wise,12.82,pending,0
TX0000238,PR000792,FL00434,1281.0,GBP,2023-01-24,Crypto,16.09,pending,1
TX0000239,PR000078,FL00314,4266.0,BDT,,PayPal,18.1,success,1
TX0000240,PR001063,,739271.0,PKR,2020-08-03,CRYPTO,16.45,success,0
TX0000241,PR000635,FL00331,7034.0,INR,2023-04-29,Crypto,15.21,success,1
TX0000242,PR000535,FL00126,5280.0,GBP,2020-12-31,Payoneer,7.04,refunded,0
TX0000243,PR000048,FL00278,386044.0,USD,2024-04-30,PayPal,12.34,refunded,0
TX0000244,PR000573,FL00212,5739.0,USD,2022-11-07,Bank Transfer,20.54,success,0
TX0000245,PR000433,FL00029,2880.0,BDT,2024-04-28,Payoneer,18.1,refunded,1
TX0000246,PR000070,FL00045,4423.0,INR,2024-05-14,Wise,12.7,pending,0
TX0000247,PR001172,FL00222,3019.0,INR,2020-10-10,Wise,,pending,0
TX0000248,PR000690,FL00486,653408.0,BDT,2023-11-01,Stripe,10.87,success,1
TX0000249,PR000501,FL00261,7117.0,USD,2021-02-04,Bank Transfer,18.71,success,1
TX0000250,PR000384,FL00158,6062.0,BDT,2021-01-17,Payoneer,6.51,refunded,0
TX0000251,PR000455,FL00442,345.0,EUR,2022-12-18,Bank Transfer,8.95,success,0
TX0000252,PR000933,FL00122,3645.0,USD,2022-07-19,Stripe,20.24,success,1
TX0000253,PR000976,FL00385,,USD,2023-11-19,PayPal,10.33,success,1
TX0000254,PR000304,FL00144,7628.0,INR,2023-09-05,Wise,12.96,success,0
TX0000255,PR000270,FL00083,3698.0,USD,2021-02-06,,13.36,success,0
TX0000256,PR000379,FL00421,7933.0,USD,2022-10-21,PayPal,13.29,failed,0
TX0000257,PR000299,FL00327,1282.0,INR,2023-03-15,Crypto,20.43,refunded,1
TX0000258,PR001184,FL00129,7957.0,USD,2020-01-07,Crypto,17.56,pending,0
TX0000259,PR000541,FL00382,7454.0,PKR,2023-10-11,Bank Transfer,10.66,refunded,0
TX0000260,PR000573,FL00410,701.0,EUR,2024-02-04,PayPal,14.99,pending,1
TX0000261,PR000611,FL00085,5586.0,INR,2021-04-01,Payoneer,,success,0
TX0000262,PR000675,FL00035,6102.0,bdt,2022-02-09,Crypto,19.42,success,0
TX0000263,PR000571,FL00284,294.0,PKR,2024-04-29,Crypto,5.73,success,1
TX0000264,PR000269,FL00399,2253.0,BDT,2022-10-29,Bank Transfer,12.74,pending,1
TX0000265,PR000278,FL00018,329.0,USD,2021-08-13,Stripe,10.97,success,0
TX0000266,PR001064,FL00466,6667.0,BDT,2022-04-21,PayPal,11.74,pending,1
TX0000267,PR000170,FL00273,5172.0,USD,2023-06-27,Bank Transfer,,pending,0
TX0000268,PR000104,FL00228,4512.0,USD,2021-10-13,Bank Transfer,14.61,failed,1
TX0000269,,,3418.0,GBP,2023-01-14,Bank Transfer,5.28,refunded,1
TX0000270,PR000761,FL00256,957.0,PKR,2020-09-21,PayPal,18.69,refunded,0
TX0000271,PR000001,FL00070,2616.0,USD,2023-11-05,PayPal,20.04,success,0
TX0000272,PR000766,FL00289,3654.0,PKR,,Bank Transfer,13.98,success,1
TX0000273,PR000535,FL00020,6160.0,INR,2023-10-01,PayPal,14.56,refunded,0
TX0000274,PR000930,FL00318,5779.0,USD,2020-06-19,Payoneer,18.43,refunded,1
TX0000275,PR001051,FL00278,7955.0,BDT,2022-02-21,Crypto,18.22,success,1
TX0000276,PR001045,FL00389,1467.0,INR,2021-06-28,PayPal,10.66,success,0
TX0000277,PR000323,FL00231,2720.0,GBP,2020-01-18,,15.53,success,1
TX0000278,PR000976,FL00313,5337.0,USD,2022-02-27,Wise,9.89,success,0
TX0000279,PR000645,FL00445,1750.0,USD,2020-11-02,PayPal,17.32,refunded,1
TX0000280,PR000976,FL00473,5950.0,USD,2020-01-24,Stripe,14.8,failed,1
TX0000281,PR000045,FL00085,,usd,2024-06-19,Payoneer,6.59,pending,0
TX0000282,PR000116,FL00325,60.0,GBP,2021-02-07,Crypto,7.68,pending,0
TX0000283,PR000293,FL00240,7841.0,EUR,2024-06-20,PayPal,16.63,pending,1
TX0000284,PR000155,FL00377,4556.0,INR,2021-12-01,,10.7,pending,0
TX0000285,PR000111,FL00369,5894.0,BDT,2021-07-25,PayPal,5.86,success,0
TX0000286,PR000171,FL00244,7858.0,BDT,2022-09-20,Stripe,9.54,success,0
TX0000287,PR000697,FL00005,5178.0,USD,2021-03-03,Bank Transfer,11.96,pending,1
TX0000288,PR000405,FL00003,2848.0,INR,2021-01-16,Stripe,7.96,success,0
TX0000289,PR000687,FL00022,7940.0,BDT,2024-05-30,Stripe,15.05,success,0
TX0000290,PR001121,,871.0,EUR,2020-09-20,PayPal,10.4,failed,0
TX0000291,PR001029,FL00031,4994.0,gbp,,Bank Transfer,12.44,refunded,1
TX0000292,PR001034,FL00473,2266.0,PKR,2020-01-05,PayPal,10.06,success,1
TX0000293,PR000112,FL00405,4781.0,BDT,,PayPal,18.49,success,0
TX0000294,PR000151,FL00030,2059.0,EUR,2021-12-26,Wise,13.61,pending,0
TX0000295,PR000787,FL00406,1553.0,USD,2021-07-04,Crypto,19.98,pending,0
TX0000296,PR000496,FL00333,496599.0,USD,2022-08-19,,8.42,success,0
TX0000297,PR000297,FL00397,7379.0,usd,2021-07-25,Payoneer,6.84,refunded,1
TX0000298,PR000300,FL00393,5876.0,USD,2023-10-06,Crypto,5.04,success,1
TX0000299,PR001041,FL00411,1085.0,BDT,2023-05-25,Wise,18.82,success,1
TX0000300,PR000954,FL00141,7233.0,GBP,2020-01-28,Wise,7.4,failed,0
TX0000301,PR000452,FL00477,4763.0,USD,2022-08-01,Bank Transfer,9.98,failed,1
TX0000302,PR000545,FL00402,6591.0,EUR,2024-12-13,Wise,13.81,refunded,0
TX0000303,PR000939,FL00130,6543.0,USD,2020-09-05,Wise,11.65,pending,1
TX0000304,PR000168,FL00499,5401.0,BDT,2024-12-25,Wise,8.37,success,1
TX0000305,PR000535,FL00387,7718.0,GBP,2020-10-08,Wise,12.86,success,1
TX0000306,PR000457,FL00462,5873.0,BDT,2023-11-21,Crypto,12.87,failed,1
TX0000307,PR001120,FL00192,7937.0,GBP,2021-06-16,Stripe,,success,0
TX0000308,PR000153,FL00178,6752.0,GBP,2023-03-05,Wise,18.56,success,0
TX0000309,PR000581,FL00484,3177.0,INR,2023-03-13,Payoneer,15.38,success,0
TX0000310,PR000577,FL00110,4227.0,BDT,2023-11-06,Crypto,16.68,failed,1
TX0000311,PR000209,,1169.0,BDT,2020-08-16,Stripe,7.73,refunded,1
TX0000312,,FL00222,2653.0,USD,,Wise,8.4,pending,0
TX0000313,PR000476,FL00308,7436.0,GBP,2023-06-10,Crypto,12.15,refunded,1
TX0000314,PR001010,FL00175,2646.0,BDT,2021-12-13,Wise,15.14,success,0
TX0000315,PR000186,FL00392,6884.0,USD,2022-04-30,Crypto,14.69,success,0
TX0000316,PR000087,FL00167,7150.0,GBP,2023-02-26,Crypto,19.81,pending,1
TX0000317,PR000036,FL00180,6484.0,USD,2021-02-14,Payoneer,7.65,failed,1
TX0000318,PR000009,FL00098,4106.0,USD,2024-05-05,Stripe,20.42,success,0
TX0000319,PR001092,FL00208,6039.0,USD,2022-07-17,Stripe,15.36,success,0
TX0000320,PR001108,FL00322,6261.0,USD,2024-09-15,Crypto,17.31,success,0
TX0000321,PR001078,FL00229,,PKR,2023-09-23,PayPal,11.88,success,1
TX0000322,PR000096,FL00016,6430.0,GBP,2023-10-04,Stripe,10.17,failed,1
TX0000323,PR000854,FL00393,2101.0,GBP,2022-06-27,Stripe,16.57,refunded,0
TX0000324,PR000073,FL00483,2986.0,USD,2023-02-20,Crypto,10.37,success,1
TX0000325,PR000871,FL00105,6268.0,INR,,Wise,18.86,success,0
TX0000326,PR000080,FL00171,3923.0,PKR,2020-08-29,Stripe,12.02,success,1
TX0000327,PR001042,,1357.0,USD,2024-01-22,Bank Transfer,8.87,success,0
TX0000328,PR000159,FL00479,7990.0,USD,2021-04-19,PAYONEER,8.6,success,1
TX0000329,PR001069,FL00327,,INR,2020-03-03,Stripe,6.95,pending,1
TX0000330,PR000870,FL00413,-6147.0,GBP,2022-11-09,Bank Transfer,14.19,success,1
TX0000331,PR000151,FL00262,7590.0,INR,2024-12-28,PayPal,13.5,pending,1
TX0000332,PR001123,FL00077,2353.0,USD,2024-04-09,Crypto,13.7,success,1
TX0000333,PR000860,FL00437,5215.0,PKR,2024-12-16,Stripe,8.36,failed,0
TX0000334,PR000693,FL00161,1162.0,USD,2024-09-30,Wise,6.5,failed,0
TX0000335,PR000045,FL00296,1996.0,USD,2021-01-04,Crypto,14.88,refunded,1
TX0000336,PR001160,FL00121,7118.0,BDT,2020-07-04,Payoneer,,failed,1
TX0000337,PR000596,FL00297,4333.0,EUR,2022-07-15,Crypto,18.68,success,1
TX0000338,PR000428,FL00346,5045.0,EUR,2021-01-16,Stripe,18.44,failed,1
TX0000339,,FL00108,5758.0,USD,2024-06-12,PayPal,6.98,success,0
TX0000340,PR000433,FL00066,5241.0,USD,2022-01-04,PAYONEER,13.31,pending,0
TX0000341,,FL00499,4484.0,USD,2023-11-02,,20.46,refunded,0
TX0000342,PR000301,FL00259,497.0,INR,2021-04-21,Wise,6.14,failed,0
TX0000343,PR001193,,4249.0,BDT,2020-11-13,Bank Transfer,16.9,pending,1
TX0000344,PR000671,FL00118,7018.0,EUR,2021-07-20,Bank Transfer,7.06,success,0
TX0000345,PR000947,FL00377,5897.0,USD,2024-03-15,Stripe,11.38,success,0
TX0000346,PR000662,FL00367,5715.0,USD,2021-04-07,Bank Transfer,17.66,success,0
TX0000347,PR000009,FL00248,4918.0,USD,2020-12-18,PayPal,20.03,success,1
TX0000348,PR000892,FL00214,948.0,BDT,,Crypto,20.07,success,0
TX0000349,PR000299,FL00222,807.0,EUR,2024-05-20,,8.62,refunded,1
TX0000350,PR000159,FL00207,2270.0,BDT,2023-06-20,Payoneer,14.68,success,1
TX0000351,PR000768,FL00074,6430.0,GBP,2022-08-09,Bank Transfer,20.25,failed,0
TX0000352,PR000583,FL00250,6666.0,GBP,2021-07-29,Crypto,,success,0
TX0000353,PR000364,FL00098,4803.0,INR,,Payoneer,8.72,pending,0
TX0000354,,FL00176,2143.0,EUR,2021-11-03,Crypto,17.18,success,1
TX0000355,PR001036,FL00241,4203.0,USD,2023-06-07,Crypto,14.06,pending,0
TX0000356,PR001008,FL00120,3056.0,PKR,2021-12-27,Wise,16.52,success,1
TX0000357,PR000030,FL00468,823.0,EUR,2024-08-22,PayPal,16.07,refunded,1
TX0000358,PR000362,FL00369,6800.0,PKR,2023-08-08,Crypto,,failed,1
TX0000359,PR000081,FL00045,5181.0,EUR,2021-03-30,Crypto,11.66,pending,0
TX0000360,PR000386,FL00017,4142.0,USD,2024-12-31,Stripe,14.27,success,0
TX0000361,PR000284,FL00040,1780.0,USD,2024-02-20,Bank Transfer,19.1,success,0
TX0000362,PR000652,FL00189,6726.0,EUR,,Crypto,8.11,success,0
TX0000363,PR000613,FL00388,5959.0,GBP,2023-03-24,Wise,5.44,failed,1
TX0000364,PR000892,FL00161,1041.0,USD,2024-09-16,PayPal,9.96,success,0
TX0000365,PR001012,FL00181,583517.0,BDT,2021-02-09,Stripe,19.47,failed,0
TX0000366,PR000403,FL00087,6080.0,PKR,2022-07-16,Stripe,14.31,success,1
TX0000367,PR000132,FL00168,7807.0,USD,2022-06-19,Stripe,9.22,success,0
TX0000368,PR000525,FL00068,1660.0,GBP,2024-02-21,STRIPE,11.67,failed,0
TX0000369,PR000461,FL00413,7038.0,GBP,2021-07-05,Bank Transfer,16.34,pending,1
TX0000370,PR000094,FL00184,1522.0,USD,2024-07-31,Crypto,11.84,success,1
TX0000371,PR000716,FL00106,1422.0,USD,2024-05-07,Stripe,14.35,pending,0
TX0000372,PR000088,FL00235,1089.0,USD,2021-04-02,Wise,13.89,refunded,1
TX0000373,PR000470,FL00263,6557.0,INR,2024-12-15,Bank Transfer,6.95,pending,1
TX0000374,PR000924,FL00227,,EUR,2021-03-15,Stripe,,success,1
TX0000375,PR000208,FL00451,2758.0,USD,2020-02-03,Bank Transfer,10.1,pending,0
TX0000376,PR000857,FL00160,3939.0,EUR,2021-07-22,PayPal,17.18,failed,1
TX0000377,PR000147,FL00433,4302.0,GBP,,Payoneer,12.95,success,1
TX0000378,PR000928,FL00322,1527.0,BDT,2021-03-12,PayPal,7.36,success,0
TX0000379,PR000189,FL00009,1978.0,PKR,2022-06-03,Payoneer,19.78,pending,1
TX0000380,PR000419,FL00037,7319.0,EUR,2022-04-11,Bank Transfer,16.48,success,0
TX0000381,PR001101,FL00410,7165.0,EUR,2021-05-30,PayPal,18.73,pending,1
TX0000382,PR000857,FL00096,840.0,EUR,2022-09-29,Bank Transfer,11.56,success,0
TX0000383,PR000355,FL00204,,GBP,2023-04-04,PayPal,9.9,success,0
TX0000384,PR000428,FL00103,4736.0,INR,2023-04-15,Crypto,12.15,pending,1
TX0000385,PR000087,FL00211,6560.0,GBP,2024-07-28,PayPal,12.61,pending,0
TX0000386,PR000088,FL00359,1602.0,EUR,2023-08-31,PayPal,10.82,success,0
TX0000387,PR000695,FL00008,2386.0,GBP,2022-04-18,Wise,11.4,success,0
TX0000388,PR000256,FL00327,2564.0,BDT,2023-04-26,Payoneer,6.28,success,1
TX0000389,PR000868,FL00061,1309.0,,2024-01-12,PayPal,19.94,success,1
TX0000390,PR000925,FL00158,5075.0,BDT,2023-01-31,Stripe,20.25,failed,1
TX0000391,PR000149,FL00344,6692.0,GBP,2020-09-28,Bank Transfer,17.88,success,1
TX0000392,PR001008,FL00440,2843.0,USD,2022-02-23,Stripe,16.08,success,0
TX0000393,PR000310,FL00283,7279.0,GBP,,Bank Transfer,18.1,success,1
TX0000394,PR000559,FL00191,7116.0,BDT,2024-04-21,Bank Transfer,5.59,failed,1
TX0000395,PR000783,,5019.0,PKR,2022-06-18,Stripe,13.58,failed,0
TX0000396,PR000026,FL00355,7354.0,PKR,2023-01-12,Crypto,8.74,failed,1
TX0000397,PR000296,FL00457,4884.0,USD,2022-03-26,Stripe,13.47,pending,0
TX0000398,PR000109,FL00295,5873.0,PKR,2024-06-25,Payoneer,12.6,success,1
TX0000399,PR000571,FL00162,6797.0,usd,2021-08-01,Bank Transfer,10.3,success,1
TX0000400,PR000722,FL00205,3467.0,,2021-10-14,Wise,14.39,success,1
TX0000401,PR000700,FL00196,1461.0,USD,2024-10-16,Wise,,success,1
TX0000402,PR000937,FL00308,2499.0,USD,2021-12-28,PayPal,,refunded,1
TX0000403,PR000383,FL00488,2729.0,usd,2023-08-11,PayPal,8.23,success,1
TX0000404,PR000768,FL00071,2220.0,PKR,2022-04-22,Payoneer,19.53,pending,1
TX0000405,PR001164,FL00236,717726.0,BDT,2020-11-18,PayPal,9.5,pending,1
TX0000406,PR001152,FL00129,1591.0,USD,2021-08-10,Wise,13.25,pending,0
TX0000407,PR000664,FL00253,172167.0,INR,2021-04-10,Bank Transfer,18.24,refunded,1
TX0000408,PR000162,FL00388,750219.0,BDT,2021-10-16,Wise,14.04,refunded,0
TX0000409,PR000314,FL00446,1193.0,GBP,2022-11-07,Stripe,11.86,pending,1
TX0000410,PR000718,FL00231,57.0,GBP,2022-04-23,,17.31,success,1
TX0000411,PR000672,FL00209,1297.0,USD,2020-07-29,Stripe,18.53,pending,1
TX0000412,PR001040,FL00377,7485.0,USD,2023-01-18,Stripe,10.31,refunded,1
TX0000413,PR000173,FL00050,2310.0,,2022-02-09,Crypto,19.7,pending,0
TX0000414,PR000145,FL00488,337.0,USD,2020-05-17,PayPal,17.28,refunded,0
TX0000415,PR000011,FL00334,1946.0,BDT,2020-01-20,Wise,15.41,success,0
TX0000416,PR001153,FL00297,2907.0,INR,2024-11-11,Bank Transfer,19.13,success,1
TX0000417,,FL00440,4558.0,INR,,Bank Transfer,19.08,success,1
TX0000418,PR000247,FL00164,1935.0,USD,,Wise,10.46,success,0
TX0000419,PR000873,FL00024,7674.0,GBP,2020-01-19,Stripe,16.34,success,1
TX0000420,PR000117,FL00420,6553.0,USD,2022-05-17,Crypto,16.01,success,1
TX0000421,,FL00044,433.0,PKR,2021-08-10,PayPal,13.26,failed,1
TX0000422,PR001167,FL00479,3488.0,PKR,2022-11-02,Stripe,15.62,pending,0
TX0000423,PR001158,FL00219,3491.0,USD,2021-11-20,Wise,11.88,pending,0
TX0000424,PR001058,FL00450,7521.0,BDT,2023-12-19,Payoneer,10.54,success,0
TX0000425,PR000163,FL00346,7482.0,USD,2020-10-08,Stripe,17.7,pending,1
TX0000426,PR000881,FL00252,4990.0,USD,2021-09-14,Stripe,13.77,pending,1
TX0000427,PR000937,FL00231,1634.0,EUR,2021-04-09,Wise,17.49,success,1
TX0000428,PR000385,FL00303,3983.0,USD,2021-02-22,Stripe,15.85,success,0
TX0000429,PR000977,FL00162,6026.0,PKR,2021-04-25,Bank Transfer,12.17,success,0
TX0000430,PR000559,FL00360,2753.0,INR,2023-04-08,Payoneer,17.11,success,0
TX0000431,PR000232,FL00468,7951.0,USD,2020-06-23,Crypto,7.19,success,0
TX0000432,PR001140,FL00406,7788.0,PKR,2024-10-02,Crypto,8.08,success,0
TX0000433,PR000394,FL00020,3595.0,inr,2022-12-01,Wise,7.55,success,1
TX0000434,PR001192,FL00333,7674.0,PKR,2023-10-21,Crypto,9.06,success,1
TX0000435,PR000026,FL00284,5663.0,PKR,2024-07-31,Stripe,15.55,success,0
TX0000436,PR000651,FL00004,2532.0,INR,2024-06-18,Wise,16.89,refunded,1
TX0000437,PR000831,FL00408,7014.0,GBP,2023-04-26,PayPal,13.6,success,1
TX0000438,PR000442,FL00021,4178.0,gbp,2021-07-05,Wise,10.08,success,0
TX0000439,PR000328,FL00108,-7863.0,GBP,2024-12-15,CRYPTO,19.65,success,0
TX0000440,PR000763,FL00464,5748.0,BDT,2023-07-08,Stripe,16.11,pending,0
TX0000441,PR001048,FL00248,4095.0,USD,2020-05-31,Wise,19.56,failed,0
TX0000442,PR000839,FL00183,2225.0,INR,,PayPal,5.05,failed,1
TX0000443,PR000894,FL00241,1584.0,USD,2022-04-26,Crypto,8.31,refunded,0
TX0000444,PR000861,FL00010,7488.0,PKR,2023-05-18,PayPal,16.59,success,0
TX0000445,PR000496,FL00499,4158.0,EUR,2021-12-19,Payoneer,17.32,pending,0
TX0000446,PR000095,FL00392,703.0,PKR,2023-04-06,Payoneer,5.63,refunded,1
TX0000447,PR001175,FL00071,3735.0,BDT,2022-08-16,,19.21,success,0
TX0000448,PR000953,FL00071,6225.0,USD,2020-10-02,Bank Transfer,10.82,pending,0
TX0000449,PR000124,FL00206,7295.0,BDT,2022-07-26,Wise,,success,0
TX0000450,PR000358,FL00248,3141.0,USD,2020-08-04,Crypto,17.84,success,0
TX0000451,PR000507,FL00472,6113.0,EUR,2023-04-22,Stripe,18.9,refunded,0
TX0000452,PR000063,FL00325,411777.0,BDT,2024-07-08,Crypto,6.1,success,1
TX0000453,PR000048,FL00362,6987.0,USD,,Payoneer,11.31,pending,0
TX0000454,PR000952,FL00280,5031.0,USD,2021-12-11,Payoneer,17.45,success,0
TX0000455,PR000627,FL00500,5377.0,BDT,2022-11-13,Crypto,8.93,refunded,1
TX0000456,PR000928,FL00139,3799.0,EUR,2022-12-14,Crypto,19.09,success,1
TX0000457,PR000137,FL00445,746.0,BDT,2021-03-13,PAYPAL,17.64,success,0
TX0000458,PR000216,FL00364,1015.0,EUR,2023-05-22,Wise,7.75,success,1
TX0000459,PR000669,FL00311,3710.0,GBP,2022-12-16,Wise,20.12,pending,0
TX0000460,PR000210,FL00488,7531.0,BDT,2023-06-07,Payoneer,11.43,success,0
TX0000461,,FL00375,6569.0,EUR,2022-08-14,PayPal,18.95,refunded,1
TX0000462,PR000019,FL00273,2437.0,INR,2024-09-21,Stripe,19.11,success,1
TX0000463,PR000997,FL00419,4252.0,EUR,2023-03-09,Crypto,13.41,refunded,0
TX0000464,PR001005,FL00448,7374.0,USD,2020-05-26,Stripe,11.22,pending,0
TX0000465,PR000959,FL00331,2139.0,BDT,2024-08-07,Wise,20.44,pending,0
TX0000466,PR000511,FL00046,6751.0,PKR,2022-09-18,PayPal,11.76,refunded,1
TX0000467,PR000730,FL00339,6911.0,BDT,2021-05-16,Wise,8.03,success,1
TX0000468,PR000888,FL00259,1264.0,GBP,2023-08-21,Bank Transfer,15.15,refunded,1
TX0000469,PR001026,FL00264,7865.0,,2020-10-18,Wise,6.6,success,0
TX0000470,PR000414,FL00056,1312.0,INR,2022-04-28,Wise,14.37,success,0
TX0000471,PR000005,FL00042,6445.0,USD,2022-08-24,Crypto,15.69,failed,1
TX0000472,PR000248,FL00129,4426.0,,,Crypto,7.03,refunded,0
TX0000473,PR000772,FL00201,-1145.0,USD,2020-01-28,Crypto,,success,0
TX0000474,PR001025,FL00038,2796.0,EUR,2021-05-18,Crypto,20.62,refunded,1
TX0000475,PR000327,,6629.0,PKR,2020-01-04,PayPal,,failed,1
TX0000476,PR000326,,6609.0,EUR,2024-02-25,Stripe,6.4,success,1
TX0000477,PR000274,FL00230,314.0,USD,2023-11-27,Payoneer,13.13,refunded,1
TX0000478,PR000616,FL00463,4088.0,USD,2024-07-17,Stripe,5.85,refunded,0
TX0000479,PR000266,FL00447,3569.0,EUR,2023-08-15,Payoneer,9.5,success,1
TX0000480,PR001071,FL00025,6287.0,EUR,2024-01-17,,12.53,pending,1
TX0000481,PR001056,FL00121,2909.0,usd,2020-06-14,Bank Transfer,16.56,success,1
TX0000482,PR000862,FL00411,,USD,2020-06-02,PayPal,17.22,success,1
TX0000483,PR000035,FL00464,914.0,USD,2022-07-27,Wise,6.08,success,0
TX0000484,PR000069,FL00079,6231.0,USD,2024-08-31,Payoneer,12.93,failed,1
TX0000485,PR000844,FL00139,3234.0,USD,2021-11-22,Crypto,12.43,pending,1
TX0000486,PR000487,FL00108,6579.0,USD,2022-08-27,Wise,17.51,success,0
TX0000487,PR000798,FL00334,6016.0,USD,2022-09-17,Bank Transfer,6.66,failed,0
TX0000488,PR000713,FL00275,7730.0,INR,2022-04-30,Wise,16.48,failed,0
TX0000489,PR000586,FL00457,1281.0,INR,2020-08-27,Bank Transfer,,success,0
TX0000490,PR000570,FL00134,6808.0,GBP,2024-03-09,PayPal,,success,0
TX0000491,PR000414,FL00412,968.0,USD,2024-09-17,PayPal,18.25,success,1
TX0000492,PR000836,FL00362,7038.0,USD,2021-09-27,Payoneer,7.45,refunded,0
TX0000493,PR000414,FL00373,5588.0,USD,2024-03-07,CRYPTO,6.92,failed,1
TX0000494,PR001097,FL00039,5208.0,PKR,2020-10-19,Bank Transfer,20.36,success,1
TX0000495,PR000158,FL00029,5578.0,GBP,2021-11-27,Bank Transfer,5.1,failed,1
TX0000496,PR000389,FL00368,3895.0,USD,2022-10-17,PayPal,13.36,success,0
TX0000497,PR001182,FL00384,3579.0,USD,2021-07-04,Bank Transfer,17.07,refunded,0
TX0000498,PR000579,FL00141,2903.0,INR,2020-07-08,Payoneer,15.41,failed,0
TX0000499,PR000406,FL00247,5789.0,USD,2022-12-16,Payoneer,16.57,pending,1
TX0000500,PR000717,FL00499,59.0,GBP,2023-04-21,Wise,9.26,success,1
TX0000501,PR000303,FL00093,3396.0,EUR,2021-04-04,Payoneer,16.22,pending,0
TX0000502,PR000316,FL00150,6112.0,GBP,,PayPal,12.0,pending,0
TX0000503,PR000820,FL00356,6878.0,USD,2023-02-06,Crypto,17.48,success,1
TX0000504,PR000199,FL00055,4743.0,bdt,2021-01-18,Wise,5.58,failed,1
TX0000505,PR001007,FL00177,560944.0,GBP,2022-04-06,PayPal,18.71,failed,0
TX0000506,PR000886,FL00042,3371.0,USD,2020-07-19,PAYONEER,11.69,failed,1
TX0000507,PR000392,,3800.0,PKR,2022-09-11,Bank Transfer,13.19,failed,0
TX0000508,PR001197,FL00002,-5913.0,BDT,2020-09-08,Wise,8.53,success,1
TX0000509,PR000894,FL00446,2180.0,USD,2020-01-07,Payoneer,6.45,success,1
TX0000510,PR000762,FL00233,1417.0,USD,2023-11-09,Wise,10.69,success,0
TX0000511,PR000204,FL00331,7184.0,GBP,2024-06-14,Payoneer,19.64,pending,1
TX0000512,PR001148,FL00279,5736.0,USD,2022-11-26,Crypto,7.31,success,0
TX0000513,PR000114,FL00281,3031.0,USD,2022-06-10,Stripe,10.27,success,1
TX0000514,PR000196,FL00048,464.0,eur,2024-01-17,Crypto,15.8,pending,1
TX0000515,,FL00103,5273.0,GBP,2023-06-16,PayPal,5.76,success,0
TX0000516,PR000977,FL00364,5182.0,INR,2020-04-28,Bank Transfer,17.96,refunded,1
TX0000517,PR000328,FL00073,768420.0,USD,2024-05-28,Payoneer,12.15,failed,0
TX0000518,PR001159,FL00414,7489.0,USD,2023-09-29,Stripe,15.77,refunded,0
TX0000519,PR000871,FL00321,2645.0,BDT,2023-04-20,PayPal,12.82,refunded,1
TX0000520,PR000342,FL00448,7529.0,PKR,2020-12-02,Wise,17.33,success,0
TX0000521,PR000408,FL00088,563392.0,EUR,2022-08-16,PayPal,20.5,success,1
TX0000522,PR000202,FL00220,3246.0,USD,2024-08-20,Wise,19.34,success,0
TX0000523,PR000512,,1514.0,BDT,2021-05-02,Stripe,7.68,failed,1
TX0000524,PR001057,FL00379,,USD,2022-06-07,Bank Transfer,15.18,success,0
TX0000525,PR000210,FL00256,3546.0,USD,2021-12-18,,10.26,success,1
TX0000526,PR000907,FL00033,,EUR,2024-10-15,Crypto,11.68,failed,1
TX0000527,PR000286,FL00212,3071.0,USD,2024-12-24,Stripe,16.52,success,1
TX0000528,PR000945,,1257.0,EUR,,Crypto,7.14,failed,1
TX0000529,PR001096,,2751.0,EUR,2021-03-08,Crypto,11.29,success,0
TX0000530,PR000696,FL00031,3523.0,INR,,Wise,10.48,refunded,0
TX0000531,PR000402,FL00247,4393.0,USD,2021-06-22,PayPal,6.73,refunded,0
TX0000532,PR000666,FL00374,7511.0,INR,2024-12-02,Stripe,14.0,success,1
TX0000533,PR000175,FL00430,745.0,GBP,2023-03-12,Bank Transfer,18.01,success,1
TX0000534,PR000356,FL00282,3651.0,EUR,2021-07-19,Crypto,14.64,success,0
TX0000535,PR000369,FL00413,228.0,GBP,2022-03-23,Payoneer,16.48,success,1
TX0000536,PR001056,FL00248,2471.0,BDT,2022-07-21,Payoneer,6.07,success,1
TX0000537,PR000231,FL00039,1576.0,USD,2023-02-14,Stripe,12.72,success,1
TX0000538,PR000928,FL00264,1536.0,BDT,2021-05-11,Wise,6.02,refunded,1
TX0000539,PR000682,FL00104,4399.0,USD,2020-07-09,,16.95,success,0
TX0000540,PR000147,FL00263,178.0,USD,2023-07-14,PAYPAL,18.63,pending,1
TX0000541,PR000673,FL00317,3305.0,PKR,2021-11-19,Bank Transfer,15.89,success,0
TX0000542,PR000889,FL00121,4011.0,eur,2021-01-05,Crypto,14.82,success,1
TX0000543,PR000978,FL00213,6116.0,USD,2020-12-21,Bank Transfer,11.93,success,0
TX0000544,PR000228,FL00451,7997.0,GBP,2023-01-19,Bank Transfer,12.28,failed,0
TX0000545,PR000655,FL00400,3687.0,PKR,2021-04-21,Crypto,10.71,pending,0
TX0000546,PR000899,FL00084,2858.0,BDT,2022-05-01,Stripe,14.32,success,0
TX0000547,PR000910,FL00088,-1311.0,USD,2023-06-01,,6.48,failed,1
TX0000548,PR001067,FL00269,4390.0,USD,2020-10-29,Payoneer,13.61,failed,1
TX0000549,PR001006,FL00118,1732.0,USD,2023-10-01,PayPal,12.85,refunded,1
TX0000550,PR000084,FL00186,177.0,inr,2022-10-11,Stripe,7.45,success,1
TX0000551,PR000937,FL00145,4002.0,USD,2022-08-28,Payoneer,8.58,refunded,1
TX0000552,PR000276,FL00424,7444.0,BDT,2020-01-17,Bank Transfer,17.11,failed,0
TX0000553,PR000992,FL00380,5950.0,BDT,2023-12-10,Payoneer,10.59,pending,1
TX0000554,PR000918,,3377.0,BDT,2024-06-25,PayPal,6.11,refunded,1
TX0000555,PR000999,FL00116,2465.0,EUR,2020-06-17,Crypto,17.38,success,0
TX0000556,PR000126,FL00454,3321.0,GBP,2021-12-05,PayPal,10.67,success,1
TX0000557,PR000185,FL00203,6708.0,EUR,2022-02-18,Wise,11.69,refunded,1
TX0000558,PR000415,FL00172,1195.0,GBP,2022-03-31,Stripe,11.55,success,1
TX0000559,PR000875,FL00421,,BDT,2024-05-04,Payoneer,5.56,success,0
TX0000560,PR000332,FL00444,564.0,GBP,2023-06-27,PayPal,8.09,success,0
TX0000561,PR000844,FL00056,6235.0,EUR,2021-09-02,Stripe,18.68,success,0
TX0000562,PR000235,FL00061,3108.0,EUR,2023-03-27,Wise,13.01,success,0
TX0000563,PR000060,FL00319,2596.0,GBP,2022-01-17,Wise,9.54,pending,1
TX0000564,PR000119,FL00250,4103.0,USD,2021-08-21,Crypto,5.74,success,1
TX0000565,PR000358,FL00186,2000.0,PKR,2024-06-06,Crypto,14.73,success,1
TX0000566,PR001003,FL00147,6911.0,BDT,2022-04-07,Payoneer,15.28,failed,1
TX0000567,PR001130,FL00012,697480.0,BDT,2022-03-21,Stripe,15.02,success,0
TX0000568,PR000900,FL00110,6411.0,INR,2020-01-10,Stripe,8.25,failed,0
TX0000569,PR000962,FL00041,4362.0,PKR,2021-09-21,Crypto,11.51,pending,1
TX0000570,PR000770,FL00189,4066.0,USD,,Stripe,7.43,success,1
TX0000571,PR000998,FL00137,520.0,USD,2020-08-24,Wise,6.8,refunded,1
TX0000572,PR000899,FL00361,2569.0,BDT,2023-07-07,PayPal,13.93,success,1
TX0000573,PR000372,FL00356,7168.0,PKR,2021-02-03,Stripe,19.95,pending,1
TX0000574,PR000547,FL00248,5319.0,GBP,2020-05-12,Stripe,18.78,failed,0
TX0000575,PR000952,FL00306,3444.0,PKR,2023-11-15,PayPal,19.67,pending,1
TX0000576,PR000265,FL00210,2900.0,USD,2022-03-14,Payoneer,18.52,success,1
TX0000577,PR000323,FL00240,4018.0,USD,2024-12-07,CRYPTO,13.55,success,1
TX0000578,PR001058,FL00355,3076.0,PKR,2020-08-24,PayPal,11.99,success,1
TX0000579,PR001086,FL00064,,GBP,2021-04-10,PayPal,8.13,refunded,0
TX0000580,PR000204,,4088.0,bdt,2023-11-16,,15.04,pending,1
TX0000581,PR000204,FL00128,438.0,USD,2023-08-07,Crypto,7.9,success,1
TX0000582,PR000848,FL00489,2647.0,INR,2020-08-19,PayPal,19.51,success,0
TX0000583,PR000814,FL00127,4074.0,EUR,2024-12-28,Bank Transfer,19.63,pending,0
TX0000584,PR000498,FL00082,4323.0,PKR,2024-10-24,Bank Transfer,19.97,refunded,1
TX0000585,PR000870,FL00437,3015.0,USD,2024-10-21,PayPal,6.15,success,0
TX0000586,PR000978,FL00434,-6473.0,BDT,2024-11-25,Wise,7.65,refunded,0
TX0000587,PR000421,FL00411,3706.0,EUR,2020-09-08,Crypto,11.99,failed,1
TX0000588,PR000803,FL00293,7391.0,BDT,2023-03-23,Crypto,12.65,success,1
TX0000589,PR000719,FL00137,3145.0,BDT,,PayPal,18.84,failed,1
TX0000590,PR000830,FL00130,3132.0,,2022-08-12,Crypto,20.37,pending,1
TX0000591,PR000945,FL00232,3657.0,EUR,2020-08-13,Stripe,11.59,refunded,1
TX0000592,PR000836,FL00064,983.0,INR,2021-10-22,Bank Transfer,,pending,1
TX0000593,PR001015,FL00432,3333.0,BDT,2023-10-15,,11.35,pending,0
TX0000594,PR000671,FL00069,,PKR,2021-01-31,PayPal,17.8,success,0
TX0000595,,FL00410,463.0,EUR,2022-11-29,PayPal,14.66,pending,0
TX0000596,PR000321,FL00123,1458.0,GBP,2022-08-03,PayPal,14.56,success,0
TX0000597,PR001071,,778.0,PKR,2023-07-21,Crypto,8.97,refunded,0
TX0000598,PR000480,FL00290,5161.0,INR,,,10.5,pending,0
TX0000599,PR000251,,,BDT,2021-02-17,PayPal,,success,1
TX0000600,,FL00119,2349.0,PKR,2022-10-14,Stripe,15.56,success,0
TX0000601,PR000858,FL00447,3864.0,EUR,2020-06-07,Wise,11.94,failed,1
TX0000602,PR000551,FL00115,2126.0,USD,2022-06-10,Stripe,15.97,success,0
TX0000603,PR000419,FL00458,5188.0,EUR,2021-11-12,STRIPE,18.91,success,0
TX0000604,PR000835,FL00164,2957.0,USD,2023-07-28,Wise,12.18,success,0
TX0000605,PR001117,FL00413,-658.0,USD,2023-09-08,Bank Transfer,6.88,success,0
TX0000606,PR000184,FL00381,1328.0,INR,2022-11-15,PayPal,5.93,pending,0
TX0000607,PR000402,FL00210,,USD,2024-01-24,PayPal,7.65,pending,0
TX0000608,PR000963,FL00171,2490.0,GBP,2023-07-19,Wise,10.7,pending,0
TX0000609,PR000094,FL00297,7452.0,,2021-04-06,Payoneer,7.04,refunded,0
TX0000610,PR000998,FL00282,4969.0,PKR,2020-03-24,PayPal,16.35,pending,0
TX0000611,PR000538,FL00117,6798.0,USD,2024-02-16,Crypto,15.97,success,0
TX0000612,PR000724,FL00080,,USD,2024-11-30,Bank Transfer,6.53,success,1
TX0000613,PR000761,FL00225,7221.0,USD,2020-01-20,Stripe,10.2,failed,1
TX0000614,PR000174,FL00133,5221.0,USD,2023-05-24,BANK TRANSFER,11.23,success,0
TX0000615,PR000613,FL00231,5025.0,GBP,2020-08-06,Crypto,12.82,success,0
TX0000616,PR000713,,5744.0,BDT,2023-01-13,Wise,17.11,success,0
TX0000617,PR000508,FL00431,-7763.0,USD,2021-04-27,Stripe,18.65,success,1
TX0000618,PR000839,FL00112,6607.0,INR,2022-09-18,Crypto,16.34,pending,1
TX0000619,PR000655,FL00256,6344.0,EUR,2021-09-13,Bank Transfer,19.88,success,1
TX0000620,PR000601,FL00426,3872.0,BDT,2021-07-08,Wise,18.08,pending,0
TX0000621,PR000954,FL00325,6120.0,USD,2022-06-24,Wise,8.26,success,1
TX0000622,PR000064,FL00050,5345.0,USD,2023-11-08,Bank Transfer,19.32,success,1
TX0000623,PR000916,FL00273,7257.0,GBP,2024-01-29,,20.89,success,1
TX0000624,PR000636,FL00452,412.0,GBP,2024-02-08,Wise,5.28,pending,0
TX0000625,PR000973,FL00117,426044.0,PKR,2020-12-25,Payoneer,19.27,failed,1
TX0000626,PR000419,FL00327,2173.0,INR,2024-02-28,Bank Transfer,20.2,refunded,0
TX0000627,PR000780,FL00161,4761.0,INR,,Wise,15.45,success,1
TX0000628,PR000904,FL00487,7559.0,,,Payoneer,,success,0
TX0000629,PR000347,FL00297,6739.0,,2020-12-15,Bank Transfer,13.8,success,1
TX0000630,PR000870,FL00396,3165.0,GBP,2021-11-23,Crypto,16.26,success,0
TX0000631,PR001194,FL00242,6112.0,PKR,2020-11-11,Crypto,11.87,success,0
TX0000632,PR000877,FL00374,6472.0,USD,2024-01-05,Bank Transfer,5.33,failed,0
TX0000633,PR000256,FL00236,2752.0,PKR,2023-05-13,Stripe,17.84,refunded,0
TX0000634,PR000898,FL00295,4585.0,USD,2024-05-31,PayPal,17.59,success,0
TX0000635,PR000270,FL00086,1430.0,INR,2021-07-14,Stripe,5.34,pending,0
TX0000636,PR000677,FL00395,1538.0,EUR,2024-04-06,Bank Transfer,12.51,success,0
TX0000637,PR000346,FL00212,367.0,PKR,2021-02-16,Wise,6.88,refunded,0
TX0000638,PR000127,FL00290,7248.0,BDT,2023-01-18,Crypto,16.45,pending,0
TX0000639,PR000834,FL00062,5337.0,PKR,2023-02-22,,19.86,failed,1
TX0000640,PR001114,,7932.0,INR,2022-11-13,Crypto,8.72,failed,0
TX0000641,PR000164,FL00346,3593.0,PKR,2020-01-11,PayPal,20.06,success,0
TX0000642,PR000737,FL00286,2377.0,INR,2024-08-26,Payoneer,16.46,pending,0
TX0000643,PR000143,FL00317,3805.0,GBP,2021-12-11,Wise,13.71,pending,1
TX0000644,PR000819,FL00400,6589.0,GBP,2024-07-09,Bank Transfer,15.09,failed,1
TX0000645,PR001001,FL00429,4715.0,EUR,2024-10-16,PayPal,,pending,0
TX0000646,PR000300,FL00240,3665.0,INR,2024-05-25,PayPal,17.68,success,0
TX0000647,PR000807,,3165.0,GBP,2020-10-02,PayPal,16.45,success,1
TX0000648,,,246.0,PKR,2021-05-03,Payoneer,,pending,1
TX0000649,PR001018,FL00180,3743.0,USD,2022-06-06,PayPal,19.51,refunded,1
TX0000650,PR001087,FL00049,-7911.0,USD,2022-03-06,Bank Transfer,11.57,refunded,0
TX0000651,PR000098,FL00325,2148.0,EUR,2021-07-12,PayPal,11.85,failed,0
TX0000652,PR000588,FL00101,-1519.0,USD,2022-01-15,Crypto,10.54,failed,1
TX0000653,PR000381,,5125.0,PKR,2024-05-14,Bank Transfer,10.06,success,1
TX0000654,PR000048,FL00261,4023.0,USD,2021-11-24,Stripe,14.31,success,0
TX0000655,PR000562,FL00358,5063.0,BDT,2022-06-11,Crypto,14.56,success,1
TX0000656,PR000020,FL00051,5766.0,PKR,,Stripe,12.43,success,1
TX0000657,PR000345,FL00120,1458.0,GBP,2021-02-12,Payoneer,,pending,0
TX0000658,PR000288,FL00446,6146.0,USD,2023-05-23,Stripe,14.47,refunded,0
TX0000659,PR000289,FL00169,1542.0,GBP,2021-08-05,Crypto,6.57,success,0
TX0000660,PR000701,FL00331,3058.0,GBP,2023-02-06,Bank Transfer,10.43,success,1
TX0000661,PR000030,FL00485,1144.0,EUR,2020-01-20,,14.56,success,1
TX0000662,PR000506,FL00053,6516.0,GBP,2021-05-12,Payoneer,11.54,refunded,1
TX0000663,PR000381,,2915.0,INR,2022-09-03,Payoneer,14.19,success,1
TX0000664,PR000556,FL00270,7785.0,BDT,2020-12-02,PayPal,17.56,pending,0
TX0000665,PR000107,FL00244,2769.0,PKR,2022-08-01,Bank Transfer,5.69,success,0
TX0000666,PR000752,FL00342,1160.0,EUR,2023-04-25,Bank Transfer,10.95,success,1
TX0000667,PR000224,FL00206,3670.0,BDT,2022-06-01,Stripe,13.0,refunded,0
TX0000668,PR000680,FL00277,1737.0,usd,2020-09-13,WISE,10.44,pending,0
TX0000669,PR000692,FL00374,7286.0,EUR,2020-04-19,Bank Transfer,6.58,pending,0
TX0000670,PR000558,FL00410,2152.0,INR,2022-03-06,Crypto,13.87,success,1
TX0000671,PR000145,FL00397,3753.0,,2024-07-20,Bank Transfer,,failed,0
TX0000672,PR000153,FL00116,3729.0,USD,2024-04-25,Crypto,15.39,refunded,0
TX0000673,PR000236,,5270.0,USD,2022-01-17,Wise,11.87,success,0
TX0000674,PR000308,FL00453,4251.0,USD,2022-04-25,CRYPTO,10.62,success,0
TX0000675,PR000864,FL00005,4996.0,USD,2022-04-07,Payoneer,15.34,success,1
TX0000676,PR000106,FL00316,1306.0,INR,2022-03-24,Bank Transfer,13.8,success,1
TX0000677,PR000471,FL00004,1244.0,GBP,2021-12-15,Crypto,8.41,pending,1
TX0000678,PR000726,FL00169,6954.0,INR,2022-10-30,,9.09,pending,1
TX0000679,PR001095,FL00393,354.0,INR,2023-05-07,Crypto,10.19,pending,0
TX0000680,,FL00405,4195.0,USD,2021-11-12,Wise,8.33,pending,1
TX0000681,PR001198,FL00060,2999.0,GBP,2023-03-10,PayPal,6.6,refunded,0
TX0000682,PR000405,,1353.0,GBP,2024-07-18,PayPal,17.03,success,0
TX0000683,PR000362,FL00275,1531.0,INR,2022-04-04,Wise,17.22,failed,0
TX0000684,PR000689,FL00266,148.0,GBP,2023-02-01,Wise,8.08,refunded,0
TX0000685,PR000413,FL00053,2060.0,EUR,2020-04-08,Wise,16.71,success,0
TX0000686,PR000701,FL00090,-1998.0,INR,2022-05-12,Crypto,11.4,success,0
TX0000687,PR000712,FL00410,2003.0,USD,2020-01-28,Stripe,,pending,1
TX0000688,PR000958,FL00350,1951.0,GBP,2020-09-08,PayPal,10.85,failed,1
TX0000689,PR000400,FL00108,954.0,BDT,2023-01-01,Crypto,12.58,pending,0
TX0000690,PR000077,FL00317,411969.0,EUR,2024-01-30,Stripe,13.41,success,1
TX0000691,PR000512,FL00491,7165.0,EUR,2020-04-03,PayPal,17.51,refunded,0
TX0000692,PR000704,FL00373,7923.0,PKR,2021-05-04,PayPal,,pending,0
TX0000693,PR000616,FL00185,2881.0,BDT,2023-02-06,Payoneer,16.85,success,0
TX0000694,PR001148,FL00318,5321.0,EUR,2020-11-28,Bank Transfer,17.6,success,0
TX0000695,PR000367,FL00413,2534.0,INR,2023-09-19,Crypto,5.15,refunded,1
TX0000696,PR001041,FL00248,4013.0,USD,2024-12-04,Crypto,7.88,pending,1
TX0000697,PR000032,FL00046,5355.0,INR,2020-07-24,PayPal,5.31,pending,1
TX0000698,PR001062,FL00289,5049.0,BDT,2022-01-20,Crypto,8.9,failed,0
TX0000699,PR000861,FL00160,358.0,USD,2020-03-04,Stripe,9.71,success,1
TX0000700,PR000996,FL00053,2813.0,INR,2022-01-31,PayPal,14.13,refunded,0
TX0000701,PR000355,FL00037,7689.0,BDT,2022-10-01,PayPal,20.54,success,1
TX0000702,PR000523,FL00189,764.0,BDT,2024-05-03,PayPal,15.55,refunded,1
TX0000703,PR000234,FL00119,2048.0,BDT,2024-12-06,Bank Transfer,8.29,success,1
TX0000704,PR000239,FL00013,5581.0,USD,2022-07-15,Bank Transfer,17.17,refunded,0
TX0000705,PR000650,FL00015,5190.0,GBP,2020-10-07,Bank Transfer,7.25,success,1
TX0000706,PR000552,FL00335,1588.0,PKR,2024-02-09,Wise,,success,1
TX0000707,,FL00333,6690.0,PKR,2024-11-08,PayPal,14.98,pending,0
TX0000708,PR000141,FL00083,3472.0,EUR,2022-01-25,Payoneer,19.05,success,1
TX0000709,PR000977,FL00435,3718.0,USD,2020-11-17,Bank Transfer,11.95,failed,1
TX0000710,PR000319,FL00381,124.0,GBP,2024-01-20,Payoneer,,success,1
TX0000711,PR000375,FL00204,3700.0,EUR,2023-03-03,Payoneer,13.62,success,0
TX0000712,PR000779,FL00238,335.0,EUR,2021-02-04,Wise,20.42,success,1
TX0000713,PR000657,FL00224,2925.0,GBP,2023-08-25,Stripe,12.88,success,1
TX0000714,PR000838,FL00195,6782.0,INR,2023-11-16,Crypto,10.63,success,1
TX0000715,PR001117,FL00387,110.0,usd,2020-06-06,PayPal,6.53,failed,0
TX0000716,PR000144,FL00351,7635.0,BDT,2023-04-18,Crypto,10.74,success,1
TX0000717,PR001174,FL00108,3482.0,PKR,2023-07-10,PayPal,10.7,success,1
TX0000718,PR000729,FL00356,739389.0,EUR,2020-12-12,Bank Transfer,11.21,success,0
TX0000719,PR000838,FL00446,-2122.0,USD,2024-03-30,Wise,11.77,success,0
TX0000720,PR000975,FL00457,3542.0,USD,2023-10-28,,14.5,refunded,1
TX0000721,PR000037,FL00019,2839.0,PKR,,Payoneer,11.74,failed,0
TX0000722,PR000681,FL00099,7437.0,PKR,2021-03-16,PayPal,10.68,success,1
TX0000723,PR000459,FL00128,6236.0,USD,2024-07-29,Payoneer,14.38,success,0
TX0000724,PR000825,FL00447,6245.0,USD,2022-02-15,Payoneer,7.31,pending,1
TX0000725,PR000554,FL00302,5700.0,GBP,2022-07-15,PayPal,14.65,refunded,1
TX0000726,PR001038,FL00258,493.0,INR,2021-10-15,PayPal,18.96,refunded,1
TX0000727,PR000098,FL00273,7421.0,INR,2020-07-04,,15.62,success,0
TX0000728,PR000787,FL00230,3461.0,BDT,2023-02-04,Wise,9.26,pending,1
TX0000729,PR000873,FL00021,-7090.0,USD,2024-09-22,PayPal,5.35,failed,0
TX0000730,PR000797,FL00128,6040.0,USD,2022-01-12,Wise,6.11,failed,1
TX0000731,PR000970,FL00273,5565.0,USD,2022-09-04,Payoneer,16.02,success,0
TX0000732,PR000914,FL00337,2951.0,BDT,2020-08-07,Stripe,5.02,success,1
TX0000733,,FL00489,4659.0,EUR,2020-03-21,,17.72,failed,0
TX0000734,PR000951,FL00296,482.0,INR,2022-08-27,Bank Transfer,9.57,success,1
TX0000735,PR000990,FL00128,5118.0,BDT,2020-03-05,Payoneer,5.64,pending,0
TX0000736,PR000526,FL00303,3664.0,USD,2022-10-04,PayPal,14.84,failed,0
TX0000737,PR000227,FL00325,3695.0,USD,2022-04-14,Stripe,7.21,success,0
TX0000738,PR001012,FL00076,7022.0,BDT,2021-11-19,Stripe,,success,1
TX0000739,PR001001,FL00308,6357.0,GBP,2021-12-16,PayPal,6.69,failed,0
TX0000740,PR000237,FL00137,-3832.0,USD,2021-09-21,Stripe,7.78,success,1
TX0000741,PR001013,FL00436,5843.0,USD,2020-04-22,Payoneer,11.8,success,0
TX0000742,PR000400,FL00430,2551.0,USD,2020-11-02,Wise,12.23,failed,1
TX0000743,PR000369,FL00491,7006.0,USD,2022-08-28,Wise,7.71,refunded,1
TX0000744,PR000123,FL00230,5722.0,PKR,2024-10-16,Wise,16.91,pending,0
TX0000745,PR000701,FL00465,2078.0,PKR,2023-02-23,Crypto,19.69,pending,0
TX0000746,PR000909,FL00397,3603.0,PKR,,Wise,6.99,success,1
TX0000747,PR001126,FL00142,465287.0,INR,2021-10-24,Bank Transfer,17.52,success,0
TX0000748,PR000185,FL00052,2647.0,INR,2021-03-24,Stripe,17.83,success,0
TX0000749,,FL00339,,EUR,,Crypto,8.17,success,1
TX0000750,PR000184,FL00028,1186.0,BDT,2023-09-29,Wise,10.98,pending,0
TX0000751,PR000583,FL00019,2035.0,PKR,2021-04-01,,6.63,success,1
TX0000752,PR000010,FL00227,1430.0,BDT,2023-03-06,PayPal,15.67,success,1
TX0000753,PR000510,FL00056,1776.0,USD,2023-10-25,Wise,14.61,success,0
TX0000754,PR000107,FL00486,860082.0,USD,2020-09-24,Crypto,20.49,refunded,0
TX0000755,PR000749,FL00084,4553.0,USD,2022-12-25,Stripe,7.59,pending,0
TX0000756,PR000087,FL00358,7167.0,,2023-05-05,Crypto,19.45,success,1
TX0000757,PR000556,FL00115,5520.0,BDT,2023-07-09,Wise,,failed,1
TX0000758,PR000635,FL00329,5528.0,USD,2020-09-30,Bank Transfer,10.94,success,1
TX0000759,PR000280,FL00356,5292.0,USD,2021-08-16,Stripe,,failed,0
TX0000760,PR000319,FL00141,7572.0,PKR,2021-03-29,Stripe,15.01,pending,0
TX0000761,PR000999,FL00192,2641.0,INR,2022-09-27,Stripe,6.75,failed,1
TX0000762,PR000894,FL00315,917502.0,gbp,2021-07-19,Wise,,success,1
TX0000763,PR000904,FL00250,3899.0,PKR,2020-06-19,Wise,6.89,pending,0
TX0000764,PR000493,FL00393,,USD,2022-02-04,Stripe,8.67,failed,1
TX0000765,PR001142,FL00284,3703.0,EUR,2021-05-24,Wise,7.82,success,1
TX0000766,PR001125,FL00405,974843.0,BDT,2024-06-11,PayPal,7.77,success,0
TX0000767,PR000989,FL00369,7522.0,EUR,2024-07-28,PayPal,8.01,failed,1
TX0000768,PR000486,FL00415,6054.0,EUR,2020-08-03,Bank Transfer,8.97,pending,1
TX0000769,PR000196,FL00022,1496.0,BDT,2021-10-03,Stripe,8.22,success,0
TX0000770,PR000840,FL00473,3978.0,USD,2023-05-29,Bank Transfer,17.89,success,1
TX0000771,PR000552,FL00464,1192.0,BDT,2021-02-05,Bank Transfer,20.74,pending,0
TX0000772,PR001132,FL00265,6928.0,USD,2023-06-27,Crypto,19.49,failed,1
TX0000773,PR000542,FL00450,6605.0,PKR,,PayPal,14.78,pending,0
TX0000774,PR000399,FL00489,6851.0,GBP,2021-10-10,Payoneer,17.87,refunded,1
TX0000775,PR000427,FL00457,926.0,EUR,2022-12-20,Crypto,20.53,pending,1
TX0000776,PR000198,FL00300,7518.0,EUR,2020-07-13,Bank Transfer,5.27,refunded,1
TX0000777,PR000001,FL00433,1112.0,USD,2024-10-07,Wise,16.41,pending,0
TX0000778,PR000720,FL00123,4818.0,PKR,2021-03-19,Stripe,17.1,failed,1
TX0000779,,FL00480,5723.0,gbp,2024-02-02,PayPal,12.41,success,0
TX0000780,PR000791,FL00425,107.0,USD,2020-06-14,PayPal,13.45,success,1
TX0000781,PR000162,FL00374,-469.0,USD,2024-03-15,Crypto,16.91,refunded,0
TX0000782,PR000333,,3593.0,INR,2020-03-28,Crypto,14.6,success,1
TX0000783,PR000906,FL00414,,USD,2021-06-12,Wise,14.22,failed,0
TX0000784,,FL00370,3233.0,GBP,2021-06-26,Stripe,,success,1
TX0000785,PR000550,FL00261,2607.0,BDT,2022-05-20,Crypto,18.04,pending,1
TX0000786,PR001149,FL00431,1715.0,EUR,2023-06-15,BANK TRANSFER,17.5,refunded,1
TX0000787,PR000438,FL00042,6602.0,PKR,2022-09-09,Crypto,11.82,success,1
TX0000788,PR000186,FL00244,637.0,INR,2022-09-12,Wise,6.13,success,1
TX0000789,PR000583,FL00370,262116.0,BDT,2023-07-08,Bank Transfer,13.7,refunded,1
TX0000790,PR001064,FL00069,-6684.0,INR,,Crypto,14.92,success,0
TX0000791,PR000112,FL00101,4473.0,USD,2021-12-17,Wise,10.52,success,1
TX0000792,PR001196,FL00108,4994.0,PKR,2021-04-08,Bank Transfer,16.02,success,1
TX0000793,PR000019,FL00456,2255.0,PKR,,PayPal,11.91,refunded,1
TX0000794,PR001005,,1548.0,PKR,2020-05-27,Bank Transfer,12.85,refunded,0
TX0000795,PR000217,FL00469,7012.0,USD,2021-10-18,Stripe,10.46,success,1
TX0000796,PR000736,FL00415,1535.0,INR,2021-05-23,Stripe,17.17,success,0
TX0000797,PR001114,FL00319,915.0,BDT,2021-11-02,Stripe,16.13,refunded,0
TX0000798,PR000166,FL00222,1122.0,EUR,,Crypto,18.8,pending,1
TX0000799,PR000577,FL00007,3455.0,GBP,2020-10-05,Bank Transfer,11.55,refunded,0
TX0000800,PR000340,FL00059,4234.0,USD,2021-11-26,Bank Transfer,12.52,success,0
TX0000801,PR000699,FL00292,4095.0,PKR,2020-05-10,PayPal,18.37,success,1
TX0000802,PR001034,,7489.0,BDT,2020-11-28,Crypto,,failed,1
TX0000803,PR000337,FL00440,5915.0,USD,2022-12-08,Payoneer,6.35,success,0
TX0000804,PR000032,FL00179,2254.0,,2024-04-22,Stripe,15.64,success,0
TX0000805,PR000635,FL00390,4361.0,BDT,2023-08-06,Payoneer,11.71,success,1
TX0000806,PR001001,FL00226,6167.0,USD,2023-08-06,PayPal,12.35,success,1
TX0000807,PR000809,FL00011,1197.0,USD,2020-01-26,Crypto,7.73,refunded,1
TX0000808,PR000007,FL00060,3826.0,INR,2020-02-10,Stripe,7.19,success,1
TX0000809,PR000849,FL00403,-107.0,EUR,2023-02-12,Wise,17.42,success,0
TX0000810,PR000921,FL00100,2620.0,BDT,2024-09-21,Crypto,13.33,success,0
TX0000811,PR000244,FL00043,908.0,GBP,2023-12-06,,19.05,success,1
TX0000812,PR000092,,6310.0,EUR,2021-08-05,CRYPTO,18.17,success,0
TX0000813,PR000474,FL00082,2152.0,USD,2024-08-02,Payoneer,13.78,success,1
TX0000814,PR000106,FL00349,1100.0,USD,2022-05-02,Stripe,8.07,success,1
TX0000815,PR000466,FL00028,2973.0,BDT,2020-02-11,Stripe,20.9,success,1
TX0000816,PR000074,FL00171,6433.0,INR,2023-10-01,WISE,11.09,success,1
TX0000817,PR000202,FL00336,4655.0,GBP,2023-01-06,Stripe,,success,0
TX0000818,PR000266,FL00120,,PKR,2020-06-18,Crypto,,refunded,0
TX0000819,PR000203,FL00380,3939.0,,2024-02-09,PayPal,14.4,pending,0
TX0000820,PR000149,FL00301,3828.0,EUR,2021-12-09,Crypto,10.6,success,1
TX0000821,PR000248,FL00080,4978.0,USD,2023-04-13,Crypto,9.43,success,0
TX0000822,PR000119,FL00157,7217.0,INR,2024-02-11,Wise,8.37,pending,1
TX0000823,PR001177,FL00171,631.0,INR,2023-11-24,PayPal,13.49,failed,1
TX0000824,PR000515,FL00062,5558.0,GBP,2020-09-27,Crypto,20.22,refunded,1
TX0000825,PR000193,FL00049,6730.0,GBP,2023-10-07,Crypto,18.26,success,0
TX0000826,PR000800,FL00061,6323.0,GBP,2021-01-15,Wise,8.23,failed,0
TX0000827,PR000824,FL00039,4769.0,GBP,2023-08-03,Crypto,8.86,success,0
TX0000828,PR000767,FL00318,927.0,PKR,,Crypto,,refunded,1
TX0000829,PR000161,FL00103,460.0,GBP,2022-08-12,Stripe,19.29,success,1
TX0000830,PR000671,FL00329,1889.0,EUR,2023-07-09,PayPal,18.44,refunded,0
TX0000831,PR000594,FL00336,-7153.0,GBP,2023-06-07,Stripe,9.51,failed,0
TX0000832,PR001164,FL00017,2015.0,PKR,2021-08-04,Stripe,19.65,success,0
TX0000833,PR000791,FL00024,6522.0,usd,2024-03-21,Wise,,pending,0
TX0000834,PR000748,FL00358,1822.0,EUR,2022-03-30,Bank Transfer,17.33,success,0
TX0000835,PR000947,FL00358,6996.0,GBP,2023-12-22,Wise,14.34,refunded,0
TX0000836,PR000655,FL00385,7344.0,EUR,2024-11-02,Stripe,11.36,pending,0
TX0000837,PR000916,FL00075,4270.0,BDT,2020-11-04,Bank Transfer,13.63,success,0
TX0000838,PR000370,FL00258,1821.0,USD,2021-03-15,Bank Transfer,6.39,pending,1
TX0000839,PR000785,FL00473,4937.0,USD,2022-11-14,Crypto,14.74,failed,1
TX0000840,PR000316,FL00117,1386.0,EUR,2024-04-07,Crypto,10.35,success,0
TX0000841,PR000458,FL00254,,EUR,2023-03-13,Stripe,19.69,pending,1
TX0000842,PR000059,FL00125,5603.0,INR,2021-07-02,Stripe,5.6,refunded,0
TX0000843,PR000204,FL00218,5614.0,,2022-07-04,Crypto,6.31,failed,1
TX0000844,PR000670,FL00422,1242.0,GBP,,Wise,18.87,failed,1
TX0000845,PR000900,FL00126,6961.0,USD,2020-12-08,Payoneer,11.21,success,0
TX0000846,PR000505,FL00062,6091.0,EUR,2024-03-26,PayPal,12.07,success,1
TX0000847,PR000933,FL00150,5088.0,USD,2022-05-09,Bank Transfer,14.88,success,0
TX0000848,PR000517,FL00039,2295.0,INR,,Crypto,11.01,success,0
TX0000849,PR000566,FL00500,295.0,PKR,2022-07-18,Bank Transfer,7.36,failed,1
TX0000850,PR000852,FL00423,7314.0,,2020-07-09,Stripe,16.34,success,0
TX0000851,PR000352,FL00470,860.0,BDT,2023-07-14,Bank Transfer,19.34,refunded,0
TX0000852,PR000031,FL00464,6309.0,PKR,2023-05-18,Stripe,20.78,failed,0
TX0000853,PR000444,FL00332,5218.0,GBP,2020-09-12,Payoneer,5.47,success,1
TX0000854,PR000291,,1789.0,EUR,2024-03-28,Payoneer,12.37,pending,1
TX0000855,PR000344,FL00450,4008.0,USD,2023-08-14,,17.18,success,1
TX0000856,PR001177,FL00393,4474.0,INR,2023-04-16,Wise,,success,1
TX0000857,PR001059,FL00492,1875.0,PKR,2021-02-03,Bank Transfer,19.86,pending,1
TX0000858,PR000017,FL00403,2050.0,GBP,2021-11-13,Payoneer,12.79,pending,0
TX0000859,PR000446,FL00373,388.0,GBP,2021-08-07,Crypto,11.75,refunded,1
TX0000860,PR000803,FL00233,4911.0,PKR,2020-02-25,PAYPAL,17.2,refunded,1
TX0000861,PR000212,FL00399,3885.0,,2023-10-04,Payoneer,15.26,success,0
TX0000862,PR001035,FL00089,761.0,USD,2020-06-28,Stripe,13.72,pending,0
TX0000863,PR000254,FL00152,,INR,2021-08-28,Crypto,16.02,pending,0
TX0000864,PR000681,FL00131,3762.0,EUR,2022-07-03,Stripe,13.52,refunded,1
TX0000865,,FL00381,379.0,GBP,2020-02-21,Payoneer,8.5,success,0
TX0000866,PR001073,,2433.0,USD,2024-11-22,Crypto,14.09,refunded,1
TX0000867,PR001158,FL00394,5172.0,GBP,2023-08-31,Crypto,,refunded,0
TX0000868,PR000049,FL00251,419.0,INR,2023-09-03,Stripe,,success,0
TX0000869,PR000057,,325.0,USD,2020-12-28,Wise,7.89,success,0
TX0000870,PR001135,FL00097,6885.0,INR,2024-09-29,Payoneer,10.08,failed,0
TX0000871,PR000107,FL00275,7304.0,EUR,2023-01-19,Payoneer,19.75,success,0
TX0000872,,FL00105,4914.0,INR,2022-08-27,BANK TRANSFER,16.37,refunded,0
TX0000873,PR000042,FL00021,6454.0,PKR,2020-05-12,Bank Transfer,16.74,success,1
TX0000874,PR001194,FL00202,7949.0,USD,2023-12-06,Crypto,17.72,success,0
TX0000875,PR000344,FL00110,3494.0,BDT,2024-05-13,Stripe,13.18,success,1
TX0000876,PR000630,FL00345,2170.0,BDT,2023-10-04,Payoneer,15.2,failed,0
TX0000877,PR000716,FL00400,7016.0,BDT,2024-01-08,PayPal,19.0,pending,1
TX0000878,PR000786,FL00033,7405.0,GBP,2021-10-02,PayPal,5.23,refunded,1
TX0000879,PR000978,FL00069,688863.0,USD,2021-12-12,PayPal,7.05,failed,1
TX0000880,PR000800,,3642.0,USD,2022-08-17,Payoneer,16.79,success,1
TX0000881,PR000474,FL00285,3132.0,BDT,2023-03-24,Crypto,5.69,success,0
TX0000882,PR000669,FL00200,2205.0,GBP,2024-02-01,Crypto,19.21,success,1
TX0000883,PR000193,FL00053,7010.0,BDT,2020-10-02,Crypto,20.06,success,1
TX0000884,PR000377,FL00415,4192.0,USD,2020-10-16,PayPal,11.45,success,0
TX0000885,PR000307,FL00479,7099.0,INR,2024-12-26,Bank Transfer,5.42,success,0
TX0000886,PR001088,FL00391,3165.0,INR,2023-11-20,,8.18,success,0
TX0000887,PR000737,FL00026,2055.0,USD,2022-05-19,Wise,13.85,failed,0
TX0000888,PR000748,FL00103,6972.0,PKR,2022-03-16,Payoneer,9.22,success,1
TX0000889,PR000762,FL00006,6957.0,USD,,Crypto,14.84,failed,0
TX0000890,PR001034,FL00060,7955.0,PKR,2024-05-19,Bank Transfer,10.12,success,1
TX0000891,PR000994,FL00451,155090.0,EUR,2024-03-21,Bank Transfer,7.83,success,0
TX0000892,,FL00474,7387.0,USD,2021-04-05,,15.95,refunded,0
TX0000893,PR000937,FL00455,4090.0,USD,2020-11-14,Crypto,13.69,success,1
TX0000894,PR000024,FL00327,,USD,2022-09-04,Crypto,11.38,refunded,0
TX0000895,PR001138,,3302.0,USD,2020-01-17,Payoneer,17.69,success,0
TX0000896,PR001112,FL00083,4288.0,PKR,2024-04-03,Bank Transfer,15.25,success,0
TX0000897,PR001016,FL00381,3893.0,BDT,,Wise,11.37,failed,0
TX0000898,PR000260,FL00309,3854.0,BDT,2020-03-14,Payoneer,14.11,success,0
TX0000899,PR000230,FL00182,,BDT,,PayPal,5.25,pending,0
TX0000900,PR001046,FL00362,2420.0,USD,2020-02-08,Crypto,5.01,failed,1
TX0000901,PR000343,FL00141,7993.0,USD,2023-05-07,Payoneer,18.1,success,0
TX0000902,PR000842,FL00023,4320.0,gbp,2021-06-05,Bank Transfer,10.2,success,1
TX0000903,PR000951,FL00305,5026.0,INR,2023-08-30,Bank Transfer,14.47,failed,1
TX0000904,,FL00046,1656.0,INR,2020-10-21,Wise,8.94,success,0
TX0000905,PR000757,FL00322,6281.0,USD,2020-04-10,PayPal,13.51,refunded,0
TX0000906,PR000274,FL00111,4711.0,PKR,2023-12-03,PayPal,7.14,success,1
TX0000907,PR000394,FL00050,2155.0,USD,2020-09-24,Wise,19.1,pending,1
TX0000908,PR000653,FL00146,7336.0,GBP,2024-06-04,Crypto,10.02,success,0
TX0000909,PR001051,FL00112,7200.0,bdt,2021-01-24,Bank Transfer,7.83,success,1
TX0000910,PR000825,FL00159,2957.0,PKR,2020-07-12,Stripe,13.45,refunded,0
TX0000911,PR000880,FL00052,5593.0,USD,2022-04-01,PayPal,6.82,success,0
TX0000912,PR000593,FL00206,107.0,USD,2024-06-09,PayPal,12.68,success,0
TX0000913,PR000829,FL00269,6287.0,,2021-08-19,Crypto,5.69,success,0
TX0000914,PR000550,FL00114,6409.0,INR,2021-07-11,Stripe,10.64,success,1
TX0000915,PR000769,FL00229,5558.0,INR,2020-12-12,Bank Transfer,10.45,success,0
TX0000916,PR000248,FL00487,5984.0,BDT,2024-11-11,Crypto,9.03,failed,0
TX0000917,PR001081,FL00492,7919.0,INR,2021-10-02,Bank Transfer,5.51,pending,0
TX0000918,PR000365,FL00459,2969.0,BDT,2020-12-30,Payoneer,6.34,success,1
TX0000919,PR000925,FL00290,7115.0,USD,2021-06-03,Payoneer,16.39,failed,0
TX0000920,PR000023,FL00060,1196.0,USD,2022-05-15,Crypto,15.81,pending,1
TX0000921,PR000839,FL00331,6323.0,USD,2024-11-11,Stripe,10.43,pending,0
TX0000922,PR000367,FL00029,190.0,INR,2023-01-31,Stripe,18.88,success,1
TX0000923,PR000094,FL00456,579.0,USD,2024-06-02,Bank Transfer,9.5,success,0
TX0000924,PR000680,FL00319,6348.0,USD,,Bank Transfer,,success,1
TX0000925,PR000063,FL00192,5582.0,eur,2020-12-31,Bank Transfer,18.39,success,0
TX0000926,PR000565,FL00415,2254.0,USD,2021-10-30,Crypto,18.14,success,1
TX0000927,PR000025,FL00243,2234.0,USD,2020-04-06,PayPal,6.4,failed,0
TX0000928,PR000145,FL00173,6502.0,USD,2021-09-18,Bank Transfer,12.04,refunded,0
TX0000929,PR000978,,919.0,PKR,2022-10-15,Wise,12.09,failed,0
TX0000930,PR000377,FL00352,,USD,2021-07-02,PAYPAL,18.35,success,0
TX0000931,PR001166,FL00433,4008.0,INR,2020-05-26,STRIPE,10.28,failed,1
TX0000932,PR000239,FL00407,1098.0,GBP,2022-04-03,Stripe,12.31,refunded,1
TX0000933,PR000009,FL00053,4352.0,BDT,2024-11-11,Stripe,18.06,success,0
TX0000934,PR000958,FL00395,6133.0,USD,2020-02-11,Payoneer,5.11,failed,0
TX0000935,PR000681,FL00475,4399.0,INR,2023-04-20,Wise,10.11,failed,1
TX0000936,PR000738,FL00420,,USD,2022-04-16,Bank Transfer,17.38,success,1
TX0000937,PR000141,FL00422,2536.0,INR,2023-09-11,Crypto,15.22,refunded,1
TX0000938,PR000008,FL00453,-74.0,eur,2024-07-05,Payoneer,15.61,success,0
TX0000939,PR000870,FL00132,4990.0,INR,2020-06-14,Stripe,10.91,pending,0
TX0000940,PR000231,FL00454,6100.0,USD,2024-10-10,Bank Transfer,13.65,failed,1
TX0000941,PR000884,FL00035,-5320.0,INR,2021-09-21,Crypto,8.26,failed,1
TX0000942,PR000826,FL00193,2551.0,USD,,Stripe,14.63,failed,1
TX0000943,PR000218,FL00389,2301.0,PKR,2024-02-25,Bank Transfer,20.01,failed,0
TX0000944,PR000532,FL00329,559.0,PKR,2020-05-26,PayPal,8.26,success,1
TX0000945,PR000562,FL00470,6954.0,USD,2021-05-27,PayPal,8.8,failed,1
TX0000946,PR000465,FL00037,7223.0,GBP,2020-03-28,Bank Transfer,18.8,success,1
TX0000947,PR000822,FL00077,941544.0,EUR,2020-05-09,Payoneer,18.41,refunded,1
TX0000948,,,7887.0,PKR,,Crypto,10.36,success,1
TX0000949,PR001146,FL00332,4842.0,EUR,,Crypto,10.41,pending,1
TX0000950,PR000208,FL00292,,INR,2021-08-24,Payoneer,6.25,refunded,0
TX0000951,PR000122,FL00209,1344.0,USD,2021-05-02,Crypto,20.42,refunded,1
TX0000952,PR000616,FL00018,7988.0,usd,2024-02-13,Payoneer,18.98,success,0
TX0000953,PR000149,FL00015,2069.0,USD,2020-03-09,Wise,17.08,success,1
TX0000954,PR000903,FL00375,4296.0,GBP,2024-11-25,Bank Transfer,13.93,success,1
TX0000955,PR000151,FL00195,883.0,BDT,2023-11-23,PAYPAL,11.49,success,0
TX0000956,PR000393,FL00076,3303.0,USD,2024-01-12,Payoneer,11.4,success,1
TX0000957,PR000880,FL00292,337398.0,PKR,2022-05-08,Wise,13.44,success,0
TX0000958,PR000681,FL00085,2154.0,USD,2022-09-05,Wise,17.15,success,1
TX0000959,PR000469,FL00292,4326.0,BDT,2023-08-16,Stripe,13.93,failed,0
TX0000960,PR000582,,1094.0,BDT,2020-12-11,Wise,9.78,success,1
TX0000961,PR000403,FL00491,-5054.0,BDT,2020-08-20,Stripe,13.24,pending,1
TX0000962,PR001010,FL00340,6065.0,BDT,2022-08-11,Crypto,17.27,failed,0
TX0000963,PR000626,FL00488,3117.0,BDT,2024-08-04,Wise,6.61,failed,1
TX0000964,PR000618,FL00327,4312.0,USD,2022-08-05,Stripe,14.66,pending,0
TX0000965,PR001142,FL00352,,GBP,2022-06-27,Crypto,13.83,failed,1
TX0000966,PR000081,FL00011,7240.0,USD,2024-11-13,Crypto,7.89,success,0
TX0000967,PR001018,FL00080,658318.0,USD,2023-08-19,Crypto,9.07,pending,0
TX0000968,PR000696,FL00267,6282.0,USD,2021-07-21,Stripe,,success,0
TX0000969,PR000990,FL00442,7621.0,USD,2020-11-29,Payoneer,9.99,pending,1
TX0000970,PR000732,FL00248,6278.0,pkr,2024-05-05,Stripe,16.04,success,1
TX0000971,PR000158,FL00255,4777.0,USD,2023-08-08,PayPal,19.25,refunded,0
TX0000972,PR000443,FL00062,7967.0,GBP,2020-04-25,Wise,19.35,failed,1
TX0000973,PR001078,FL00113,6759.0,USD,2021-07-02,Bank Transfer,17.33,refunded,0
TX0000974,PR000271,FL00107,-1625.0,INR,2023-06-06,Stripe,11.26,success,0
TX0000975,,FL00046,3643.0,USD,2022-11-15,PayPal,6.89,failed,0
TX0000976,PR001027,FL00484,6862.0,EUR,2022-03-13,Bank Transfer,5.35,failed,0
TX0000977,,FL00211,3171.0,GBP,2020-02-18,Payoneer,5.63,failed,1
TX0000978,PR000458,FL00315,4962.0,GBP,2020-04-23,Stripe,13.17,success,1
TX0000979,PR000900,FL00322,3024.0,PKR,2024-08-13,Bank Transfer,18.24,success,1
TX0000980,PR000337,FL00132,6303.0,INR,2020-07-05,Payoneer,9.74,refunded,1
TX0000981,PR000828,FL00224,3537.0,INR,2020-05-24,Crypto,,failed,1
TX0000982,PR000679,FL00296,6182.0,BDT,2022-10-28,Wise,12.36,refunded,1
TX0000983,PR000433,FL00241,4710.0,,2024-10-27,PayPal,11.65,success,1
TX0000984,PR000426,FL00146,1453.0,INR,2020-06-21,Stripe,15.48,refunded,0
TX0000985,PR000480,FL00312,-5032.0,INR,2024-08-20,WISE,9.49,refunded,0
TX0000986,PR000347,FL00299,5362.0,USD,2020-08-14,Stripe,9.86,success,0
TX0000987,PR000161,FL00216,2528.0,BDT,2022-03-28,Payoneer,20.08,failed,1
TX0000988,PR000626,FL00364,5980.0,GBP,2020-07-16,PayPal,19.92,pending,1
TX0000989,PR000548,FL00120,6564.0,GBP,2020-10-28,PayPal,11.52,success,1
TX0000990,PR000623,FL00081,6492.0,USD,2020-06-27,Stripe,19.45,failed,0
TX0000991,PR000254,FL00498,-7257.0,,2022-09-03,Bank Transfer,19.53,failed,0
TX0000992,PR000005,FL00486,273.0,USD,2023-05-02,Crypto,18.67,refunded,1
TX0000993,PR000505,FL00150,2268.0,USD,,Wise,,pending,1
TX0000994,PR000508,FL00163,,USD,2022-03-01,Payoneer,11.66,success,1
TX0000995,PR000173,FL00435,2090.0,USD,2023-02-21,Wise,10.18,success,1
TX0000996,PR000705,FL00114,1648.0,EUR,2024-03-01,Bank Transfer,17.53,success,0
TX0000997,PR000201,FL00283,2848.0,USD,2020-08-20,Wise,6.77,pending,1
TX0000998,PR000535,FL00233,4287.0,INR,2023-06-13,Wise,20.88,success,0
TX0000999,,FL00403,5302.0,USD,2020-11-14,CRYPTO,9.57,pending,0
TX0001000,PR000136,FL00269,344.0,BDT,2023-10-07,PayPal,19.1,pending,1
TX0001001,PR000809,FL00037,2402.0,USD,2020-12-24,PayPal,20.71,success,1
TX0001002,PR000197,FL00350,6913.0,eur,2022-04-14,Payoneer,13.95,refunded,0
TX0001003,PR000463,FL00339,6138.0,PKR,2020-08-14,Stripe,14.05,refunded,0
TX0001004,PR000986,FL00301,1445.0,USD,2022-10-31,Stripe,13.49,failed,1
TX0001005,PR001060,FL00216,5275.0,,2020-10-28,Crypto,18.18,refunded,0
TX0001006,PR000145,FL00406,6704.0,USD,2022-02-25,Bank Transfer,5.45,success,0
TX0001007,PR000765,FL00175,6037.0,USD,2021-06-25,Stripe,,failed,1
TX0001008,PR000604,FL00151,3898.0,EUR,2023-10-14,Crypto,6.8,success,0
TX0001009,PR000006,FL00233,6263.0,PKR,2021-02-13,PayPal,18.02,failed,1
TX0001010,PR000062,,6593.0,USD,2021-03-15,Payoneer,,success,0
TX0001011,PR000627,FL00078,4062.0,USD,2022-03-28,PayPal,12.8,pending,1
TX0001012,PR000629,FL00367,2720.0,USD,2024-12-16,Crypto,10.61,success,0
TX0001013,PR000393,FL00069,1732.0,GBP,2024-05-13,Stripe,17.24,success,0
TX0001014,PR001121,FL00385,5597.0,USD,,PayPal,12.42,failed,1
TX0001015,PR001151,FL00452,5250.0,BDT,2021-07-09,Wise,12.65,refunded,1
TX0001016,PR000346,FL00488,6068.0,USD,2021-08-22,,10.52,success,0
TX0001017,PR001166,FL00026,3133.0,INR,2021-10-30,Bank Transfer,15.58,failed,0
TX0001018,PR000197,FL00354,2648.0,PKR,2020-10-01,Bank Transfer,17.23,failed,0
TX0001019,PR000271,FL00108,1539.0,USD,2020-02-06,PayPal,18.5,failed,0
TX0001020,PR000085,FL00479,433.0,INR,2020-12-03,Stripe,10.71,success,1
TX0001021,PR001192,FL00335,2626.0,PKR,2020-06-15,Payoneer,5.02,failed,0
TX0001022,PR000254,FL00357,1460.0,INR,2022-12-15,Payoneer,6.3,success,0
TX0001023,PR000842,FL00194,7001.0,BDT,2020-04-27,Wise,14.9,success,1
TX0001024,PR000090,FL00191,1295.0,EUR,2021-08-10,Bank Transfer,20.88,success,0
TX0001025,PR000290,FL00079,1290.0,PKR,2023-08-30,PayPal,12.33,success,1
TX0001026,PR000208,FL00408,2491.0,INR,2023-05-02,Bank Transfer,11.0,success,1
TX0001027,PR000106,FL00412,1185.0,BDT,2022-06-20,Stripe,7.17,failed,1
TX0001028,PR000113,FL00241,7270.0,gbp,2024-12-10,PayPal,10.66,success,0
TX0001029,PR000047,FL00299,604644.0,USD,2020-02-03,Crypto,16.2,success,1
TX0001030,PR000408,FL00022,1162.0,USD,2023-12-03,Wise,,refunded,0
TX0001031,PR000197,FL00490,5773.0,INR,2021-10-12,Wise,7.0,success,0
TX0001032,PR001189,FL00171,1506.0,inr,2023-05-02,PayPal,5.23,refunded,1
TX0001033,PR000218,FL00304,3651.0,USD,2024-06-15,Crypto,5.72,success,1
TX0001034,PR000415,FL00265,4645.0,USD,2023-04-28,Bank Transfer,6.21,success,0
TX0001035,PR000660,FL00328,7485.0,inr,2024-10-18,Wise,11.96,pending,1
TX0001036,PR000985,FL00016,3901.0,PKR,2023-07-13,Wise,11.38,success,0
TX0001037,PR000011,FL00060,499.0,usd,2022-07-24,Wise,19.55,success,1
TX0001038,PR000933,FL00257,270.0,BDT,2021-04-16,Stripe,11.98,success,1
TX0001039,PR000168,FL00042,3048.0,GBP,2020-06-29,,9.16,failed,1
TX0001040,PR001062,FL00067,5232.0,USD,2024-12-17,Bank Transfer,6.33,failed,1
TX0001041,PR001150,FL00389,990.0,USD,2020-11-08,Stripe,18.85,success,1
TX0001042,PR000547,FL00429,4180.0,PKR,2021-12-03,Payoneer,8.13,success,0
TX0001043,PR000887,FL00231,2038.0,BDT,2020-09-07,STRIPE,14.03,refunded,0
TX0001044,PR000083,FL00263,727.0,bdt,2021-11-27,Wise,15.24,failed,1
TX0001045,PR000411,FL00351,747.0,BDT,2023-01-30,,20.57,success,0
TX0001046,PR000397,FL00082,975.0,USD,2023-10-14,Crypto,12.62,success,1
TX0001047,PR000381,,5491.0,INR,2021-09-08,Stripe,19.77,success,1
TX0001048,PR000887,FL00287,6000.0,USD,2020-11-11,PAYONEER,18.1,success,0
TX0001049,PR000052,FL00170,1109.0,BDT,2022-10-17,PayPal,16.57,failed,0
TX0001050,PR000799,FL00078,7194.0,INR,2023-02-18,Wise,19.74,refunded,0
TX0001051,PR000532,FL00314,,USD,2024-10-05,Bank Transfer,14.9,refunded,1
TX0001052,PR000962,FL00024,5199.0,USD,2024-03-24,Crypto,8.73,success,1
TX0001053,PR000402,FL00294,4357.0,INR,2020-01-14,Bank Transfer,9.43,success,0
TX0001054,,FL00171,2041.0,GBP,2023-08-10,Stripe,12.71,success,1
TX0001055,PR000665,FL00346,4568.0,usd,2024-03-31,Wise,8.89,refunded,1
TX0001056,PR000163,FL00005,3084.0,USD,2023-03-15,Stripe,9.31,refunded,0
TX0001057,PR000018,FL00086,-5266.0,BDT,2023-12-19,PayPal,17.15,pending,1
TX0001058,PR000497,,3158.0,USD,2024-05-04,Crypto,16.9,success,0
TX0001059,PR000215,FL00440,3369.0,USD,2023-10-07,Bank Transfer,19.33,failed,0
TX0001060,,FL00148,1376.0,USD,2022-07-23,PayPal,8.08,success,0
TX0001061,PR000394,FL00138,4983.0,USD,2021-03-15,Payoneer,18.92,refunded,1
TX0001062,PR000971,FL00308,6863.0,USD,2021-04-07,PayPal,17.26,refunded,1
TX0001063,PR000767,FL00273,148.0,USD,2024-03-01,Wise,16.61,success,1
TX0001064,PR000166,FL00107,4423.0,EUR,2023-03-25,Crypto,11.22,success,0
TX0001065,PR000511,FL00289,7529.0,usd,2022-05-12,Bank Transfer,6.06,pending,0
TX0001066,,FL00243,5550.0,USD,2024-07-10,PayPal,5.87,failed,1
TX0001067,PR000972,FL00079,6623.0,INR,2022-06-10,Wise,19.8,success,0
TX0001068,PR000218,FL00004,6559.0,PKR,2023-07-31,PayPal,6.4,success,1
TX0001069,PR001039,FL00457,7018.0,USD,2023-10-11,PayPal,6.68,success,1
TX0001070,PR000355,FL00129,3598.0,GBP,2021-11-20,Wise,,failed,0
TX0001071,PR000956,FL00438,2588.0,BDT,2021-07-22,Payoneer,10.31,success,1
TX0001072,PR000521,FL00202,537.0,USD,2024-06-27,Wise,19.57,success,1
TX0001073,PR000385,FL00101,,,2023-12-24,Wise,15.09,success,0
TX0001074,PR000765,FL00358,2644.0,BDT,2024-08-10,Wise,19.09,refunded,1
TX0001075,PR000727,FL00209,4870.0,USD,2022-07-21,Crypto,19.08,refunded,1
TX0001076,PR000552,FL00314,6179.0,GBP,2020-07-27,PayPal,19.32,success,1
TX0001077,,FL00367,588.0,EUR,2023-08-22,Payoneer,17.13,success,0
TX0001078,PR001035,FL00298,483.0,GBP,2020-05-20,Stripe,9.66,failed,1
TX0001079,PR000465,FL00078,114091.0,GBP,2024-08-02,Payoneer,20.1,failed,1
TX0001080,PR000145,FL00495,3471.0,USD,2024-08-04,PayPal,16.52,refunded,0
TX0001081,PR000147,FL00378,2551.0,USD,2022-10-15,Payoneer,19.83,pending,1
TX0001082,PR000981,FL00112,3538.0,PKR,2021-12-21,Wise,11.71,success,1
TX0001083,PR000037,,5181.0,PKR,2020-12-01,Payoneer,19.24,success,0
TX0001084,,FL00159,6697.0,PKR,2021-09-04,Crypto,17.31,failed,0
TX0001085,PR000426,FL00146,1367.0,PKR,2021-07-26,Bank Transfer,5.85,success,1
TX0001086,PR000686,,6072.0,PKR,,Stripe,6.21,success,0
TX0001087,PR000860,FL00323,6116.0,PKR,2024-09-06,Stripe,9.06,success,1
TX0001088,PR000181,FL00115,1202.0,USD,,Crypto,8.73,failed,1
TX0001089,PR000960,FL00305,472.0,USD,,PayPal,9.15,success,1
TX0001090,PR000608,FL00428,,GBP,2022-08-08,,13.99,failed,1
TX0001091,PR000107,FL00246,2347.0,USD,2020-04-10,Payoneer,6.89,pending,0
TX0001092,PR000887,FL00232,4429.0,USD,2023-04-12,Wise,16.67,refunded,1
TX0001093,PR000070,FL00380,3419.0,INR,2021-04-25,Bank Transfer,16.03,success,1
TX0001094,PR000490,FL00036,3700.0,GBP,2020-10-05,Stripe,10.51,refunded,1
TX0001095,PR000239,FL00183,3771.0,USD,2023-09-18,Wise,7.63,pending,0
TX0001096,PR000084,FL00156,7530.0,EUR,2022-12-16,Bank Transfer,16.21,success,1
TX0001097,PR000651,FL00499,6036.0,EUR,2021-04-14,Stripe,8.93,pending,0
TX0001098,PR000513,FL00015,1418.0,,2023-08-10,Crypto,14.67,success,0
TX0001099,PR000718,FL00286,6995.0,USD,,Wise,6.56,success,0
TX0001100,PR001064,FL00181,626.0,EUR,2020-12-30,Stripe,15.42,success,1
TX0001101,PR000529,FL00476,1292.0,PKR,2024-07-16,PAYPAL,13.46,success,0
TX0001102,PR000703,FL00148,646.0,,2021-08-10,Wise,5.46,success,0
TX0001103,PR000672,FL00098,2579.0,USD,2023-04-10,Wise,17.01,success,1
TX0001104,PR000343,FL00441,3071.0,GBP,2022-04-03,WISE,20.66,success,0
TX0001105,PR000336,FL00353,6192.0,GBP,,,14.06,success,0
TX0001106,PR000393,,5616.0,PKR,2024-04-11,Stripe,20.87,success,1
TX0001107,PR000673,FL00287,1756.0,BDT,2023-07-13,Crypto,8.14,refunded,1
TX0001108,PR001032,,7993.0,GBP,2021-02-25,Stripe,6.05,pending,0
TX0001109,PR000885,FL00167,6312.0,EUR,2024-03-07,Bank Transfer,15.7,refunded,0
TX0001110,PR000478,FL00419,-2751.0,USD,2020-01-17,Bank Transfer,18.12,failed,1
TX0001111,PR000644,FL00151,163033.0,USD,2020-07-07,BANK TRANSFER,20.86,success,0
TX0001112,PR001178,FL00007,2636.0,GBP,2023-07-19,Stripe,20.81,pending,1
TX0001113,PR000071,FL00108,1520.0,USD,2024-12-03,Payoneer,5.94,success,0
TX0001114,PR001148,FL00435,2585.0,USD,2021-12-30,Stripe,9.74,success,0
TX0001115,,FL00403,3704.0,EUR,2020-08-12,Bank Transfer,10.77,success,1
TX0001116,PR000470,FL00179,,PKR,2020-10-28,CRYPTO,,success,1
TX0001117,PR000543,FL00469,5287.0,GBP,2020-09-26,Payoneer,18.26,failed,0
TX0001118,PR001128,FL00267,204.0,USD,2022-12-07,PAYPAL,7.0,failed,0
TX0001119,PR001176,FL00243,1364.0,USD,2024-12-23,Stripe,6.7,failed,0
TX0001120,PR000275,FL00392,1694.0,EUR,2022-07-14,Bank Transfer,,failed,0
TX0001121,PR000565,FL00097,3997.0,GBP,,Stripe,10.44,pending,0
TX0001122,PR001087,FL00232,1962.0,INR,2021-05-26,Wise,14.43,success,0
TX0001123,PR000640,FL00278,7935.0,BDT,2023-04-13,Stripe,5.47,pending,1
TX0001124,PR001139,FL00277,3538.0,BDT,2020-05-07,PayPal,10.16,failed,0
TX0001125,PR000353,FL00286,379766.0,GBP,2022-11-10,Stripe,16.1,success,1
TX0001126,PR001052,FL00136,1932.0,EUR,2021-09-01,Bank Transfer,14.21,failed,0
TX0001127,,FL00445,6194.0,INR,2022-01-12,Stripe,18.24,refunded,1
TX0001128,PR000487,FL00275,1306.0,USD,2021-11-13,Crypto,15.55,pending,1
TX0001129,PR000574,FL00259,7426.0,PKR,2022-08-16,Wise,11.09,success,0
TX0001130,PR000107,FL00154,4516.0,GBP,2024-08-15,PayPal,13.49,failed,0
TX0001131,PR000994,FL00290,1283.0,PKR,2020-11-14,Bank Transfer,,success,0
TX0001132,PR000406,FL00302,7818.0,EUR,2021-10-18,Stripe,11.75,refunded,1
TX0001133,PR000755,FL00135,428.0,USD,2024-01-05,Wise,19.31,refunded,1
TX0001134,PR000549,FL00193,635.0,USD,2020-05-19,Payoneer,5.07,refunded,1
TX0001135,PR000465,FL00372,,gbp,2021-12-06,Crypto,,success,1
TX0001136,PR001183,FL00309,5664.0,USD,2021-10-06,Stripe,,success,1
TX0001137,PR000683,FL00354,2114.0,BDT,2024-12-04,Crypto,9.59,failed,0
TX0001138,PR000382,FL00235,688.0,,2023-05-19,Crypto,11.46,pending,0
TX0001139,PR000010,FL00259,1394.0,PKR,2024-02-25,Payoneer,8.84,success,1
TX0001140,PR001006,FL00090,1275.0,EUR,2020-02-09,Bank Transfer,12.53,success,0
TX0001141,PR000821,FL00091,2467.0,USD,2023-09-02,Wise,9.6,success,1
TX0001142,PR001091,FL00068,1530.0,GBP,2021-04-08,Stripe,20.52,pending,1
TX0001143,PR001124,FL00032,353.0,GBP,2024-04-22,PayPal,,failed,0
TX0001144,PR001028,FL00009,196.0,INR,2021-01-06,Bank Transfer,12.25,pending,1
TX0001145,PR001174,FL00222,3415.0,INR,2024-03-14,Payoneer,14.74,pending,1
TX0001146,PR000468,FL00120,110.0,,2020-11-28,Crypto,16.5,failed,0
TX0001147,PR000397,FL00455,3624.0,PKR,,Bank Transfer,5.4,refunded,1
TX0001148,PR000687,FL00074,3359.0,INR,2022-07-08,Crypto,15.09,failed,1
TX0001149,PR001166,FL00452,421.0,USD,2022-09-09,Stripe,5.85,success,0
TX0001150,PR000767,FL00363,-1176.0,USD,2023-03-28,Bank Transfer,10.88,success,0
TX0001151,PR000086,FL00305,5777.0,USD,2023-08-17,Wise,20.75,refunded,0
TX0001152,PR000368,FL00475,2660.0,USD,2024-01-04,Wise,17.58,success,0
TX0001153,PR000821,FL00190,6143.0,USD,2020-03-28,Bank Transfer,5.32,success,0
TX0001154,PR000004,FL00482,3002.0,GBP,2022-12-09,PayPal,17.4,refunded,0
TX0001155,PR000020,FL00084,2141.0,EUR,2020-07-27,Payoneer,,failed,0
TX0001156,PR000646,FL00366,-633.0,USD,2024-04-04,Crypto,20.2,success,0
TX0001157,PR000426,FL00390,5860.0,INR,2023-07-05,Payoneer,17.65,pending,0
TX0001158,PR000881,FL00179,4180.0,USD,2023-12-14,Crypto,20.48,success,0
TX0001159,PR000544,FL00035,4592.0,PKR,2023-10-19,PayPal,6.43,pending,0
TX0001160,PR000792,FL00008,6675.0,USD,2022-05-26,Crypto,19.37,success,0
TX0001161,PR000252,FL00330,3538.0,USD,2021-06-24,PayPal,6.41,pending,0
TX0001162,PR000856,FL00140,145.0,USD,2020-12-23,PayPal,19.03,failed,1
TX0001163,PR000227,FL00368,7073.0,GBP,2022-10-24,Payoneer,19.63,success,0
TX0001164,PR000767,FL00178,6210.0,inr,2024-06-27,Payoneer,8.29,success,1
TX0001165,PR000573,FL00237,7233.0,USD,2021-11-30,Payoneer,14.04,success,1
TX0001166,PR001055,FL00071,5025.0,USD,2021-11-20,,18.59,failed,0
TX0001167,PR000665,FL00430,6395.0,PKR,2021-12-12,Crypto,8.52,refunded,0
TX0001168,PR000253,FL00083,3413.0,GBP,2020-11-24,Stripe,20.75,refunded,0
TX0001169,,FL00443,2037.0,USD,2020-11-12,Crypto,12.51,failed,0
TX0001170,PR000253,FL00452,4661.0,USD,2020-06-03,PayPal,6.93,success,0
TX0001171,PR000788,,4150.0,USD,2023-10-27,Payoneer,20.82,pending,1
TX0001172,PR001032,FL00029,6296.0,USD,2020-10-16,,11.46,success,0
TX0001173,PR000660,FL00155,7563.0,INR,2024-12-08,Wise,20.39,success,0
TX0001174,PR000971,FL00235,6460.0,EUR,2020-01-13,Payoneer,14.02,success,0
TX0001175,PR000931,FL00321,1671.0,USD,2020-03-25,PayPal,19.82,success,1
TX0001176,PR000574,FL00283,1714.0,PKR,2024-07-21,PayPal,7.86,success,1
TX0001177,PR000082,FL00201,1588.0,USD,2022-07-07,Payoneer,15.1,refunded,0
TX0001178,PR000546,FL00145,7711.0,BDT,2020-04-29,Wise,18.59,refunded,0
TX0001179,,FL00199,1463.0,BDT,2024-02-15,Wise,7.38,success,0
TX0001180,PR001029,FL00276,904.0,EUR,2023-05-05,,7.63,success,1
TX0001181,PR001032,FL00479,,GBP,2020-08-21,Stripe,11.39,success,0
TX0001182,PR001099,FL00252,6783.0,GBP,2023-03-08,Payoneer,6.69,failed,1
TX0001183,PR000079,FL00310,993.0,INR,,Payoneer,10.71,success,0
TX0001184,PR000848,FL00252,3062.0,BDT,2021-01-15,Crypto,8.43,success,0
TX0001185,PR000485,,1894.0,USD,2021-09-30,PayPal,10.01,failed,1
TX0001186,PR000919,FL00039,3060.0,PKR,,PayPal,19.13,success,0
TX0001187,PR000627,FL00285,5070.0,USD,2022-09-11,Payoneer,10.66,success,0
TX0001188,PR001128,FL00159,4428.0,INR,2023-10-11,Stripe,9.24,success,0
TX0001189,PR000729,FL00102,2933.0,EUR,2021-12-19,PayPal,19.51,success,1
TX0001190,PR000744,FL00127,6619.0,,2021-01-01,Crypto,19.58,pending,1
TX0001191,PR001161,FL00176,2303.0,EUR,2020-06-01,Bank Transfer,11.73,success,0
TX0001192,PR001028,FL00057,7350.0,EUR,2023-10-29,Payoneer,6.08,failed,0
TX0001193,PR000307,FL00029,6746.0,EUR,2021-02-12,Payoneer,16.26,success,1
TX0001194,PR000505,FL00328,5992.0,USD,2024-03-24,Bank Transfer,20.92,failed,0
TX0001195,PR000431,FL00012,2409.0,EUR,2020-04-07,Wise,19.66,pending,0
TX0001196,PR000160,FL00270,4940.0,BDT,2024-06-25,Payoneer,13.09,failed,1
TX0001197,PR001106,FL00007,3186.0,PKR,2024-01-09,Bank Transfer,6.25,pending,0
TX0001198,PR000204,FL00200,2894.0,USD,2024-08-29,STRIPE,19.82,failed,1
TX0001199,PR001053,,4669.0,PKR,2022-01-15,Wise,19.5,success,0
TX0001200,,FL00247,3634.0,BDT,2024-01-08,PayPal,15.23,refunded,1
TX0001201,PR000253,,2359.0,USD,2021-02-02,Wise,17.71,success,0
TX0001202,PR000755,FL00301,270.0,EUR,2023-11-22,Wise,15.29,pending,1
TX0001203,PR001061,FL00424,1302.0,EUR,2024-05-28,BANK TRANSFER,18.95,success,0
TX0001204,PR000331,FL00299,388991.0,GBP,2024-08-10,PayPal,6.96,success,1
TX0001205,PR000816,FL00323,7143.0,GBP,2023-11-30,PayPal,15.77,failed,1
TX0001206,PR000336,FL00441,3165.0,USD,2023-11-15,PayPal,18.2,refunded,1
TX0001207,PR000172,FL00147,131.0,USD,2022-12-01,Bank Transfer,19.08,pending,1
TX0001208,PR000624,FL00122,2726.0,EUR,2020-11-01,Payoneer,9.43,pending,1
TX0001209,PR000349,FL00412,7126.0,EUR,2023-09-10,PayPal,18.94,success,1
TX0001210,PR000175,FL00362,6738.0,USD,2024-12-19,Payoneer,8.84,success,0
TX0001211,PR000129,FL00297,5966.0,USD,2020-05-31,Bank Transfer,,refunded,0
TX0001212,PR000993,FL00276,2561.0,USD,2023-02-07,Crypto,17.51,success,0
TX0001213,PR000422,FL00277,7573.0,USD,2020-03-19,Bank Transfer,17.62,success,0
TX0001214,PR000827,FL00334,1225.0,GBP,2024-05-03,Bank Transfer,14.86,refunded,0
TX0001215,PR000872,FL00310,562.0,EUR,2020-12-19,Crypto,6.11,pending,1
TX0001216,PR000451,FL00421,7485.0,USD,,Wise,20.96,refunded,0
TX0001217,PR000177,FL00278,2805.0,INR,2024-04-04,Bank Transfer,6.44,success,0
TX0001218,PR000455,FL00018,1294.0,USD,2022-07-23,PayPal,17.82,refunded,0
TX0001219,PR000674,FL00051,2487.0,USD,2020-06-26,PayPal,,success,0
TX0001220,PR000425,FL00226,5683.0,PKR,2021-09-16,Bank Transfer,9.23,success,0
TX0001221,PR000097,FL00113,-4267.0,USD,,,14.76,success,0
TX0001222,PR000744,FL00364,3486.0,gbp,2020-08-15,Stripe,11.04,success,1
TX0001223,PR000251,FL00025,4223.0,USD,2024-05-24,Stripe,7.83,success,0
TX0001224,PR001039,FL00303,5149.0,INR,2022-06-01,Crypto,13.76,refunded,0
TX0001225,PR000511,FL00423,6936.0,USD,2020-07-06,,5.45,pending,1
TX0001226,PR000429,FL00056,7559.0,PKR,2023-02-16,Stripe,12.3,success,0
TX0001227,PR000246,FL00361,7556.0,USD,2023-04-16,PayPal,9.55,success,1
TX0001228,PR000986,FL00202,4777.0,PKR,2021-01-02,PayPal,18.69,failed,1
TX0001229,PR001106,FL00110,7086.0,EUR,2020-06-23,Crypto,11.49,success,0
TX0001230,PR000334,FL00498,5460.0,,2021-10-12,Bank Transfer,12.66,success,1
TX0001231,PR000823,FL00164,5016.0,PKR,2023-04-30,PayPal,14.09,success,1
TX0001232,PR000862,,6916.0,,2023-10-05,Payoneer,16.28,success,0
TX0001233,PR000190,FL00167,5028.0,USD,2020-10-21,,6.47,refunded,1
TX0001234,PR000020,FL00316,6895.0,USD,2022-01-06,Payoneer,8.76,failed,0
TX0001235,PR000547,FL00497,6394.0,PKR,2023-11-18,Payoneer,15.2,success,0
TX0001236,PR000770,FL00173,4185.0,bdt,2022-04-16,Crypto,10.81,pending,1
TX0001237,PR000994,FL00229,7583.0,USD,2023-08-05,PAYONEER,18.57,success,1
TX0001238,PR001164,,,USD,2022-12-29,Stripe,12.34,pending,1
TX0001239,PR000513,FL00348,2015.0,INR,2023-05-06,Crypto,,success,0
TX0001240,,FL00375,6702.0,PKR,,Wise,17.71,failed,0
TX0001241,PR000201,FL00090,3795.0,USD,2020-11-19,PayPal,,pending,1
TX0001242,PR000353,FL00316,,USD,2020-11-25,Wise,10.95,success,1
TX0001243,PR000075,FL00118,4664.0,INR,2022-02-16,Crypto,11.59,pending,0
TX0001244,PR001009,FL00384,3189.0,PKR,2020-11-07,PayPal,7.81,failed,0
TX0001245,PR000347,FL00390,4109.0,USD,2021-05-21,Bank Transfer,12.0,refunded,0
TX0001246,PR000137,FL00370,509.0,INR,2022-06-02,PayPal,19.37,success,0
TX0001247,PR000682,FL00486,3483.0,USD,2024-08-02,Stripe,14.85,pending,1
TX0001248,PR000742,FL00148,5567.0,INR,2023-12-15,Bank Transfer,11.99,success,1
TX0001249,PR001157,FL00034,3613.0,,2022-12-12,Bank Transfer,13.67,success,0
TX0001250,PR000516,FL00022,3034.0,USD,2024-08-05,Crypto,9.27,failed,0
TX0001251,PR001026,,6814.0,EUR,2021-10-19,PayPal,18.72,failed,0
TX0001252,PR000217,FL00309,5919.0,USD,2024-01-19,Stripe,20.92,failed,1
TX0001253,PR000824,FL00445,1875.0,USD,2024-10-03,Crypto,16.32,success,1
TX0001254,PR000906,FL00198,,USD,2020-07-30,Payoneer,14.86,success,1
TX0001255,PR000824,FL00273,7294.0,USD,2022-12-05,Crypto,10.4,pending,1
TX0001256,PR000440,FL00391,,USD,2024-01-08,,10.54,pending,1
TX0001257,PR000794,FL00167,1921.0,EUR,2022-06-12,Payoneer,17.48,success,0
TX0001258,PR000754,FL00034,781.0,INR,2020-12-15,,15.87,success,1
TX0001259,PR000087,FL00029,6033.0,USD,2024-11-18,Crypto,6.05,pending,0
TX0001260,PR001041,,4853.0,eur,2024-10-10,Payoneer,6.88,success,1
TX0001261,PR001147,FL00422,7837.0,USD,2021-05-24,Crypto,19.02,failed,0
TX0001262,PR000408,FL00232,2060.0,GBP,2024-08-18,Crypto,15.31,success,1
TX0001263,PR001200,FL00079,6850.0,INR,2023-10-14,Stripe,12.26,refunded,1
TX0001264,PR001152,FL00108,3249.0,INR,2022-01-25,Wise,19.74,failed,0
TX0001265,PR000763,FL00149,1260.0,INR,2022-09-03,Crypto,10.28,failed,0
TX0001266,,,4957.0,USD,2021-01-31,CRYPTO,16.7,refunded,0
TX0001267,PR000812,FL00259,2834.0,USD,2024-02-04,Stripe,16.95,success,0
TX0001268,PR000180,FL00417,5702.0,INR,2021-12-27,Wise,11.96,success,0
TX0001269,PR000162,FL00140,-1124.0,USD,2024-06-22,Bank Transfer,,success,0
TX0001270,PR000087,FL00324,1261.0,PKR,2023-04-04,Crypto,17.7,success,0
TX0001271,PR000355,FL00325,2990.0,PKR,2021-09-11,Wise,,success,0
TX0001272,PR000926,FL00364,2964.0,USD,2024-01-03,Bank Transfer,7.41,pending,1
TX0001273,PR000624,FL00455,3759.0,BDT,2024-06-22,Crypto,6.1,success,0
TX0001274,PR000107,FL00096,7907.0,USD,2024-03-12,Payoneer,12.74,failed,0
TX0001275,PR001188,FL00281,4223.0,USD,2022-03-05,Payoneer,11.72,refunded,0
TX0001276,PR000328,FL00169,3781.0,GBP,2021-08-25,Bank Transfer,18.46,failed,0
TX0001277,PR000867,FL00437,3495.0,EUR,2020-01-05,PayPal,5.43,failed,0
TX0001278,PR000143,FL00374,2136.0,USD,2022-03-09,Bank Transfer,8.06,failed,1
TX0001279,PR000883,FL00392,6013.0,EUR,2023-03-01,PayPal,14.45,success,0
TX0001280,PR000801,,6200.0,,2021-11-07,Bank Transfer,16.15,success,0
TX0001281,PR000028,,5059.0,PKR,2020-08-10,Crypto,11.99,success,1
TX0001282,PR000426,FL00127,5298.0,GBP,2024-12-25,Wise,5.01,success,1
TX0001283,PR000769,FL00203,670.0,BDT,2024-06-29,Wise,13.84,failed,1
TX0001284,PR000998,FL00088,5937.0,INR,2021-11-26,Stripe,19.48,pending,0
TX0001285,PR000530,FL00451,5280.0,EUR,2021-02-02,PAYONEER,5.58,failed,1
TX0001286,PR000834,FL00346,736.0,GBP,2022-08-09,Stripe,16.66,success,0
TX0001287,PR000531,FL00369,2912.0,INR,2020-04-24,PayPal,5.17,pending,1
TX0001288,PR000112,FL00344,2036.0,PKR,2021-11-02,Bank Transfer,5.76,pending,0
TX0001289,PR000686,FL00243,2060.0,USD,2023-08-05,STRIPE,6.16,refunded,0
TX0001290,PR000562,FL00361,810775.0,PKR,2020-10-12,Crypto,16.94,failed,0
TX0001291,PR000871,FL00050,2086.0,INR,2022-11-17,Wise,6.69,refunded,1
TX0001292,,FL00081,3810.0,USD,2023-07-03,Wise,18.3,success,1
TX0001293,PR000386,FL00392,2000.0,USD,2021-11-18,Bank Transfer,20.13,refunded,0
TX0001294,PR000623,FL00016,6667.0,INR,2022-07-27,Stripe,17.38,failed,0
TX0001295,PR000781,FL00356,7165.0,USD,2022-07-25,Stripe,19.75,pending,1
TX0001296,PR000286,FL00298,-1693.0,EUR,2020-06-25,PayPal,6.04,pending,0
TX0001297,PR000283,FL00167,7066.0,PKR,2023-08-27,Bank Transfer,6.38,refunded,1
TX0001298,PR000805,FL00266,-4528.0,PKR,2024-08-04,Wise,20.6,success,1
TX0001299,PR000493,FL00077,3901.0,USD,2021-07-10,Payoneer,14.55,success,0
TX0001300,PR001119,FL00041,502411.0,USD,2020-12-29,Crypto,17.2,success,0
TX0001301,PR000935,FL00495,,USD,2023-06-18,Bank Transfer,5.36,success,0
TX0001302,PR000762,FL00371,7238.0,USD,2023-06-07,Stripe,19.53,success,0
TX0001303,PR000272,FL00480,,PKR,2021-01-01,Stripe,10.34,success,1
TX0001304,PR000225,FL00346,413.0,USD,2024-04-29,PayPal,8.77,pending,0
TX0001305,PR001116,FL00265,1123.0,EUR,2024-04-02,Payoneer,15.71,pending,0
TX0001306,PR000900,FL00310,4105.0,PKR,2022-03-29,Stripe,13.91,refunded,1
TX0001307,PR000063,FL00034,595.0,USD,2020-01-18,Crypto,16.37,success,1
TX0001308,PR000486,FL00166,4726.0,USD,2022-07-31,Payoneer,20.33,success,1
TX0001309,PR000795,FL00398,1094.0,GBP,2023-05-10,Payoneer,16.48,success,1
TX0001310,PR001187,FL00039,6516.0,GBP,2020-10-20,Crypto,17.26,success,1
TX0001311,PR000004,FL00498,,PKR,2024-06-18,Crypto,,success,0
TX0001312,PR000128,FL00135,3982.0,BDT,2024-07-26,Wise,14.14,success,1
TX0001313,PR000074,FL00085,1639.0,EUR,2023-08-29,Wise,,success,1
TX0001314,,FL00407,1327.0,GBP,2024-03-29,Crypto,12.57,success,1
TX0001315,PR001029,FL00336,927.0,GBP,2024-08-28,Crypto,10.11,success,0
TX0001316,PR000251,FL00323,1637.0,INR,2022-09-29,PayPal,13.45,success,1
TX0001317,PR000836,FL00479,4992.0,EUR,2021-02-18,Wise,20.07,success,0
TX0001318,PR000314,FL00194,6174.0,USD,2022-03-01,Bank Transfer,6.73,refunded,1
TX0001319,PR000208,FL00017,4901.0,USD,2021-01-25,Wise,16.49,success,1
TX0001320,PR000198,FL00354,2871.0,USD,2024-02-15,Bank Transfer,5.98,refunded,1
TX0001321,PR001104,FL00195,6842.0,EUR,2021-11-30,Crypto,9.29,refunded,1
TX0001322,PR000993,FL00182,5565.0,USD,2024-10-27,Payoneer,12.7,success,1
TX0001323,PR000701,FL00222,307.0,USD,2024-05-13,Payoneer,19.21,refunded,0
TX0001324,PR000570,FL00044,-3118.0,USD,2024-06-27,Stripe,11.56,success,0
TX0001325,PR000115,FL00116,2316.0,USD,2022-07-15,Stripe,15.29,success,0
TX0001326,PR000045,FL00302,6841.0,INR,2022-07-17,Bank Transfer,,failed,0
TX0001327,PR000755,FL00085,2771.0,USD,2022-03-13,Wise,19.66,success,0
TX0001328,PR000242,FL00461,1988.0,INR,2023-03-08,Payoneer,10.81,success,1
TX0001329,PR000114,FL00308,2315.0,USD,2022-12-13,Stripe,15.17,refunded,0
TX0001330,PR000908,FL00140,2691.0,EUR,2023-03-26,Payoneer,,pending,1
TX0001331,PR000914,FL00467,3757.0,INR,2020-10-10,Crypto,7.92,success,0
TX0001332,PR001047,FL00113,265.0,BDT,2023-10-14,,15.86,pending,1
TX0001333,PR000921,FL00047,7707.0,INR,2021-02-23,Stripe,14.6,refunded,0
TX0001334,PR000636,FL00375,2716.0,GBP,2023-05-22,Stripe,10.4,failed,0
TX0001335,PR000075,FL00066,6602.0,INR,2024-05-11,Bank Transfer,5.09,success,1
TX0001336,PR001162,FL00267,6111.0,EUR,2021-06-06,Stripe,,success,0
TX0001337,PR000539,,6749.0,USD,,Payoneer,10.63,success,1
TX0001338,,FL00491,5822.0,USD,2020-02-13,Wise,10.4,pending,1
TX0001339,PR000943,FL00224,135.0,EUR,2022-10-13,PayPal,8.17,success,0
TX0001340,PR000397,FL00288,818.0,USD,2022-11-26,PayPal,,refunded,0
TX0001341,PR000241,FL00397,276.0,INR,2023-01-29,PayPal,,success,0
TX0001342,PR001116,FL00184,609009.0,INR,2024-11-04,Stripe,16.18,success,1
TX0001343,PR000137,FL00433,,GBP,2023-11-18,Payoneer,10.46,refunded,1
TX0001344,PR000594,FL00030,6671.0,PKR,2022-07-26,PayPal,20.61,failed,1
TX0001345,PR001117,FL00163,2442.0,PKR,2022-04-18,Stripe,12.51,success,0
TX0001346,PR001150,FL00352,767.0,GBP,2020-08-06,PayPal,20.41,success,1
TX0001347,PR000535,FL00269,3773.0,USD,2021-11-20,Bank Transfer,19.25,refunded,1
TX0001348,PR001165,FL00080,,INR,2023-09-10,Wise,8.19,pending,0
TX0001349,PR001188,FL00141,5466.0,GBP,2024-03-26,Payoneer,10.09,success,1
TX0001350,PR000420,FL00381,2140.0,BDT,,Bank Transfer,18.54,refunded,0
TX0001351,PR000863,FL00053,6730.0,EUR,2023-10-18,,9.75,failed,0
TX0001352,PR000103,FL00144,1161.0,USD,2024-06-20,Stripe,8.56,success,0
TX0001353,PR000207,FL00439,7658.0,GBP,2021-06-21,PayPal,20.76,success,0
TX0001354,PR000588,FL00199,3308.0,BDT,2020-07-03,Bank Transfer,20.13,success,0
TX0001355,PR000701,FL00222,7740.0,PKR,2020-07-13,Wise,18.64,success,1
TX0001356,PR000470,,1442.0,EUR,2021-03-27,Wise,15.49,refunded,1
TX0001357,PR000260,FL00283,7461.0,USD,2022-11-10,Bank Transfer,20.13,failed,1
TX0001358,PR000164,FL00212,4399.0,BDT,2023-01-30,Wise,15.23,failed,1
TX0001359,PR000577,FL00004,3876.0,PKR,2024-08-12,Bank Transfer,14.97,success,1
TX0001360,PR001136,FL00415,3062.0,EUR,2024-07-15,PayPal,18.63,pending,0
TX0001361,PR000045,FL00340,1787.0,EUR,2021-08-15,Crypto,11.65,success,0
TX0001362,PR000725,FL00318,3633.0,BDT,2021-12-30,Stripe,20.75,success,0
TX0001363,PR000023,FL00158,2802.0,EUR,2024-03-31,PayPal,7.74,refunded,0
TX0001364,PR000166,FL00496,692414.0,USD,2023-08-17,Payoneer,10.63,pending,0
TX0001365,PR000087,FL00032,4825.0,USD,2022-02-02,Stripe,,refunded,1
TX0001366,PR000212,FL00403,2979.0,usd,2022-01-14,Wise,5.76,success,0
TX0001367,PR000892,FL00018,882.0,EUR,,Wise,9.94,failed,1
TX0001368,PR000984,FL00285,2539.0,EUR,2022-09-15,Wise,19.84,success,1
TX0001369,PR001071,FL00265,5882.0,EUR,2021-09-02,PayPal,8.39,success,1
TX0001370,PR000084,FL00232,2961.0,USD,2024-04-17,Wise,19.44,success,1
TX0001371,PR000980,FL00189,311.0,INR,2023-10-03,Stripe,16.9,success,1
TX0001372,PR000858,FL00074,6451.0,USD,2022-03-22,Crypto,13.03,pending,1
TX0001373,PR000527,FL00074,3028.0,EUR,2021-04-15,Stripe,10.45,refunded,1
TX0001374,PR000795,FL00273,403.0,USD,2023-02-20,Payoneer,11.73,failed,0
TX0001375,PR000927,FL00115,1503.0,EUR,2023-08-30,Stripe,14.23,success,0
TX0001376,PR000143,FL00430,2689.0,BDT,2024-02-04,Bank Transfer,,success,0
TX0001377,PR000431,FL00059,1084.0,PKR,2020-04-25,Wise,5.04,failed,0
TX0001378,PR000033,FL00491,1726.0,PKR,2023-07-21,Stripe,6.11,refunded,0
TX0001379,PR001030,FL00357,4014.0,BDT,2021-09-26,Crypto,19.39,pending,1
TX0001380,PR001072,FL00068,730.0,usd,2020-07-23,,15.22,pending,1
TX0001381,PR000033,FL00180,4880.0,GBP,2022-10-17,PayPal,11.67,success,1
TX0001382,PR000453,FL00191,1529.0,USD,2023-11-19,Crypto,5.57,success,1
TX0001383,,FL00222,468.0,GBP,2020-02-15,Bank Transfer,12.85,success,1
TX0001384,PR000472,FL00481,6774.0,USD,2021-03-26,PayPal,15.55,success,1
TX0001385,,FL00226,6587.0,GBP,2023-12-13,Bank Transfer,7.1,failed,1
TX0001386,PR000594,FL00416,2823.0,EUR,2024-04-22,PayPal,12.91,refunded,1
TX0001387,PR000446,,7026.0,USD,2022-05-11,Bank Transfer,19.43,success,1
TX0001388,PR000367,FL00024,7180.0,EUR,2021-08-16,Stripe,10.33,pending,0
TX0001389,PR000288,FL00260,3582.0,USD,2022-06-20,Payoneer,11.12,success,1
TX0001390,PR000880,FL00079,4385.0,PKR,2023-07-19,,19.3,success,0
TX0001391,PR000525,FL00435,,,2024-01-23,Stripe,15.1,success,0
TX0001392,PR000328,FL00236,2219.0,INR,2020-03-21,PayPal,19.61,success,1
TX0001393,,FL00445,2083.0,INR,2022-07-14,Bank Transfer,5.75,refunded,0
TX0001394,PR001145,FL00456,,USD,2023-02-02,Crypto,19.82,pending,1
TX0001395,PR000544,FL00194,,USD,2020-08-02,Payoneer,5.16,success,1
TX0001396,PR000896,FL00066,2051.0,,2021-03-27,,12.83,failed,0
TX0001397,PR000725,FL00023,637672.0,EUR,2021-02-24,Wise,7.99,success,0
TX0001398,PR001099,FL00257,4589.0,PKR,2021-08-05,Wise,19.47,failed,1
TX0001399,PR000253,FL00032,422.0,USD,2022-12-07,PayPal,12.71,success,0
TX0001400,PR001020,FL00439,714.0,EUR,2023-03-19,PAYONEER,10.88,success,1
TX0001401,PR001045,FL00393,4314.0,EUR,,Payoneer,10.2,refunded,0
TX0001402,PR000803,FL00096,6008.0,EUR,2022-05-25,Bank Transfer,11.28,refunded,0
TX0001403,PR001102,FL00306,-6105.0,GBP,2022-07-09,,19.59,failed,1
TX0001404,PR000382,FL00392,7516.0,INR,2023-08-04,Bank Transfer,17.65,pending,1
TX0001405,PR000060,FL00141,6517.0,INR,2024-07-15,Payoneer,10.21,pending,1
TX0001406,PR000069,FL00461,1939.0,BDT,2020-06-27,Bank Transfer,,refunded,1
TX0001407,PR001134,FL00306,2076.0,GBP,2024-01-18,Wise,8.37,success,1
TX0001408,PR001017,FL00001,7128.0,USD,2024-10-30,Stripe,18.42,failed,0
TX0001409,PR000873,FL00407,7063.0,PKR,2020-12-15,Payoneer,7.0,pending,0
TX0001410,PR000102,FL00005,7499.0,EUR,2021-07-17,,18.32,refunded,1
TX0001411,PR001090,FL00304,4029.0,GBP,2023-03-08,Crypto,18.84,refunded,0
TX0001412,PR000604,FL00330,4884.0,GBP,2023-01-26,Wise,12.81,failed,0
TX0001413,PR000973,FL00435,1484.0,USD,2020-04-07,Wise,9.3,success,0
TX0001414,PR000766,FL00095,7685.0,PKR,2022-03-24,Stripe,,failed,0
TX0001415,PR000665,FL00347,7727.0,USD,2020-12-04,Stripe,20.09,pending,1
TX0001416,PR000947,FL00163,1822.0,INR,2024-04-01,Payoneer,,success,0
TX0001417,PR000008,FL00093,318.0,BDT,2023-10-14,PayPal,11.42,failed,1
TX0001418,PR000971,,6718.0,BDT,2020-04-12,Stripe,8.2,failed,0
TX0001419,PR001193,FL00115,5404.0,EUR,2023-10-24,Wise,,success,0
TX0001420,PR000510,FL00191,5836.0,,2023-11-10,Payoneer,13.78,success,1
TX0001421,PR000191,FL00418,7304.0,EUR,2023-03-09,Stripe,9.62,pending,1
TX0001422,PR000336,FL00073,3567.0,USD,2023-09-19,Stripe,20.55,pending,1
TX0001423,PR000672,FL00368,4025.0,GBP,2020-06-25,PayPal,18.41,refunded,0
TX0001424,PR001192,FL00108,6222.0,BDT,2022-11-16,Payoneer,6.72,success,0
TX0001425,PR000482,FL00263,7429.0,USD,2023-07-31,Bank Transfer,6.75,refunded,1
TX0001426,PR001104,FL00374,7993.0,USD,,PAYONEER,20.51,success,0
TX0001427,PR000580,FL00004,6406.0,BDT,2024-06-19,PAYPAL,9.61,failed,0
TX0001428,,FL00209,4467.0,USD,2020-06-07,PAYONEER,15.14,refunded,1
TX0001429,PR001049,,994.0,GBP,2023-06-22,PayPal,8.18,refunded,0
TX0001430,PR000816,FL00038,,USD,2022-12-08,Wise,5.86,success,0
TX0001431,PR000639,FL00059,,BDT,2022-07-03,PayPal,9.61,success,1
TX0001432,PR000083,FL00113,3190.0,USD,2023-07-18,Crypto,14.66,pending,1
TX0001433,PR000878,FL00303,2189.0,BDT,2022-10-28,Crypto,11.08,pending,0
TX0001434,PR000876,FL00334,1597.0,GBP,2023-10-31,PayPal,19.67,success,1
TX0001435,PR000641,FL00345,3397.0,INR,2022-05-07,Wise,5.82,refunded,1
TX0001436,PR000550,FL00064,4673.0,EUR,2020-03-20,Payoneer,9.89,success,0
TX0001437,PR001023,FL00329,5531.0,BDT,2021-01-13,STRIPE,15.2,refunded,1
TX0001438,PR000467,FL00017,4616.0,PKR,,Payoneer,13.58,failed,1
TX0001439,PR000780,FL00238,5014.0,USD,2021-04-02,Payoneer,14.42,success,1
TX0001440,PR000800,FL00247,5280.0,GBP,2022-03-18,Payoneer,11.73,refunded,0
TX0001441,PR000689,FL00096,5081.0,INR,2023-09-30,Bank Transfer,12.5,success,0
TX0001442,PR000736,FL00404,5696.0,USD,2024-06-05,Crypto,14.86,success,0
TX0001443,PR001145,FL00429,4882.0,PKR,2022-01-09,Bank Transfer,10.03,success,0
TX0001444,PR000478,FL00058,271053.0,EUR,2024-04-26,Payoneer,20.8,pending,0
TX0001445,PR000488,FL00086,488.0,INR,2020-11-11,,19.68,success,1
TX0001446,PR000468,FL00087,5987.0,eur,,PayPal,12.17,failed,0
TX0001447,PR000041,FL00190,7844.0,USD,2023-11-17,PayPal,9.53,success,1
TX0001448,PR000166,FL00160,4712.0,PKR,2020-07-10,Bank Transfer,8.46,success,0
TX0001449,PR001019,FL00328,7613.0,USD,2020-11-04,,18.04,success,0
TX0001450,PR000793,FL00115,2178.0,USD,2022-10-15,Crypto,6.6,refunded,0
TX0001451,PR000549,FL00134,3292.0,INR,2022-02-25,Bank Transfer,19.18,failed,0
TX0001452,PR001166,FL00029,1433.0,USD,2023-06-25,Payoneer,8.82,success,0
TX0001453,PR000744,FL00383,7747.0,PKR,2021-06-19,Bank Transfer,5.21,refunded,0
TX0001454,PR000224,FL00008,3093.0,USD,2023-11-17,Payoneer,9.03,success,1
TX0001455,PR000697,FL00157,-3012.0,USD,2023-02-22,,11.96,success,1
TX0001456,PR001181,FL00481,-206.0,EUR,2022-06-21,Stripe,11.18,success,1
TX0001457,PR000475,FL00086,2831.0,eur,2023-07-15,PayPal,16.51,success,1
TX0001458,PR001125,FL00198,6207.0,USD,2022-02-28,Bank Transfer,8.18,success,1
TX0001459,PR000290,FL00290,5488.0,,2024-10-15,Wise,19.84,refunded,1
TX0001460,PR000837,FL00259,556.0,USD,2022-08-20,Stripe,11.69,success,0
TX0001461,PR000320,FL00318,6060.0,USD,2023-07-07,Payoneer,12.58,success,1
TX0001462,PR000872,FL00139,5930.0,BDT,2024-05-03,Bank Transfer,6.74,success,0
TX0001463,,FL00091,6945.0,USD,2020-09-23,Stripe,15.28,success,0
TX0001464,PR000216,FL00423,4899.0,USD,2021-03-10,Bank Transfer,5.62,success,0
TX0001465,PR001026,FL00196,3635.0,INR,2023-07-06,Payoneer,13.78,pending,1
TX0001466,PR000734,FL00211,6274.0,USD,2024-06-30,Wise,19.03,success,1
TX0001467,PR000066,FL00140,3029.0,PKR,2023-10-08,Payoneer,5.21,success,1
TX0001468,PR001065,FL00076,6116.0,PKR,2023-08-15,Bank Transfer,7.66,success,0
TX0001469,PR000588,FL00094,3406.0,BDT,2024-08-22,PayPal,9.45,pending,0
TX0001470,PR001055,FL00119,3910.0,USD,2022-10-11,Payoneer,5.15,success,0
TX0001471,PR001082,FL00353,4928.0,INR,2020-08-01,Crypto,13.2,success,1
TX0001472,PR001000,,899833.0,USD,2022-12-18,Payoneer,11.66,pending,0
TX0001473,PR000139,FL00360,3868.0,USD,2020-10-03,,6.25,success,0
TX0001474,PR000167,FL00005,1338.0,INR,2021-08-05,Stripe,15.97,pending,1
TX0001475,PR000525,FL00089,7514.0,USD,2020-03-19,Crypto,15.38,failed,0
TX0001476,PR001086,FL00343,964073.0,USD,2020-02-08,Payoneer,18.39,pending,1
TX0001477,PR000851,FL00119,6290.0,USD,2020-08-30,Wise,10.8,pending,0
TX0001478,PR001168,FL00030,590.0,USD,2023-05-18,Wise,11.68,success,1
TX0001479,PR000006,FL00275,7908.0,USD,2022-02-15,Crypto,16.1,pending,1
TX0001480,PR000850,FL00181,779.0,INR,2023-02-13,Crypto,11.65,pending,1
TX0001481,PR000748,FL00205,7244.0,BDT,,Bank Transfer,18.37,failed,0
TX0001482,PR000479,FL00348,2049.0,EUR,2022-12-04,Wise,14.69,success,1
TX0001483,PR000492,FL00038,5808.0,BDT,2024-04-25,Bank Transfer,6.51,refunded,1
TX0001484,PR000486,FL00441,2040.0,USD,2024-04-25,WISE,19.36,failed,0
TX0001485,PR000813,FL00076,2363.0,USD,2023-12-01,Bank Transfer,10.42,pending,0
TX0001486,PR000203,,5039.0,USD,2023-11-10,Stripe,19.71,success,0
TX0001487,PR000345,FL00254,4619.0,BDT,2024-12-04,Wise,,failed,1
TX0001488,PR000880,FL00056,-5595.0,INR,2023-01-22,,18.16,refunded,0
TX0001489,PR000571,FL00389,7918.0,USD,2024-07-15,Crypto,8.39,refunded,1
TX0001490,PR000711,FL00377,,PKR,2024-04-08,Crypto,11.97,success,0
TX0001491,PR000744,FL00394,7151.0,EUR,2023-11-23,Bank Transfer,8.44,success,0
TX0001492,PR000009,FL00039,6148.0,GBP,2024-08-07,Payoneer,18.06,failed,1
TX0001493,PR000139,FL00174,5464.0,EUR,2021-05-19,PayPal,7.42,success,0
TX0001494,PR001124,FL00339,3384.0,GBP,2024-07-23,Crypto,14.77,pending,1
TX0001495,PR000943,FL00490,,USD,2023-09-18,Stripe,16.37,success,0
TX0001496,PR000986,FL00389,2122.0,GBP,2023-03-11,PayPal,6.36,refunded,1
TX0001497,PR000143,FL00316,6870.0,BDT,,Crypto,16.7,refunded,0
TX0001498,PR000994,FL00400,1075.0,INR,2021-07-23,PayPal,17.66,success,0
TX0001499,PR001144,FL00304,7896.0,USD,2023-08-28,Payoneer,15.94,pending,1
TX0001500,PR000876,FL00243,-3346.0,USD,2022-04-10,Bank Transfer,8.91,success,1
TX0001501,PR001160,FL00025,6249.0,BDT,2024-04-22,Wise,13.0,refunded,0
TX0001502,PR000949,FL00184,7017.0,PKR,2021-09-14,Wise,17.22,success,0
TX0001503,PR000088,FL00152,493.0,USD,2023-09-20,Crypto,10.62,pending,1
TX0001504,PR000539,,3941.0,GBP,2023-09-16,Crypto,9.99,success,1
TX0001505,PR000326,FL00463,7082.0,USD,2022-02-25,Wise,14.22,pending,0
TX0001506,PR000353,FL00407,2301.0,USD,2021-04-14,Payoneer,11.49,refunded,1
TX0001507,PR000182,FL00208,2369.0,GBP,2020-11-29,Payoneer,14.87,success,0
TX0001508,PR000015,FL00260,4531.0,PKR,2023-07-05,Wise,8.33,success,0
TX0001509,PR000401,FL00298,7029.0,USD,2023-01-06,Wise,12.29,success,0
TX0001510,PR001175,FL00342,4711.0,BDT,2022-06-28,Wise,17.38,failed,0
TX0001511,PR001043,FL00200,7465.0,EUR,2024-08-19,Stripe,13.8,pending,1
TX0001512,PR001043,FL00351,1214.0,usd,2023-07-27,Payoneer,14.42,success,0
TX0001513,PR000431,FL00032,6553.0,INR,2023-02-21,Wise,13.91,success,0
TX0001514,PR000465,FL00220,2658.0,USD,2022-11-13,PayPal,19.97,pending,0
TX0001515,PR000150,FL00364,1590.0,USD,2024-03-11,,11.43,success,1
TX0001516,PR000545,FL00353,6159.0,USD,2023-01-11,Wise,10.36,success,1
TX0001517,PR000343,FL00288,272197.0,USD,2021-06-14,PayPal,19.93,refunded,1
TX0001518,PR001059,FL00375,4926.0,PKR,2021-10-11,Wise,6.64,success,1
TX0001519,PR000187,FL00174,963578.0,GBP,2024-03-03,Crypto,8.82,success,1
TX0001520,PR000364,FL00469,3461.0,USD,2023-04-01,Crypto,6.99,refunded,0
TX0001521,PR000486,FL00408,6973.0,BDT,2020-08-20,Crypto,20.31,success,0
TX0001522,PR000141,FL00223,7088.0,PKR,2021-12-02,Bank Transfer,13.16,pending,1
TX0001523,PR000461,FL00131,144.0,BDT,2020-02-22,Crypto,19.85,success,1
TX0001524,PR000809,FL00333,290.0,BDT,2020-09-29,Crypto,14.69,success,0
TX0001525,PR001182,FL00317,1693.0,INR,2021-02-11,Payoneer,18.75,refunded,0
TX0001526,PR000819,FL00272,3977.0,PKR,2021-08-14,PayPal,20.8,success,0
TX0001527,PR000683,FL00073,2932.0,PKR,,Wise,11.72,success,0
TX0001528,PR000363,FL00384,2527.0,USD,2022-08-30,PayPal,7.46,pending,1
TX0001529,PR000471,FL00364,3679.0,USD,2020-09-28,Wise,15.43,success,1
TX0001530,PR000477,FL00327,7335.0,GBP,2021-11-25,PayPal,17.85,success,1
TX0001531,PR000498,FL00295,2106.0,EUR,,Wise,10.44,pending,1
TX0001532,PR000244,,6261.0,,2020-03-31,Stripe,7.49,failed,1
TX0001533,PR000423,FL00349,814.0,INR,2024-04-02,PayPal,12.13,failed,0
TX0001534,PR000299,FL00356,6484.0,BDT,2020-05-11,Wise,15.55,pending,1
TX0001535,PR001067,FL00016,7278.0,USD,2023-08-18,Wise,5.43,success,1
TX0001536,PR000062,FL00173,3874.0,GBP,2022-08-21,Bank Transfer,17.01,failed,0
TX0001537,PR000701,FL00080,3013.0,USD,2020-06-02,,,refunded,0
TX0001538,PR000329,FL00262,706.0,PKR,2020-10-27,Crypto,17.63,refunded,0
TX0001539,PR000206,,4490.0,BDT,2024-12-26,Payoneer,18.5,success,0
TX0001540,PR000167,FL00407,4796.0,INR,2021-06-13,Bank Transfer,14.08,success,1
TX0001541,PR000918,FL00288,6646.0,INR,2022-12-11,Payoneer,8.51,failed,0
TX0001542,PR000666,FL00400,5232.0,PKR,2024-02-10,Crypto,5.94,pending,0
TX0001543,PR000402,FL00310,4873.0,BDT,2022-05-05,PayPal,17.68,pending,1
TX0001544,PR000447,,7183.0,PKR,,Payoneer,17.92,success,1
TX0001545,PR000269,FL00228,1120.0,USD,2023-06-06,Bank Transfer,9.48,refunded,0
TX0001546,PR000318,FL00383,5671.0,,2022-04-01,Wise,17.91,success,0
TX0001547,PR000378,FL00062,1930.0,USD,2020-08-12,PAYONEER,12.64,pending,0
TX0001548,PR000840,FL00132,6924.0,GBP,2024-12-01,PayPal,9.46,pending,1
TX0001549,PR000131,,5676.0,USD,2023-07-13,Stripe,16.47,success,0
TX0001550,PR001151,FL00495,7012.0,USD,2023-10-20,Wise,12.61,success,1
TX0001551,PR000575,FL00230,3838.0,PKR,2022-11-23,Bank Transfer,13.31,success,0
TX0001552,PR000968,FL00443,2815.0,USD,2022-03-10,Stripe,8.31,success,0
TX0001553,PR000290,FL00142,4903.0,USD,,BANK TRANSFER,17.69,success,1
TX0001554,PR000046,FL00262,2575.0,USD,2020-08-18,Wise,14.52,refunded,1
TX0001555,PR000827,FL00176,4489.0,INR,2023-06-13,Payoneer,15.99,failed,1
TX0001556,PR000746,FL00290,5788.0,INR,2020-09-21,Bank Transfer,9.83,success,0
TX0001557,PR000089,FL00259,3212.0,GBP,2020-07-10,Payoneer,18.71,failed,0
TX0001558,PR000858,FL00448,804.0,INR,2024-11-05,Crypto,19.35,success,1
TX0001559,PR000025,FL00435,-500.0,USD,2022-05-04,Stripe,7.72,refunded,0
TX0001560,PR000119,FL00133,-3669.0,PKR,2024-12-19,Wise,17.33,success,1
TX0001561,PR000996,FL00073,3495.0,INR,2023-03-15,Wise,6.16,failed,0
TX0001562,PR001032,,7785.0,USD,2024-05-10,Bank Transfer,18.21,failed,1
TX0001563,PR000472,FL00169,2367.0,,2024-12-06,Stripe,20.65,failed,0
TX0001564,PR000420,FL00222,3152.0,USD,2022-01-23,PayPal,16.33,success,1
TX0001565,PR000047,FL00037,1768.0,BDT,2022-03-17,PAYPAL,20.0,pending,1
TX0001566,PR000429,FL00497,1627.0,BDT,2024-12-29,PayPal,7.58,pending,1
TX0001567,PR000190,FL00017,5866.0,GBP,2021-02-15,Stripe,10.64,failed,0
TX0001568,PR000486,FL00500,3281.0,PKR,2020-06-29,PayPal,16.99,success,0
TX0001569,PR000941,FL00062,1212.0,BDT,2022-12-28,Crypto,6.16,pending,0
TX0001570,PR000612,FL00362,7917.0,INR,2020-08-23,Crypto,11.89,failed,0
TX0001571,PR000645,FL00176,3503.0,EUR,2021-06-09,Payoneer,10.38,failed,0
TX0001572,,FL00032,2684.0,EUR,,Crypto,14.55,success,0
TX0001573,PR000136,,455.0,PKR,2020-10-22,Stripe,16.11,failed,0
TX0001574,PR000828,FL00453,2513.0,INR,2020-08-14,Stripe,11.46,refunded,0
TX0001575,PR000449,FL00452,3375.0,PKR,,PayPal,10.35,refunded,0
TX0001576,PR000866,FL00237,3920.0,,2021-10-19,Wise,18.2,pending,0
TX0001577,PR000910,FL00392,5162.0,USD,2021-04-17,STRIPE,12.86,success,0
TX0001578,PR000940,FL00076,7453.0,USD,2022-03-13,Bank Transfer,6.64,success,0
TX0001579,PR000454,FL00379,5887.0,EUR,2024-03-28,PayPal,9.72,success,0
TX0001580,PR000329,FL00394,597.0,USD,2024-10-21,Wise,11.75,pending,1
TX0001581,PR000256,FL00259,4369.0,USD,2024-09-28,Bank Transfer,5.85,pending,1
TX0001582,PR000012,FL00316,,PKR,2023-01-09,Payoneer,10.91,failed,0
TX0001583,PR000866,FL00494,1967.0,USD,2022-03-16,CRYPTO,8.36,success,0
TX0001584,,FL00309,5984.0,USD,2022-12-23,Bank Transfer,15.49,success,0
TX0001585,PR000863,FL00459,7826.0,USD,2023-10-07,PayPal,20.6,success,0
TX0001586,PR000536,FL00493,4290.0,BDT,2020-11-21,PayPal,12.17,refunded,0
TX0001587,PR000161,FL00161,4984.0,BDT,2021-03-01,Bank Transfer,18.9,success,1
TX0001588,PR000097,FL00366,,USD,2022-02-03,PayPal,6.32,failed,1
TX0001589,PR000647,FL00303,5193.0,USD,2024-05-04,Stripe,10.05,success,1
TX0001590,PR001015,FL00258,759.0,PKR,2020-06-20,Payoneer,11.13,refunded,1
TX0001591,PR000259,FL00249,4517.0,GBP,2022-05-21,Crypto,14.95,refunded,1
TX0001592,PR000374,FL00099,6053.0,INR,2021-05-29,Bank Transfer,10.19,success,0
TX0001593,PR000498,FL00073,5990.0,EUR,2024-12-29,Bank Transfer,9.86,refunded,0
TX0001594,PR000389,FL00256,5877.0,BDT,2024-10-05,Wise,17.29,failed,1
TX0001595,PR000235,FL00499,91.0,PKR,2022-05-17,Stripe,13.19,success,0
TX0001596,,FL00462,7709.0,PKR,2023-12-16,PayPal,18.72,success,1
TX0001597,PR000170,FL00220,6701.0,USD,2024-11-09,Stripe,8.46,success,0
TX0001598,PR000446,FL00218,5739.0,USD,2021-03-25,STRIPE,12.95,failed,1
TX0001599,PR000400,FL00136,2683.0,pkr,2020-01-16,Bank Transfer,11.78,refunded,1
TX0001600,PR000244,FL00385,4811.0,PKR,2021-03-16,Payoneer,19.23,pending,0
TX0001601,PR001108,FL00376,6271.0,BDT,2022-05-17,Stripe,6.09,refunded,0
TX0001602,PR000125,FL00357,-3251.0,USD,2021-07-20,Crypto,10.63,failed,1
TX0001603,PR000897,,903745.0,USD,2024-05-20,Stripe,,refunded,0
TX0001604,PR000291,FL00121,2935.0,USD,2023-01-12,Wise,11.57,success,0
TX0001605,PR000881,FL00295,-5653.0,GBP,2020-08-11,Crypto,9.44,success,1
TX0001606,PR001116,,-7814.0,EUR,2024-03-30,PayPal,18.13,pending,1
TX0001607,PR000544,FL00392,2809.0,INR,2021-02-18,PayPal,14.25,pending,1
TX0001608,PR000052,FL00423,183033.0,gbp,2023-03-15,Bank Transfer,14.28,refunded,0
TX0001609,PR000637,FL00016,7221.0,BDT,,Stripe,19.33,pending,0
TX0001610,PR000595,FL00393,2770.0,BDT,2021-10-24,Stripe,8.92,pending,1
TX0001611,PR000488,FL00221,4187.0,USD,2022-05-17,Stripe,7.04,pending,1
TX0001612,PR001137,FL00226,5086.0,BDT,,Crypto,13.48,failed,0
TX0001613,PR000653,FL00206,3502.0,USD,2022-11-26,Wise,19.44,success,0
TX0001614,PR000654,FL00451,7696.0,PKR,2020-09-12,Wise,5.57,pending,1
TX0001615,PR000900,FL00134,7995.0,USD,2022-03-01,Bank Transfer,,refunded,0
TX0001616,PR000286,FL00474,866.0,USD,2021-09-24,Crypto,20.4,pending,0
TX0001617,PR000761,FL00021,2515.0,USD,2020-06-23,Payoneer,9.59,success,1
TX0001618,PR000868,FL00044,5930.0,USD,2021-07-08,Wise,12.78,success,1
TX0001619,PR000115,FL00232,2744.0,PKR,2024-01-17,Stripe,18.21,success,1
TX0001620,PR000907,FL00484,3229.0,INR,2024-08-18,PayPal,10.43,pending,0
TX0001621,PR000976,FL00453,5757.0,INR,2021-01-06,Wise,6.71,failed,1
TX0001622,PR000599,FL00397,1919.0,BDT,2022-02-13,Stripe,11.22,pending,0
TX0001623,PR000751,FL00013,,USD,2021-10-11,Stripe,18.62,success,1
TX0001624,PR001060,FL00391,1569.0,INR,2020-09-03,Crypto,12.05,pending,0
TX0001625,PR000056,FL00056,4924.0,inr,2024-03-01,Payoneer,14.66,pending,0
TX0001626,PR000447,FL00062,-3868.0,USD,2022-02-01,PayPal,11.33,success,1
TX0001627,PR000094,FL00318,,INR,2020-06-09,PayPal,5.19,pending,1
TX0001628,PR000036,FL00028,5969.0,PKR,2024-10-20,Payoneer,19.96,failed,0
TX0001629,PR000777,FL00112,7743.0,GBP,,Stripe,15.54,failed,0
TX0001630,PR000935,FL00160,2775.0,USD,2020-12-24,PayPal,20.32,success,1
TX0001631,PR001199,FL00086,-392.0,GBP,2021-06-12,PayPal,20.16,success,1
TX0001632,PR000574,FL00262,5978.0,USD,2024-08-02,Bank Transfer,20.96,pending,0
TX0001633,PR000276,FL00421,7684.0,PKR,2021-11-14,Wise,12.9,success,1
TX0001634,PR000231,FL00116,1452.0,BDT,2023-09-14,,6.6,pending,0
TX0001635,PR000849,FL00143,574939.0,EUR,,Payoneer,7.89,failed,0
TX0001636,PR000449,FL00274,3172.0,PKR,2023-10-03,Crypto,11.79,pending,1
TX0001637,PR001129,FL00057,998.0,PKR,2024-06-29,Crypto,11.15,pending,0
TX0001638,PR000344,,-4729.0,EUR,2021-06-01,Wise,10.03,success,0
TX0001639,PR000512,FL00149,6057.0,USD,2021-10-21,,12.68,success,0
TX0001640,PR000794,FL00309,1661.0,USD,2021-04-12,Stripe,7.04,failed,0
TX0001641,PR000482,FL00414,773.0,PKR,2022-10-07,Wise,17.12,failed,1
TX0001642,PR001196,FL00311,7121.0,usd,2022-06-11,Payoneer,9.09,success,1
TX0001643,PR001195,FL00064,4239.0,USD,2024-11-17,,13.63,success,0
TX0001644,PR000228,FL00414,5524.0,USD,2021-09-09,Crypto,13.88,success,1
TX0001645,PR001007,FL00325,5750.0,PKR,2020-11-02,Crypto,14.63,failed,1
TX0001646,PR001103,FL00342,4034.0,GBP,2022-06-01,Crypto,14.36,success,0
TX0001647,PR000155,FL00261,2367.0,usd,2021-06-10,Stripe,15.39,refunded,0
TX0001648,PR000546,FL00168,2201.0,INR,2020-02-06,Crypto,7.66,success,1
TX0001649,PR000537,,3880.0,GBP,2020-07-13,Bank Transfer,9.69,success,1
TX0001650,PR000029,FL00302,6081.0,INR,2024-04-06,Payoneer,20.12,failed,0
TX0001651,PR000814,FL00240,583.0,PKR,2022-07-09,Crypto,17.85,failed,1
TX0001652,PR000838,FL00303,7741.0,BDT,2021-06-16,Bank Transfer,15.5,success,0
TX0001653,PR000957,FL00274,4907.0,gbp,2020-03-05,Crypto,6.06,failed,0
TX0001654,PR001060,FL00121,,INR,2020-03-18,Stripe,17.72,pending,1
TX0001655,PR001143,FL00288,4588.0,USD,2022-06-05,Payoneer,6.2,refunded,0
TX0001656,PR000569,FL00437,881.0,BDT,2024-12-27,Bank Transfer,19.28,success,1
TX0001657,PR000914,FL00078,1487.0,GBP,2022-08-01,Crypto,9.84,failed,1
TX0001658,PR000495,FL00365,1327.0,PKR,2021-01-30,PayPal,16.35,refunded,1
TX0001659,PR000618,FL00214,3505.0,EUR,2024-05-26,Crypto,18.41,success,0
TX0001660,PR000604,FL00234,4081.0,USD,2020-04-06,Crypto,14.54,success,0
TX0001661,PR000412,FL00317,2091.0,GBP,2024-09-13,PayPal,7.93,failed,0
TX0001662,PR000178,FL00259,7678.0,USD,2020-07-07,Payoneer,18.18,failed,0
TX0001663,PR001077,FL00418,-4685.0,USD,2023-02-05,PAYPAL,14.63,success,0
TX0001664,PR000405,FL00185,-5128.0,USD,2020-07-05,Bank Transfer,8.89,refunded,1
TX0001665,PR000663,FL00243,7863.0,BDT,2023-05-15,PayPal,9.18,success,0
TX0001666,PR000056,FL00308,5838.0,usd,2024-06-20,Wise,,success,0
TX0001667,PR000328,FL00063,5954.0,USD,2024-07-16,Crypto,12.88,failed,1
TX0001668,PR000685,FL00172,3007.0,USD,2022-06-20,Payoneer,7.21,success,0
TX0001669,PR000065,FL00224,3360.0,,2023-07-30,Crypto,16.37,success,0
TX0001670,PR000119,FL00086,379.0,EUR,2022-10-21,PayPal,17.08,failed,1
TX0001671,PR000015,FL00174,711654.0,PKR,2020-04-26,,,refunded,0
TX0001672,PR000936,FL00083,744.0,USD,2022-08-18,PAYONEER,8.22,success,0
TX0001673,PR000575,FL00203,2402.0,PKR,2022-09-01,PayPal,17.13,success,1
TX0001674,PR000249,FL00158,6826.0,USD,2023-05-27,Wise,,success,0
TX0001675,PR000716,FL00327,3893.0,PKR,2021-07-18,Wise,20.9,success,0
TX0001676,PR000953,FL00308,1861.0,USD,2021-10-15,Payoneer,,success,0
TX0001677,PR001118,FL00043,401214.0,USD,2022-02-24,Stripe,18.27,success,1
TX0001678,PR000864,FL00171,6780.0,INR,2020-01-12,Payoneer,14.17,refunded,0
TX0001679,PR000288,FL00292,7134.0,USD,2024-09-08,Wise,12.12,success,1
TX0001680,PR000785,FL00178,-5160.0,USD,2021-10-26,,15.31,pending,1
TX0001681,PR000500,FL00384,3589.0,USD,2020-04-09,Bank Transfer,13.74,success,0
TX0001682,,,,usd,2024-11-20,Bank Transfer,15.86,pending,1
TX0001683,PR001185,FL00204,6925.0,BDT,2022-09-07,PayPal,15.19,success,1
TX0001684,PR000720,FL00005,3892.0,bdt,2023-12-14,Wise,19.24,failed,0
TX0001685,PR000553,FL00210,3352.0,USD,2024-01-02,Stripe,14.88,failed,1
TX0001686,PR000760,FL00311,4535.0,USD,2024-08-08,Bank Transfer,9.23,pending,1
TX0001687,PR000198,,2977.0,PKR,2022-02-04,Payoneer,9.0,success,1
TX0001688,PR001130,FL00350,1163.0,USD,2024-11-03,Crypto,16.6,success,1
TX0001689,PR001145,FL00267,7794.0,GBP,2023-08-04,Bank Transfer,13.04,success,0
TX0001690,PR000372,FL00065,6589.0,USD,2021-02-13,PAYONEER,10.04,success,1
TX0001691,PR000197,FL00416,3776.0,,2021-10-10,Payoneer,7.57,failed,1
TX0001692,PR000648,FL00308,7899.0,USD,2024-06-03,Wise,10.37,success,0
TX0001693,PR000644,FL00320,5580.0,PKR,2020-08-24,Payoneer,16.73,success,0
TX0001694,PR000640,FL00130,433.0,USD,2020-03-26,Payoneer,7.3,refunded,0
TX0001695,PR001107,,5450.0,pkr,2024-04-30,Wise,16.63,refunded,0
TX0001696,PR000286,FL00006,7154.0,BDT,,Bank Transfer,5.66,success,1
TX0001697,PR001135,FL00210,7449.0,INR,2024-11-24,Stripe,8.61,success,1
TX0001698,PR000314,FL00307,2010.0,USD,2024-08-05,Stripe,20.59,success,0
TX0001699,PR000087,FL00374,663.0,EUR,2024-10-09,Crypto,9.22,pending,0
TX0001700,,FL00076,1514.0,EUR,2023-11-04,Stripe,13.53,refunded,0
TX0001701,PR001134,FL00116,6669.0,USD,2023-03-19,Stripe,14.78,success,1
TX0001702,PR000359,FL00461,2211.0,USD,2024-07-08,Wise,10.38,success,0
TX0001703,PR000340,FL00169,3393.0,GBP,2024-04-25,Payoneer,6.43,success,1
TX0001704,PR000051,FL00111,7371.0,USD,,PayPal,11.8,success,0
TX0001705,PR000347,FL00084,3811.0,USD,2021-09-15,Bank Transfer,17.04,success,0
TX0001706,PR000117,FL00380,410299.0,PKR,2021-04-24,Wise,5.07,success,0
TX0001707,PR000892,FL00352,6241.0,BDT,2023-01-01,Crypto,9.8,failed,1
TX0001708,PR000510,FL00076,777.0,USD,2024-01-01,Payoneer,12.91,refunded,0
TX0001709,PR000392,FL00072,2095.0,EUR,2023-10-07,CRYPTO,17.78,success,1
TX0001710,PR000867,FL00257,2703.0,GBP,2024-08-27,Bank Transfer,11.44,success,0
TX0001711,PR001137,FL00117,4891.0,USD,2021-12-16,PayPal,6.58,success,1
TX0001712,PR000468,FL00455,,USD,2022-10-24,Wise,9.3,refunded,0
TX0001713,PR000804,FL00051,-3863.0,GBP,2021-10-16,Crypto,11.01,success,1
TX0001714,PR000395,FL00105,86.0,BDT,2021-07-23,Crypto,13.82,refunded,0
TX0001715,PR000228,FL00329,1518.0,GBP,2020-08-31,Bank Transfer,10.86,failed,0
TX0001716,PR000531,FL00288,476128.0,INR,2024-07-16,Payoneer,,success,1
TX0001717,PR001035,FL00109,2532.0,EUR,2020-11-27,Bank Transfer,8.01,success,1
TX0001718,PR000227,FL00068,-4195.0,,2020-11-26,Crypto,18.24,success,0
TX0001719,PR000307,FL00291,1608.0,GBP,,PayPal,15.11,success,0
TX0001720,PR000439,FL00435,5593.0,USD,2023-03-07,,12.05,failed,0
TX0001721,PR001157,FL00029,3401.0,BDT,2020-02-27,Stripe,17.16,pending,1
TX0001722,PR001126,FL00253,127.0,USD,2020-09-20,Wise,14.46,success,1
TX0001723,PR000987,FL00084,5879.0,USD,2020-12-30,Wise,9.9,failed,0
TX0001724,PR000627,FL00071,1324.0,BDT,,Bank Transfer,16.55,success,1
TX0001725,PR000645,FL00188,7148.0,USD,2022-11-24,,16.39,success,0
TX0001726,PR000794,FL00462,2595.0,USD,2020-12-26,Wise,20.63,success,1
TX0001727,PR000443,FL00399,1366.0,USD,2021-06-14,Payoneer,18.47,pending,0
TX0001728,PR001006,FL00067,4681.0,GBP,2023-05-18,Crypto,8.7,failed,0
TX0001729,PR000538,FL00334,4473.0,INR,2020-03-01,Bank Transfer,8.48,success,0
TX0001730,PR000183,FL00328,3304.0,USD,2022-07-28,Payoneer,20.1,refunded,0
TX0001731,PR001165,FL00417,7627.0,BDT,2021-04-20,Stripe,18.27,refunded,0
TX0001732,PR000051,FL00114,3921.0,USD,2022-11-25,Crypto,10.12,refunded,1
TX0001733,PR001190,FL00488,5857.0,EUR,2022-02-01,Stripe,15.66,success,1
TX0001734,PR000617,FL00205,7564.0,USD,2024-07-27,Crypto,12.65,success,0
TX0001735,PR000714,FL00030,7757.0,EUR,2024-05-22,Stripe,14.38,success,0
TX0001736,PR000285,FL00006,3550.0,USD,2020-04-24,Bank Transfer,20.48,failed,1
TX0001737,PR001055,FL00040,1506.0,USD,2023-01-15,Bank Transfer,16.33,refunded,1
TX0001738,PR000126,FL00248,4855.0,PKR,2020-06-04,Payoneer,5.61,success,0
TX0001739,PR000995,FL00187,6617.0,GBP,2023-01-23,Stripe,7.07,success,0
TX0001740,,FL00059,792756.0,GBP,2022-05-15,Bank Transfer,7.61,success,1
TX0001741,PR000205,FL00291,360129.0,USD,2021-01-21,Payoneer,5.75,refunded,1
TX0001742,PR001149,FL00407,1100.0,EUR,2021-12-28,Payoneer,7.56,success,0
TX0001743,PR000955,FL00282,1452.0,BDT,2024-01-14,Payoneer,,refunded,1
TX0001744,PR000914,FL00239,1998.0,BDT,2023-12-20,Bank Transfer,,pending,1
TX0001745,PR000961,FL00031,6393.0,USD,2024-12-09,Crypto,15.28,failed,1
TX0001746,PR000307,FL00048,,usd,2021-08-01,Stripe,8.77,success,0
TX0001747,PR000102,FL00462,6487.0,BDT,2024-06-10,,18.83,failed,1
TX0001748,PR000429,FL00366,7987.0,PKR,2024-07-23,Crypto,8.78,success,0
TX0001749,PR001009,FL00255,713.0,GBP,,,10.52,failed,1
TX0001750,PR001196,FL00067,-6029.0,PKR,2021-12-04,Wise,20.74,failed,0
TX0001751,PR001094,FL00382,5538.0,BDT,2023-05-14,Crypto,18.96,pending,0
TX0001752,,FL00288,3399.0,USD,2022-11-29,Wise,7.45,success,0
TX0001753,PR000936,FL00197,4543.0,USD,2024-10-26,Payoneer,13.96,success,1
TX0001754,PR000463,FL00262,4716.0,,2021-11-06,Payoneer,19.93,failed,1
TX0001755,PR000016,FL00333,5134.0,EUR,2022-10-02,Payoneer,9.0,pending,0
TX0001756,PR000941,FL00413,2578.0,USD,2022-05-20,Bank Transfer,12.19,pending,0
TX0001757,PR000153,FL00171,1175.0,pkr,2024-06-21,Bank Transfer,15.25,success,1
TX0001758,PR000789,FL00500,2201.0,INR,2022-08-17,Stripe,15.46,success,0
TX0001759,PR000270,FL00291,645359.0,USD,2021-03-08,,,pending,0
TX0001760,PR001085,FL00002,1448.0,INR,2024-12-24,Bank Transfer,14.88,refunded,1
TX0001761,PR000881,FL00336,7324.0,INR,2022-12-22,Bank Transfer,19.79,success,1
TX0001762,PR000681,FL00021,431.0,USD,2024-09-27,Crypto,8.36,failed,0
TX0001763,PR000791,FL00195,4349.0,USD,2023-04-14,Crypto,6.46,success,0
TX0001764,PR001111,FL00404,1577.0,BDT,2022-12-06,Stripe,7.21,pending,1
TX0001765,PR000720,FL00318,556021.0,INR,2021-10-11,Crypto,20.92,refunded,1
TX0001766,PR000005,FL00172,4812.0,USD,2023-04-05,PayPal,10.64,failed,0
TX0001767,PR000072,FL00266,3371.0,EUR,2022-03-11,Payoneer,10.07,success,1
TX0001768,PR000782,FL00297,1936.0,USD,2022-04-18,Crypto,13.08,success,0
TX0001769,PR000683,FL00406,1933.0,EUR,2022-11-20,Payoneer,8.04,failed,1
TX0001770,PR000767,FL00194,4927.0,USD,2020-10-07,Stripe,19.05,pending,0
TX0001771,PR001058,FL00414,5414.0,BDT,2021-04-18,Bank Transfer,,failed,0
TX0001772,PR000927,FL00233,5220.0,USD,2023-01-27,Stripe,18.84,success,0
TX0001773,PR000833,FL00250,6531.0,USD,2022-07-10,Crypto,10.32,success,1
TX0001774,PR001115,FL00193,4018.0,INR,2024-09-23,Payoneer,9.74,failed,1
TX0001775,PR000216,FL00198,1575.0,PKR,2022-05-01,Crypto,,failed,0
TX0001776,PR000506,FL00441,4130.0,GBP,2020-03-12,,17.1,pending,0
TX0001777,PR000587,FL00422,4786.0,GBP,2020-08-25,Stripe,18.1,refunded,1
TX0001778,PR001080,FL00072,6461.0,USD,,Wise,19.4,refunded,0
TX0001779,PR000273,FL00448,1341.0,GBP,2022-12-02,Bank Transfer,9.67,success,1
TX0001780,,FL00357,-3045.0,USD,2024-10-04,Crypto,15.47,success,0
TX0001781,PR000994,FL00304,79.0,EUR,2022-11-15,Wise,19.92,success,1
TX0001782,PR000416,FL00486,,INR,2021-06-01,Stripe,20.23,failed,1
TX0001783,PR000858,FL00448,1042.0,EUR,2024-01-06,Wise,9.9,success,0
TX0001784,PR000478,FL00188,478.0,USD,2022-06-01,Stripe,17.24,success,0
TX0001785,PR001012,,2120.0,EUR,,Payoneer,19.4,success,0
TX0001786,PR000207,FL00339,6510.0,PKR,2021-02-23,Wise,11.03,pending,0
TX0001787,PR000186,FL00398,555292.0,PKR,2022-08-04,Stripe,12.45,success,0
TX0001788,PR000068,FL00362,1986.0,BDT,2024-11-11,Crypto,10.83,success,1
TX0001789,PR000617,FL00491,1965.0,INR,2021-06-20,Payoneer,14.01,success,1
TX0001790,PR000634,FL00146,100358.0,,2021-10-22,Bank Transfer,,success,1
TX0001791,PR000020,FL00400,985941.0,INR,2020-11-12,Stripe,13.57,failed,0
TX0001792,PR000381,FL00324,5381.0,EUR,2023-06-13,Crypto,10.84,failed,1
TX0001793,PR001143,FL00485,6116.0,BDT,2021-12-31,Stripe,8.48,success,0
TX0001794,PR000398,FL00104,3540.0,INR,2020-09-02,Wise,,success,1
TX0001795,PR000117,FL00264,6887.0,BDT,2021-09-17,Bank Transfer,15.27,success,0
TX0001796,PR000583,FL00156,7993.0,USD,,Payoneer,7.76,pending,0
TX0001797,PR000424,FL00471,-5439.0,,2020-11-13,Wise,14.49,success,0
TX0001798,PR000628,FL00485,3164.0,GBP,2022-12-04,PayPal,11.55,success,0
TX0001799,PR000361,FL00308,7079.0,PKR,2023-06-12,Crypto,19.19,failed,0
TX0001800,PR000155,FL00354,131.0,BDT,2022-09-08,PayPal,14.54,success,1
TX0001801,,FL00268,4478.0,USD,2022-03-20,Wise,11.51,success,1
TX0001802,PR000393,FL00156,5432.0,BDT,2023-09-29,Payoneer,19.7,success,1
TX0001803,PR001136,FL00421,3737.0,GBP,2020-09-09,Crypto,9.07,success,1
TX0001804,PR000765,FL00307,6969.0,USD,2021-01-13,Payoneer,7.71,pending,1
TX0001805,PR000090,FL00321,877.0,BDT,2024-07-01,Payoneer,7.29,success,1
TX0001806,PR000782,FL00260,2802.0,GBP,2024-03-22,Stripe,10.43,success,0
TX0001807,PR000856,FL00153,673839.0,USD,,Payoneer,13.33,failed,0
TX0001808,PR000742,FL00299,6543.0,BDT,2020-08-06,Bank Transfer,13.98,success,1
TX0001809,PR000942,FL00113,556358.0,BDT,2023-02-20,Wise,6.01,failed,1
TX0001810,PR000739,FL00458,-4537.0,USD,2021-10-24,Wise,16.8,pending,0
TX0001811,PR000369,FL00049,3737.0,USD,,WISE,18.25,pending,0
TX0001812,PR000158,FL00071,4052.0,BDT,2022-05-17,Bank Transfer,16.72,failed,1
TX0001813,PR000345,FL00367,7724.0,USD,2020-12-29,,5.92,pending,0
TX0001814,PR000213,FL00414,1046.0,USD,2021-02-09,Bank Transfer,6.31,success,1
TX0001815,PR000887,FL00394,500.0,BDT,2020-05-15,Wise,,failed,0
TX0001816,PR000622,FL00211,4031.0,GBP,2020-01-27,Bank Transfer,18.34,success,1
TX0001817,,FL00380,6960.0,INR,2020-09-30,Wise,18.6,success,0
TX0001818,PR000532,FL00100,6957.0,USD,2024-12-11,Stripe,13.46,success,1
TX0001819,PR000406,FL00440,6051.0,USD,2022-12-08,Wise,8.87,success,0
TX0001820,PR000571,FL00458,5592.0,INR,2021-01-13,Crypto,13.81,refunded,0
TX0001821,PR000690,FL00253,5778.0,USD,2023-07-30,Stripe,10.4,pending,1
TX0001822,PR001165,FL00361,6622.0,USD,2021-05-23,PayPal,19.93,success,1
TX0001823,PR000786,,-6628.0,PKR,2021-08-09,Payoneer,12.69,success,1
TX0001824,PR001146,FL00136,3722.0,INR,2022-10-24,Wise,16.65,failed,0
TX0001825,PR000021,FL00409,7695.0,GBP,2024-08-08,Payoneer,6.59,refunded,0
TX0001826,PR000647,FL00323,3821.0,EUR,2021-12-27,,11.78,failed,0
TX0001827,PR001131,FL00196,-611.0,INR,2024-11-24,Payoneer,12.23,failed,0
TX0001828,PR001200,FL00045,6524.0,USD,2021-07-22,Stripe,,success,0
TX0001829,PR000165,FL00264,,PKR,2022-07-12,Bank Transfer,6.49,refunded,0
TX0001830,PR000186,FL00138,243.0,GBP,2024-07-09,Wise,8.98,success,0
TX0001831,PR001132,FL00026,1608.0,INR,2021-11-15,PayPal,17.29,refunded,1
TX0001832,PR000272,FL00143,4599.0,USD,2023-11-26,Stripe,19.32,success,0
TX0001833,PR000378,FL00188,972.0,USD,2024-06-30,Bank Transfer,8.17,success,1
TX0001834,PR000718,FL00371,2634.0,INR,2024-04-20,Stripe,8.58,failed,1
TX0001835,PR000537,FL00033,4181.0,USD,2020-10-19,Wise,7.6,success,0
TX0001836,PR000027,FL00319,3760.0,USD,2022-10-26,Payoneer,13.02,success,1
TX0001837,PR000316,FL00122,6118.0,BDT,2020-01-22,Stripe,7.75,success,1
TX0001838,PR001102,FL00465,2188.0,USD,2021-10-17,Bank Transfer,9.46,pending,0
TX0001839,PR000541,FL00456,7433.0,EUR,2024-03-25,PAYONEER,16.07,success,0
TX0001840,PR001192,FL00415,2330.0,BDT,2020-08-05,Crypto,18.08,refunded,1
TX0001841,PR000155,FL00170,1559.0,USD,2024-12-30,Crypto,5.15,success,1
TX0001842,PR000547,FL00374,309.0,EUR,2021-11-29,Crypto,10.08,success,1
TX0001843,PR001085,,,USD,2022-02-28,Stripe,20.0,success,1
TX0001844,PR000749,FL00249,2829.0,PKR,2021-06-23,Wise,19.93,success,0
TX0001845,PR000529,FL00018,3484.0,BDT,2023-05-28,Wise,12.5,refunded,1
TX0001846,,FL00480,5218.0,USD,2021-01-27,PAYPAL,8.34,pending,0
TX0001847,PR000921,FL00483,-1544.0,PKR,2023-11-04,Crypto,6.76,pending,1
TX0001848,PR000823,FL00446,3982.0,USD,2022-07-28,Bank Transfer,15.46,refunded,0
TX0001849,PR001106,FL00349,,USD,2024-11-13,Stripe,15.62,success,0
TX0001850,PR001034,FL00011,1778.0,USD,2024-11-21,Crypto,15.09,success,1
TX0001851,PR000991,FL00470,5095.0,GBP,2021-03-22,Stripe,10.28,refunded,1
TX0001852,PR000802,FL00131,2013.0,GBP,2020-09-08,Payoneer,6.86,pending,1
TX0001853,PR000364,FL00132,476.0,PKR,2021-01-06,Payoneer,12.21,success,1
TX0001854,,FL00288,7369.0,INR,2023-01-25,PayPal,8.78,pending,0
TX0001855,PR000233,FL00218,2700.0,USD,2021-09-12,Payoneer,7.0,success,1
TX0001856,PR000601,FL00265,6466.0,USD,2021-03-01,PayPal,16.82,success,1
TX0001857,PR000035,FL00476,-347063.0,GBP,2022-11-09,Crypto,19.55,success,0
TX0001858,PR000706,FL00222,1561.0,USD,2020-06-01,Wise,7.11,refunded,1
TX0001859,PR000440,FL00018,6930.0,PKR,2024-12-08,Payoneer,12.28,failed,1
TX0001860,PR000856,FL00427,1316.0,USD,2020-01-22,Stripe,18.67,success,0
TX0001861,PR000813,FL00321,7325.0,INR,2022-10-19,PayPal,14.32,success,0
TX0001862,PR000224,,6019.0,usd,2020-09-03,Payoneer,19.5,pending,0
TX0001863,PR000137,FL00041,600.0,INR,2023-08-31,Stripe,12.49,success,0
TX0001864,PR000281,FL00085,1596.0,PKR,2021-06-26,Crypto,9.85,success,1
TX0001865,PR000914,FL00315,4153.0,USD,2020-09-21,Bank Transfer,20.28,success,0
TX0001866,PR000564,FL00139,313.0,BDT,2020-06-23,PayPal,10.54,success,1
TX0001867,PR000386,FL00432,6176.0,USD,2020-05-19,Payoneer,5.38,pending,1
TX0001868,PR000685,FL00054,1933.0,USD,2021-04-16,Payoneer,16.65,failed,1
TX0001869,PR000078,FL00425,4831.0,USD,2022-07-31,Bank Transfer,15.12,pending,1
TX0001870,PR000447,FL00396,1721.0,INR,2021-11-29,Payoneer,13.76,success,1
TX0001871,PR001077,FL00341,1232.0,USD,2023-08-24,Payoneer,14.48,success,1
TX0001872,PR000527,FL00436,86.0,BDT,2022-07-13,Crypto,11.49,success,0
TX0001873,PR000090,FL00095,2153.0,USD,2023-03-14,PayPal,5.11,success,0
TX0001874,PR000111,FL00134,6970.0,BDT,2022-02-10,,7.44,success,0
TX0001875,PR000097,FL00302,3081.0,INR,2021-06-28,Crypto,12.44,success,0
TX0001876,PR000017,FL00062,5464.0,USD,2023-09-17,Stripe,17.61,refunded,1
TX0001877,PR000582,FL00338,113.0,,2021-08-29,PayPal,13.98,success,0
TX0001878,PR000278,FL00406,2313.0,USD,2024-01-04,Bank Transfer,7.27,success,1
TX0001879,PR001110,FL00260,3542.0,BDT,2024-04-08,PayPal,10.66,success,1
TX0001880,PR001118,,5642.0,PKR,2020-08-22,PayPal,13.25,pending,1
TX0001881,PR000033,FL00205,3114.0,INR,2023-02-06,PAYPAL,14.0,success,1
TX0001882,PR000999,FL00202,1180.0,PKR,2023-02-04,Wise,14.44,refunded,0
TX0001883,PR001198,FL00092,7103.0,USD,2022-10-26,BANK TRANSFER,5.88,failed,1
TX0001884,PR000337,FL00251,-4796.0,USD,2020-01-29,Crypto,,refunded,1
TX0001885,PR000189,FL00487,198.0,EUR,2024-04-18,Wise,9.63,success,0
TX0001886,PR000542,FL00352,4899.0,GBP,2024-11-14,Crypto,6.93,success,1
TX0001887,PR000775,FL00119,747.0,PKR,2022-04-19,Wise,6.89,success,0
TX0001888,PR000917,FL00031,858.0,EUR,2021-06-30,Wise,19.19,pending,0
TX0001889,PR000819,FL00242,6429.0,USD,2023-09-22,Stripe,14.4,success,1
TX0001890,PR000084,FL00140,5813.0,usd,2024-07-10,Crypto,14.24,success,1
TX0001891,PR000215,FL00301,1745.0,USD,2024-04-22,Crypto,5.48,failed,1
TX0001892,PR000188,FL00113,7451.0,USD,2023-09-27,Wise,16.32,success,1
TX0001893,PR000665,FL00226,5130.0,usd,2021-12-23,Crypto,8.53,success,0
TX0001894,PR000308,FL00474,422258.0,USD,2022-02-24,Bank Transfer,,refunded,1
TX0001895,PR000555,FL00479,7615.0,BDT,2022-05-11,Bank Transfer,8.41,success,1
TX0001896,PR000971,FL00486,6156.0,USD,2024-02-20,Payoneer,11.27,pending,1
TX0001897,PR000438,FL00273,658537.0,INR,2024-06-17,PayPal,8.03,refunded,1
TX0001898,PR000039,FL00087,3936.0,EUR,2021-10-06,Wise,18.07,refunded,0
TX0001899,PR000126,FL00416,213.0,GBP,2020-11-29,Crypto,17.8,refunded,1
TX0001900,PR001186,FL00016,,USD,,Crypto,9.67,success,0
TX0001901,PR000681,FL00153,3082.0,USD,2020-08-07,Bank Transfer,14.48,failed,0
TX0001902,PR001014,FL00246,1264.0,GBP,2021-10-15,PayPal,11.11,success,1
TX0001903,PR000500,FL00461,3908.0,EUR,2022-03-26,Wise,7.32,success,0
TX0001904,PR000394,FL00100,3952.0,USD,2023-01-30,PayPal,15.0,pending,0
TX0001905,,FL00157,5452.0,BDT,2023-07-08,Crypto,20.64,failed,0
TX0001906,PR000014,FL00197,666632.0,USD,2020-01-08,PayPal,11.15,failed,1
TX0001907,PR000087,FL00107,2261.0,USD,2024-10-01,PayPal,10.53,success,1
TX0001908,PR000102,FL00423,574.0,GBP,2022-06-05,Payoneer,17.09,pending,1
TX0001909,PR000903,FL00472,400.0,INR,2022-08-31,Stripe,13.33,failed,0
TX0001910,PR000524,,3155.0,INR,2023-01-04,Stripe,8.48,pending,1
TX0001911,PR000317,FL00439,7587.0,USD,2021-09-09,Payoneer,14.16,success,0
TX0001912,PR000135,FL00334,6777.0,PKR,2024-10-06,Wise,19.03,success,0
TX0001913,PR000228,FL00274,4754.0,USD,2020-02-10,Payoneer,7.16,pending,0
TX0001914,PR001187,FL00281,6997.0,EUR,2023-09-22,Wise,18.95,pending,0
TX0001915,PR000914,FL00349,3239.0,USD,,Stripe,13.85,success,0
TX0001916,PR001100,FL00290,1123.0,USD,2022-01-20,Bank Transfer,16.86,success,0
TX0001917,PR000711,FL00444,2580.0,INR,2020-02-17,Bank Transfer,10.66,success,0
TX0001918,PR000654,FL00394,3382.0,INR,2023-12-05,Payoneer,6.19,success,1
TX0001919,PR001029,FL00069,1428.0,INR,2020-09-11,Payoneer,17.78,success,1
TX0001920,PR000878,FL00108,7189.0,BDT,2022-12-05,PayPal,20.23,success,1
TX0001921,PR000862,FL00435,5967.0,EUR,2023-03-22,Crypto,15.47,failed,0
TX0001922,PR000838,FL00025,614.0,USD,2021-03-29,Bank Transfer,10.53,success,1
TX0001923,PR000101,FL00267,3474.0,bdt,2024-07-08,Wise,20.61,success,0
TX0001924,PR000957,FL00041,212513.0,GBP,2024-10-24,Wise,13.66,success,0
TX0001925,PR001169,FL00283,3717.0,USD,2024-11-01,Crypto,6.39,success,0
TX0001926,PR000487,FL00404,5952.0,USD,2020-07-07,Crypto,17.53,success,1
TX0001927,PR000204,FL00452,5394.0,GBP,2024-06-14,Crypto,,success,0
TX0001928,PR000275,FL00042,-7030.0,BDT,2021-06-02,Bank Transfer,6.87,success,1
TX0001929,,FL00171,7851.0,BDT,2023-09-29,Crypto,10.5,success,0
TX0001930,PR001141,FL00447,6381.0,EUR,2022-01-15,Wise,13.1,success,0
TX0001931,PR000033,FL00424,4953.0,EUR,2024-12-04,Bank Transfer,16.18,failed,0
TX0001932,,FL00089,1235.0,PKR,2024-09-30,,15.7,failed,0
TX0001933,PR000019,FL00462,100.0,EUR,2024-04-11,Wise,8.89,refunded,1
TX0001934,PR000466,FL00124,1973.0,USD,2022-11-09,Bank Transfer,14.98,refunded,0
TX0001935,PR000884,FL00297,6944.0,PKR,2024-10-26,Payoneer,20.07,success,1
TX0001936,PR000739,FL00422,4404.0,USD,2023-11-26,BANK TRANSFER,20.45,failed,1
TX0001937,PR000258,FL00299,6639.0,GBP,2022-07-09,Stripe,6.6,success,1
TX0001938,PR000362,FL00008,3239.0,EUR,2021-05-13,Crypto,7.75,success,0
TX0001939,PR001144,FL00192,6569.0,GBP,2022-02-02,Stripe,16.77,success,1
TX0001940,,FL00158,2222.0,EUR,2022-10-14,Bank Transfer,11.13,failed,1
TX0001941,PR000942,FL00451,3828.0,USD,2020-04-15,Wise,10.48,failed,0
TX0001942,PR000339,,3471.0,USD,,Crypto,9.82,failed,1
TX0001943,PR000568,FL00254,4516.0,EUR,2024-01-23,Crypto,14.22,refunded,0
TX0001944,PR001196,FL00085,3237.0,EUR,2020-11-06,PayPal,11.57,success,1
TX0001945,PR000983,FL00265,6728.0,INR,2021-05-22,Payoneer,18.1,success,0
TX0001946,PR001059,FL00225,1984.0,BDT,2020-11-05,PayPal,15.7,failed,0
TX0001947,PR001108,FL00419,6341.0,EUR,2021-09-03,Payoneer,10.34,success,0
TX0001948,PR000807,FL00388,3229.0,USD,2021-06-07,Crypto,5.72,refunded,1
TX0001949,PR000567,FL00201,6518.0,USD,2023-07-14,PAYPAL,5.37,success,0
TX0001950,PR000589,FL00194,4356.0,BDT,2023-07-10,PayPal,18.65,success,1
TX0001951,PR000115,FL00350,,USD,2021-02-24,Crypto,6.28,success,1
TX0001952,PR000992,FL00093,,pkr,2021-08-14,Payoneer,8.1,pending,0
TX0001953,PR000826,FL00071,143.0,EUR,2021-03-16,PayPal,7.63,failed,0
TX0001954,PR000344,FL00327,4725.0,INR,2023-02-10,Bank Transfer,15.86,success,1
TX0001955,PR000647,FL00350,4372.0,GBP,2022-01-19,PayPal,15.84,success,0
TX0001956,PR000575,FL00044,1629.0,USD,2021-06-16,PayPal,16.63,success,0
TX0001957,PR000502,FL00331,6837.0,USD,2023-01-21,PAYPAL,16.29,success,0
TX0001958,PR000368,FL00204,189.0,BDT,2024-02-03,Stripe,9.78,refunded,1
TX0001959,PR000572,FL00157,4711.0,PKR,2024-07-21,Payoneer,8.66,success,1
TX0001960,PR000211,FL00445,1216.0,INR,2022-03-02,Payoneer,8.46,success,0
TX0001961,PR000087,FL00329,4882.0,USD,2022-02-25,PayPal,5.52,success,0
TX0001962,,FL00306,3138.0,USD,2023-05-17,BANK TRANSFER,14.24,success,1
TX0001963,PR000268,FL00022,3885.0,EUR,2024-03-21,Wise,9.45,failed,1
TX0001964,PR000532,FL00380,2906.0,USD,2020-12-05,PayPal,14.93,success,0
TX0001965,PR000430,FL00246,1608.0,BDT,2020-11-13,Wise,10.43,success,1
TX0001966,PR000761,FL00421,6626.0,USD,2024-08-29,PayPal,18.37,pending,1
TX0001967,PR000573,FL00059,5151.0,USD,2022-07-26,Payoneer,6.54,refunded,0
TX0001968,PR000903,FL00452,-3298.0,BDT,2024-02-01,Stripe,7.86,success,0
TX0001969,PR000920,FL00367,6284.0,GBP,2024-07-27,PayPal,5.33,success,1
TX0001970,PR000550,FL00436,2879.0,PKR,2022-04-02,,7.13,success,1
TX0001971,PR000854,FL00493,6551.0,,,Payoneer,14.94,failed,0
TX0001972,PR001042,FL00141,3012.0,EUR,2023-02-10,PayPal,18.15,failed,1
TX0001973,PR000027,FL00492,4437.0,USD,2024-07-21,Stripe,16.82,pending,1
TX0001974,PR000845,FL00152,4855.0,BDT,2021-03-01,PayPal,,refunded,1
TX0001975,PR000570,FL00181,3528.0,INR,2024-09-25,Wise,13.55,success,0
TX0001976,PR000600,FL00231,-2049.0,USD,2020-01-21,CRYPTO,18.76,failed,0
TX0001977,PR000050,FL00087,673411.0,INR,2023-06-24,PayPal,8.7,failed,1
TX0001978,PR000310,FL00030,-678488.0,USD,2022-07-21,Wise,18.51,success,1
TX0001979,PR000033,FL00021,6501.0,PKR,2024-04-19,Bank Transfer,17.35,success,0
TX0001980,PR000456,FL00020,814.0,BDT,2023-08-25,Stripe,8.03,failed,0
TX0001981,PR000204,FL00492,6620.0,BDT,2021-12-05,PayPal,9.21,refunded,0
TX0001982,PR001002,,-6068.0,USD,2023-04-23,Wise,11.08,failed,0
TX0001983,PR000411,FL00078,7131.0,USD,2023-02-06,PayPal,8.04,failed,0
TX0001984,PR001186,FL00118,6030.0,USD,2020-04-09,PayPal,7.34,pending,1
TX0001985,PR000711,FL00379,,EUR,2022-02-12,PayPal,11.47,success,1
TX0001986,PR000883,FL00380,1872.0,USD,2023-08-31,Wise,7.95,success,1
TX0001987,,FL00493,3428.0,USD,2024-06-13,PayPal,5.98,success,0
TX0001988,PR000577,FL00237,764.0,BDT,2021-11-21,Wise,13.34,success,0
TX0001989,PR000510,FL00326,3675.0,INR,2022-05-24,,8.34,success,0
TX0001990,PR000682,FL00430,2107.0,USD,2024-11-17,Crypto,8.67,success,0
TX0001991,PR000940,FL00061,3630.0,USD,2024-01-23,Wise,11.58,pending,0
TX0001992,PR001048,FL00281,6263.0,PKR,2021-01-26,PAYPAL,18.6,refunded,0
TX0001993,PR000137,FL00109,-6532.0,PKR,2022-10-27,Stripe,20.57,success,0
TX0001994,PR000151,FL00429,433.0,INR,2024-05-16,Bank Transfer,16.27,success,0
TX0001995,PR000141,FL00234,7361.0,INR,2021-03-28,Payoneer,6.19,success,1
TX0001996,PR000119,FL00383,152.0,USD,2021-10-14,Stripe,18.22,refunded,0
TX0001997,PR000252,FL00343,4230.0,USD,2023-03-24,PayPal,7.46,pending,1
TX0001998,PR000342,FL00353,360.0,INR,2020-05-15,Payoneer,12.52,pending,0
TX0001999,PR001049,FL00464,2164.0,BDT,2024-04-05,Crypto,8.57,refunded,1
TX0002000,PR000151,FL00417,2930.0,USD,2022-12-31,Crypto,19.6,refunded,1
TX0002001,PR000532,FL00027,4756.0,USD,2021-08-22,Wise,10.13,failed,1
TX0002002,PR000266,FL00187,1426.0,,2021-05-14,Stripe,15.04,success,1
TX0002003,PR000032,FL00055,3363.0,USD,2020-01-24,Stripe,19.14,pending,0
TX0002004,PR000971,FL00201,3765.0,GBP,2023-03-12,Bank Transfer,8.87,success,1
TX0002005,PR001042,FL00500,4659.0,PKR,2022-01-21,Crypto,13.24,refunded,0
TX0002006,PR000464,FL00366,6442.0,USD,,Bank Transfer,13.05,failed,0
TX0002007,PR000952,FL00403,1063.0,GBP,2024-07-21,Stripe,11.99,success,0
TX0002008,PR000732,FL00422,3466.0,BDT,2023-11-17,Bank Transfer,9.49,success,1
TX0002009,PR000246,FL00136,5957.0,USD,2022-05-25,Wise,6.48,success,0
TX0002010,PR000548,,2293.0,GBP,2022-06-27,Crypto,12.17,success,0
TX0002011,PR000166,FL00205,7941.0,PKR,,Wise,14.17,success,1
TX0002012,PR000333,FL00270,1811.0,USD,2021-02-12,Wise,9.76,failed,0
TX0002013,PR001130,FL00112,3130.0,USD,,Stripe,20.46,success,1
TX0002014,PR001102,FL00257,7817.0,USD,2024-07-24,PayPal,20.73,success,0
TX0002015,,FL00300,6098.0,PKR,2024-11-08,Payoneer,20.93,success,1
TX0002016,PR000345,FL00279,1452.0,USD,2020-03-03,Payoneer,20.42,success,0
TX0002017,,FL00459,3528.0,USD,2022-10-09,Bank Transfer,14.31,success,1
TX0002018,PR000566,,5313.0,BDT,2022-06-16,Wise,17.7,success,1
TX0002019,PR001097,FL00212,833.0,INR,2020-08-27,Wise,11.31,success,0
TX0002020,PR000437,FL00033,1304.0,GBP,2022-12-29,PayPal,,success,1
TX0002021,PR000939,FL00318,583.0,EUR,2021-04-10,Stripe,14.53,success,1
TX0002022,PR001100,FL00455,3482.0,GBP,2022-01-01,STRIPE,11.74,failed,0
TX0002023,PR001119,FL00358,2287.0,PKR,2023-01-21,Stripe,12.12,success,0
TX0002024,PR000961,FL00464,5562.0,USD,2020-01-13,Bank Transfer,9.43,pending,0
TX0002025,PR000587,,4553.0,INR,2023-06-03,,15.85,pending,1
TX0002026,PR000512,FL00114,6763.0,USD,2023-07-07,Bank Transfer,13.92,failed,0
TX0002027,PR000976,FL00327,1382.0,PKR,2023-08-24,PayPal,18.3,success,1
TX0002028,PR000961,FL00379,7824.0,BDT,2023-10-18,Wise,17.2,failed,0
TX0002029,PR000275,FL00407,5581.0,USD,2024-02-19,PayPal,12.28,success,1
TX0002030,PR000857,FL00498,5334.0,USD,2020-06-12,Stripe,14.53,success,0
TX0002031,PR000107,FL00090,6636.0,PKR,2022-07-16,,6.14,pending,0
TX0002032,PR000188,FL00010,92.0,USD,2022-03-06,Bank Transfer,7.22,pending,1
TX0002033,PR000733,FL00101,224.0,GBP,,Payoneer,10.45,refunded,1
TX0002034,PR000278,FL00001,7395.0,USD,2022-05-01,Bank Transfer,14.06,success,0
TX0002035,PR000547,FL00020,3834.0,GBP,2023-05-20,Wise,,success,1
TX0002036,PR000396,FL00012,4824.0,PKR,2022-06-12,Wise,,success,0
TX0002037,PR000475,FL00457,3018.0,USD,2022-10-24,Crypto,11.04,success,0
TX0002038,PR000451,FL00189,3940.0,GBP,2021-03-18,Crypto,17.02,success,1
TX0002039,PR000426,FL00007,4801.0,GBP,2021-01-28,PayPal,6.85,refunded,1
TX0002040,PR000944,FL00104,7254.0,USD,2020-02-21,Payoneer,9.45,pending,0
TX0002041,PR000095,FL00492,2039.0,USD,2022-10-14,PAYPAL,11.42,pending,1
TX0002042,PR000279,FL00030,3742.0,PKR,2023-08-18,Crypto,14.12,success,1
TX0002043,PR000526,FL00333,6771.0,USD,2022-08-25,Payoneer,19.96,success,0
TX0002044,PR001057,FL00241,344953.0,USD,2024-03-03,Wise,15.64,failed,0
TX0002045,PR000938,FL00198,518232.0,USD,2023-06-13,Crypto,20.86,pending,0
TX0002046,PR001045,FL00456,5458.0,EUR,2024-10-04,,15.62,pending,1
TX0002047,PR000647,FL00421,1868.0,USD,2022-01-30,BANK TRANSFER,5.18,success,1
TX0002048,PR000730,FL00237,3786.0,USD,2024-12-15,Payoneer,13.35,success,0
TX0002049,PR000427,FL00317,5743.0,GBP,2024-06-28,Payoneer,5.85,pending,0
TX0002050,PR001161,FL00259,3443.0,EUR,2022-06-05,Crypto,6.22,success,1
TX0002051,PR001022,FL00345,1215.0,GBP,2021-01-06,Payoneer,9.33,success,0
TX0002052,PR001197,FL00426,4642.0,INR,2020-06-28,Wise,5.14,failed,0
TX0002053,PR000099,FL00165,5799.0,USD,2022-05-17,PayPal,,success,1
TX0002054,PR000458,FL00053,,USD,2020-10-21,PayPal,19.03,success,1
TX0002055,PR000435,FL00485,657.0,INR,2020-04-14,PayPal,13.55,success,1
TX0002056,PR000901,FL00114,3484.0,GBP,2020-01-03,Payoneer,13.09,success,1
TX0002057,PR000704,FL00119,1872.0,GBP,2024-11-11,Bank Transfer,20.27,pending,1
TX0002058,PR000369,FL00347,3794.0,BDT,,Crypto,19.11,success,1
TX0002059,PR000604,FL00246,5504.0,INR,2020-03-06,Payoneer,19.05,success,1
TX0002060,PR000684,FL00324,2572.0,INR,2022-01-09,Stripe,10.62,failed,1
TX0002061,PR000844,FL00437,6060.0,INR,2021-10-01,Payoneer,20.47,success,1
TX0002062,PR000992,FL00328,7332.0,USD,2023-09-20,PayPal,8.29,pending,1
TX0002063,PR000147,FL00451,696.0,PKR,,Wise,18.68,pending,1
TX0002064,PR000682,FL00222,5856.0,USD,2024-07-04,Crypto,5.95,failed,1
TX0002065,PR000905,FL00332,7452.0,GBP,2023-09-24,Crypto,8.76,failed,0
TX0002066,PR000470,FL00194,7048.0,BDT,2023-10-23,Crypto,16.35,refunded,0
TX0002067,PR000708,FL00223,4437.0,EUR,2020-02-13,Bank Transfer,12.19,success,1
TX0002068,PR000224,FL00037,3443.0,,2024-07-01,Bank Transfer,11.01,success,1
TX0002069,PR000305,FL00123,625.0,USD,2023-09-06,Bank Transfer,9.78,success,0
TX0002070,PR000956,FL00474,5521.0,BDT,2023-02-01,PayPal,20.01,pending,1
TX0002071,PR000326,FL00058,5302.0,INR,2023-05-27,Stripe,19.02,success,0
TX0002072,PR000288,FL00326,4933.0,USD,2023-04-17,Crypto,14.28,failed,0
TX0002073,PR000526,FL00059,3346.0,PKR,2022-04-14,Payoneer,10.31,failed,1
TX0002074,PR000419,FL00313,860.0,USD,2024-01-04,Wise,20.15,success,0
TX0002075,,FL00211,2211.0,PKR,2022-11-29,Stripe,6.07,success,0
TX0002076,PR000404,FL00235,,USD,2024-02-02,,13.72,success,0
TX0002077,PR000871,FL00341,1615.0,EUR,,Payoneer,14.77,failed,1
TX0002078,PR000534,FL00077,1861.0,USD,2024-11-04,PayPal,19.19,refunded,1
TX0002079,PR000616,FL00390,7705.0,GBP,2020-05-26,PAYPAL,17.66,failed,1
TX0002080,PR001162,FL00388,5390.0,USD,2020-12-20,Payoneer,7.99,refunded,1
TX0002081,PR001075,FL00237,4462.0,INR,2023-10-08,Wise,10.38,success,0
TX0002082,PR000466,FL00161,750.0,USD,2022-12-09,Stripe,12.67,failed,0
TX0002083,PR000460,FL00406,7471.0,EUR,2021-03-30,Bank Transfer,20.65,success,0
TX0002084,PR001002,FL00104,5907.0,EUR,2020-01-16,Wise,7.69,refunded,1
TX0002085,PR000364,FL00032,6715.0,INR,2023-07-19,Stripe,6.25,success,0
TX0002086,PR000835,FL00063,4957.0,BDT,2023-08-26,Crypto,18.08,refunded,1
TX0002087,PR000741,FL00182,2611.0,INR,2021-10-03,PayPal,19.59,refunded,0
TX0002088,PR001047,FL00252,4219.0,BDT,2021-07-04,Payoneer,15.43,success,0
TX0002089,PR000944,FL00427,4712.0,USD,2021-10-04,PayPal,10.36,pending,1
TX0002090,PR000978,FL00428,5578.0,BDT,2022-11-16,Payoneer,12.48,success,1
TX0002091,PR000658,FL00063,1553.0,EUR,2021-12-19,Wise,11.08,success,1
TX0002092,PR000222,FL00113,731.0,USD,2024-06-15,PayPal,9.03,failed,1
TX0002093,PR000724,FL00297,386.0,INR,2020-04-27,Stripe,13.23,success,0
TX0002094,PR000123,FL00167,5042.0,BDT,2024-05-02,,6.37,success,1
TX0002095,,FL00219,680.0,INR,2023-11-15,Crypto,10.2,failed,0
TX0002096,PR000010,FL00058,6188.0,USD,2022-09-14,,5.49,success,1
TX0002097,PR000023,FL00192,7598.0,gbp,2021-08-23,WISE,17.9,success,0
TX0002098,PR000945,FL00462,3219.0,USD,2023-03-05,PayPal,13.29,pending,0
TX0002099,PR000870,FL00075,3044.0,PKR,2020-07-15,Wise,18.38,failed,0
TX0002100,PR000245,FL00042,2150.0,GBP,2022-07-24,Payoneer,9.43,success,1
TX0002101,PR001067,FL00255,7060.0,PKR,2021-07-24,Payoneer,7.94,failed,0
TX0002102,PR000699,FL00486,4433.0,USD,2023-12-16,Stripe,14.18,success,1
TX0002103,PR000936,FL00267,3354.0,PKR,2022-09-08,Bank Transfer,9.87,pending,1
TX0002104,PR000101,FL00377,1244.0,USD,2020-06-30,Bank Transfer,6.4,pending,0
TX0002105,PR000278,,1262.0,BDT,2021-04-11,Bank Transfer,8.79,pending,1
TX0002106,PR000394,FL00470,243.0,GBP,2022-03-01,Bank Transfer,17.27,success,1
TX0002107,PR001097,FL00172,2085.0,BDT,2021-02-20,Payoneer,14.06,failed,1
TX0002108,PR000060,FL00313,4480.0,USD,2024-03-20,Payoneer,16.55,success,1
TX0002109,PR000897,FL00486,3260.0,GBP,2022-03-22,Crypto,6.46,success,1
TX0002110,PR000051,FL00453,887.0,USD,2020-01-31,Crypto,8.47,failed,1
TX0002111,PR000379,FL00113,1988.0,USD,2022-11-30,PayPal,11.81,failed,1
TX0002112,PR000372,FL00227,2290.0,USD,2020-06-01,Bank Transfer,10.1,success,0
TX0002113,PR000658,,6443.0,EUR,2024-02-05,Payoneer,14.17,success,0
TX0002114,PR000416,FL00360,2823.0,PKR,2022-12-03,Stripe,17.33,success,1
TX0002115,PR000507,FL00104,2268.0,USD,2021-01-06,BANK TRANSFER,13.65,success,0
TX0002116,PR000912,FL00429,435.0,INR,2020-01-10,Crypto,7.26,failed,0
TX0002117,PR000148,FL00284,5641.0,EUR,2023-07-28,Bank Transfer,10.39,refunded,1
TX0002118,PR000277,FL00207,6628.0,USD,2021-11-24,Stripe,20.15,failed,1
TX0002119,PR000893,FL00039,1968.0,BDT,2021-10-13,Crypto,18.45,pending,1
TX0002120,PR000912,FL00103,7660.0,USD,,PayPal,15.97,success,1
TX0002121,PR000437,,590.0,EUR,2022-02-17,Bank Transfer,19.4,failed,0
TX0002122,PR000466,FL00327,1015.0,USD,2020-12-17,Bank Transfer,8.54,success,0
TX0002123,PR000187,FL00097,3747.0,USD,2024-05-24,,7.94,pending,0
TX0002124,PR000576,FL00332,7452.0,PKR,2024-03-23,Payoneer,19.38,pending,0
TX0002125,PR000793,FL00276,157751.0,USD,2024-08-29,PayPal,17.69,pending,0
TX0002126,PR001081,FL00216,3828.0,INR,2022-03-24,Stripe,8.29,refunded,0
TX0002127,PR000567,FL00079,5123.0,USD,2023-02-28,WISE,14.66,success,1
TX0002128,PR000987,FL00149,5762.0,EUR,2022-05-15,Crypto,16.34,pending,0
TX0002129,PR000475,FL00157,2821.0,USD,2024-11-09,Bank Transfer,14.48,pending,0
TX0002130,PR001132,FL00286,4424.0,GBP,2021-12-20,,13.86,success,0
TX0002131,PR000974,FL00078,5736.0,USD,2020-03-21,Wise,8.4,success,0
TX0002132,PR000716,FL00361,6104.0,USD,2024-02-20,Bank Transfer,10.03,success,0
TX0002133,PR000169,FL00340,1578.0,PKR,,Crypto,17.52,success,0
TX0002134,PR000634,FL00324,4965.0,USD,2024-05-10,Stripe,14.07,pending,1
TX0002135,PR001121,FL00308,7165.0,PKR,2023-10-23,Payoneer,12.64,success,1
TX0002136,PR000082,FL00332,5677.0,PKR,2021-11-02,Wise,9.59,success,0
TX0002137,PR000066,FL00304,4288.0,,2022-08-09,,17.24,success,1
TX0002138,PR000596,FL00445,2535.0,USD,2024-11-24,Wise,18.64,success,0
TX0002139,PR001059,FL00220,4472.0,INR,2021-04-01,Bank Transfer,7.28,success,1
TX0002140,PR001114,FL00039,6890.0,PKR,2024-09-08,PayPal,19.91,pending,0
TX0002141,PR000652,FL00195,4495.0,USD,2021-02-20,Wise,5.5,success,0
TX0002142,PR000813,FL00074,5631.0,BDT,2024-10-24,PayPal,7.49,refunded,0
TX0002143,PR000666,FL00224,,BDT,2023-09-23,Crypto,13.95,success,1
TX0002144,PR000442,FL00220,5259.0,USD,2021-08-27,Crypto,19.11,failed,0
TX0002145,PR000984,FL00303,4904.0,USD,2021-05-05,PayPal,9.27,success,0
TX0002146,PR000597,FL00304,6527.0,USD,2020-11-04,PayPal,18.31,success,1
TX0002147,PR000831,FL00180,3418.0,INR,2022-10-04,Crypto,11.99,refunded,0
TX0002148,PR000256,FL00383,6090.0,USD,2021-08-22,Crypto,17.75,refunded,0
TX0002149,PR000178,FL00081,699906.0,EUR,2020-12-23,Wise,8.97,success,0
TX0002150,PR000359,FL00473,6018.0,INR,2024-08-24,Bank Transfer,16.78,success,1
TX0002151,PR001021,FL00286,5837.0,USD,2020-09-10,Bank Transfer,20.12,pending,1
TX0002152,PR000195,FL00229,5043.0,USD,2022-01-25,Payoneer,14.61,pending,1
TX0002153,PR000643,FL00212,7942.0,USD,2023-09-11,Payoneer,14.02,refunded,0
TX0002154,PR000423,FL00214,5121.0,BDT,2021-01-09,Wise,5.7,success,1
TX0002155,PR000566,FL00122,1904.0,BDT,2023-08-13,Crypto,8.0,pending,1
TX0002156,,FL00285,-6639.0,,2024-07-31,Payoneer,17.1,refunded,1
TX0002157,PR000060,FL00074,1270.0,USD,2020-07-18,Crypto,18.21,pending,1
TX0002158,PR000326,FL00172,4002.0,BDT,2020-11-17,PayPal,15.03,success,0
TX0002159,PR000362,FL00301,2220.0,EUR,2024-08-01,Stripe,6.24,success,1
TX0002160,PR000737,FL00101,2774.0,INR,2024-12-27,Crypto,9.18,success,1
TX0002161,PR000402,,4504.0,PKR,2022-02-26,CRYPTO,13.37,success,1
TX0002162,PR001093,FL00276,3765.0,BDT,2022-11-07,Payoneer,9.26,success,1
TX0002163,,FL00148,2667.0,USD,2020-12-12,Crypto,19.57,success,0
TX0002164,,FL00128,69820.0,USD,2024-08-18,Wise,15.89,success,1
TX0002165,,FL00304,6879.0,USD,2020-12-11,Stripe,18.71,success,1
TX0002166,PR000637,FL00408,6854.0,USD,2020-10-14,PayPal,,failed,0
TX0002167,PR000778,FL00265,6280.0,USD,2021-04-07,Stripe,9.06,failed,0
TX0002168,PR000831,,5504.0,INR,,Stripe,18.65,refunded,1
TX0002169,PR001007,FL00474,5097.0,USD,2024-09-02,Crypto,10.95,success,1
TX0002170,PR001074,FL00043,2416.0,USD,2021-07-13,Wise,12.18,success,0
TX0002171,PR000131,FL00157,1623.0,GBP,2024-08-03,Stripe,5.33,refunded,1
TX0002172,PR000708,FL00289,5953.0,EUR,2021-04-10,Payoneer,,failed,1
TX0002173,PR000202,FL00091,7483.0,INR,2020-07-12,Payoneer,19.95,success,0
TX0002174,PR000190,FL00188,4289.0,GBP,2020-09-15,Stripe,17.8,success,0
TX0002175,PR000752,FL00400,1539.0,,2021-09-24,Crypto,14.18,success,0
TX0002176,PR000215,FL00419,557.0,GBP,2020-05-31,Wise,6.41,failed,1
TX0002177,PR000463,FL00108,2857.0,PKR,2023-09-13,Payoneer,19.0,failed,1
TX0002178,PR000007,FL00337,2392.0,USD,2023-01-10,Stripe,7.36,success,0
TX0002179,PR000904,FL00091,3078.0,USD,2021-06-24,Bank Transfer,9.46,pending,1
TX0002180,PR001160,FL00086,3086.0,GBP,2024-08-22,Bank Transfer,16.84,success,1
TX0002181,PR001167,FL00135,,USD,2021-05-22,Stripe,14.79,pending,1
TX0002182,PR000291,FL00392,681757.0,USD,2021-10-28,Payoneer,7.73,pending,0
TX0002183,PR000771,FL00214,3620.0,PKR,2022-03-25,Stripe,5.78,success,1
TX0002184,PR000636,FL00071,,USD,2024-11-09,Payoneer,10.73,success,1
TX0002185,PR000031,FL00160,4917.0,USD,2023-01-02,PayPal,7.54,success,1
TX0002186,PR001071,FL00472,1846.0,INR,,Wise,,success,0
TX0002187,PR000733,FL00113,4454.0,BDT,2023-09-17,Bank Transfer,6.46,failed,1
TX0002188,PR000793,FL00396,7829.0,EUR,2021-08-05,PayPal,16.92,failed,0
TX0002189,PR001000,FL00169,5059.0,INR,2023-01-18,Stripe,15.47,failed,0
TX0002190,,FL00454,2357.0,EUR,2021-09-06,Payoneer,18.98,failed,1
TX0002191,PR000197,FL00254,-2855.0,BDT,2022-10-14,Bank Transfer,18.96,success,1
TX0002192,,FL00241,3205.0,USD,2022-02-16,Bank Transfer,16.79,pending,0
TX0002193,PR000285,FL00374,,INR,2023-08-04,Wise,15.26,success,0
TX0002194,PR000605,FL00397,320860.0,USD,2021-05-18,Wise,11.93,refunded,0
TX0002195,PR000207,FL00366,4653.0,PKR,2021-11-25,Crypto,6.26,success,1
TX0002196,PR000546,,4708.0,PKR,2023-05-28,Bank Transfer,14.12,failed,0
TX0002197,PR000928,FL00067,680.0,USD,2022-09-09,Payoneer,,success,0
TX0002198,PR000527,FL00209,6621.0,USD,2023-08-11,PayPal,10.04,pending,0
TX0002199,PR001061,FL00013,3966.0,INR,2024-12-11,Payoneer,11.56,success,1
TX0002200,,FL00352,5724.0,GBP,2022-12-01,Crypto,6.98,success,0
TX0002201,PR001079,FL00016,7565.0,,2022-06-05,Bank Transfer,9.29,pending,0
TX0002202,PR000862,FL00366,1490.0,INR,2021-02-25,Bank Transfer,7.25,success,0
TX0002203,,FL00027,798.0,BDT,,Crypto,12.39,success,1
TX0002204,PR000922,FL00364,1353.0,USD,2022-10-30,Payoneer,,refunded,1
TX0002205,PR000640,FL00032,5158.0,USD,2020-04-14,PayPal,6.21,success,1
TX0002206,PR000406,FL00155,433.0,BDT,2021-06-01,PayPal,,success,0
TX0002207,PR000732,FL00065,4998.0,USD,2022-04-04,Crypto,14.51,success,1
TX0002208,PR000749,FL00179,264.0,,2024-02-12,Wise,14.29,pending,0
TX0002209,PR000134,FL00172,4748.0,GBP,2023-10-06,PayPal,6.38,success,0
TX0002210,PR000723,FL00495,1437.0,EUR,2024-03-31,PayPal,7.17,pending,1
TX0002211,PR000125,FL00157,7426.0,USD,2024-10-14,PayPal,15.6,success,0
TX0002212,PR000806,FL00454,6961.0,PKR,2022-12-22,PayPal,16.99,success,0
TX0002213,PR000751,FL00340,6910.0,EUR,2022-02-13,Stripe,18.99,failed,1
TX0002214,PR000187,FL00369,249.0,bdt,2020-05-21,Stripe,16.96,success,1
TX0002215,PR000048,FL00160,1641.0,GBP,2024-03-16,Wise,6.96,success,0
TX0002216,PR000796,FL00349,6203.0,GBP,2020-09-23,,5.92,success,1
TX0002217,PR000817,FL00018,87668.0,USD,2023-11-25,,17.84,pending,1
TX0002218,PR000603,FL00439,5135.0,INR,2021-09-28,Payoneer,6.19,refunded,1
TX0002219,PR000356,FL00180,4891.0,INR,2024-11-11,Payoneer,9.28,success,1
TX0002220,PR001114,FL00115,6590.0,USD,2021-08-04,Payoneer,15.8,failed,1
TX0002221,PR000039,FL00061,7302.0,BDT,2024-04-18,Crypto,19.82,pending,1
TX0002222,PR000632,FL00266,5045.0,USD,2022-08-30,PayPal,17.41,refunded,1
TX0002223,PR001191,FL00058,5669.0,USD,2023-09-25,,9.52,success,1
TX0002224,PR001050,FL00448,154050.0,BDT,2022-05-27,Stripe,6.77,success,0
TX0002225,PR000614,FL00156,309.0,EUR,2023-08-25,Bank Transfer,11.96,success,1
TX0002226,PR000657,FL00499,3671.0,GBP,2021-02-15,Stripe,5.13,success,0
TX0002227,PR001077,FL00019,4354.0,GBP,2022-10-01,PayPal,14.79,failed,1
TX0002228,PR000184,FL00270,2364.0,BDT,2023-07-27,Crypto,13.02,failed,1
TX0002229,PR000524,FL00123,3946.0,USD,2024-12-27,PayPal,5.4,pending,1
TX0002230,PR000289,FL00176,7222.0,pkr,2022-06-06,Payoneer,19.49,refunded,1
TX0002231,PR000809,FL00340,5773.0,BDT,2022-04-24,Payoneer,19.68,pending,1
TX0002232,PR000630,FL00360,7827.0,EUR,,Stripe,17.37,failed,1
TX0002233,PR000192,FL00261,-496.0,USD,,Bank Transfer,13.93,failed,1
TX0002234,PR000739,FL00086,3015.0,GBP,2024-10-30,PayPal,5.08,success,1
TX0002235,PR001128,FL00031,829.0,EUR,2020-01-23,Crypto,5.14,success,1
TX0002236,PR000233,FL00174,68.0,,2023-04-09,Payoneer,7.14,failed,1
TX0002237,PR000177,FL00091,1952.0,PKR,2023-09-04,PayPal,17.91,success,1
TX0002238,PR000717,FL00186,2083.0,INR,2021-02-11,Crypto,7.54,success,1
TX0002239,PR000898,FL00411,7805.0,USD,2021-10-27,Stripe,,refunded,1
TX0002240,PR001104,FL00318,2691.0,BDT,2024-05-23,PAYONEER,5.12,failed,1
TX0002241,PR000794,FL00050,412.0,INR,2022-10-28,Crypto,13.65,success,1
TX0002242,PR000183,FL00270,-7996.0,USD,2023-02-01,Bank Transfer,17.61,failed,0
TX0002243,PR000246,FL00131,2799.0,INR,2024-10-26,Wise,10.41,failed,1
TX0002244,PR000358,FL00200,3847.0,PKR,2024-02-07,Wise,11.14,failed,1
TX0002245,PR000232,FL00490,5917.0,USD,2020-12-06,PayPal,7.68,refunded,0
TX0002246,PR000501,FL00023,2734.0,bdt,2020-05-14,Stripe,5.02,refunded,1
TX0002247,PR000573,FL00468,1787.0,EUR,2024-05-21,Wise,14.99,failed,0
TX0002248,PR000229,FL00032,5002.0,INR,2023-11-05,PayPal,9.45,refunded,0
TX0002249,PR000753,FL00205,5738.0,EUR,2024-09-21,Payoneer,19.57,refunded,1
TX0002250,PR001162,FL00307,1836.0,GBP,2022-01-01,Crypto,7.3,refunded,0
TX0002251,PR001091,FL00020,137.0,BDT,2021-09-18,Bank Transfer,12.29,success,0
TX0002252,PR000778,FL00199,6596.0,USD,2021-10-15,PayPal,16.29,success,0
TX0002253,PR000896,FL00211,6324.0,bdt,2021-06-26,PayPal,5.67,success,1
TX0002254,PR000293,FL00088,2400.0,INR,2020-02-14,PayPal,17.78,success,1
TX0002255,PR000497,FL00443,5320.0,bdt,2024-08-25,Payoneer,5.32,refunded,0
TX0002256,PR000989,FL00226,3117.0,USD,2020-10-20,Wise,12.17,success,1
TX0002257,PR000700,FL00312,1177.0,GBP,2023-01-08,Wise,18.13,success,0
TX0002258,PR000884,FL00258,744.0,USD,2023-09-12,Crypto,10.8,success,0
TX0002259,PR000364,FL00110,1981.0,GBP,2021-04-12,Bank Transfer,,pending,0
TX0002260,PR000261,FL00235,555.0,USD,2024-04-26,Bank Transfer,12.46,pending,1
TX0002261,PR000674,FL00114,6527.0,USD,2021-03-16,Stripe,10.33,success,0
TX0002262,PR000029,FL00070,4569.0,EUR,2023-05-29,PayPal,11.12,success,0
TX0002263,PR000589,FL00392,6916.0,GBP,2022-12-20,Payoneer,11.7,success,1
TX0002264,PR000432,FL00149,3467.0,USD,2024-10-28,PayPal,7.1,success,1
TX0002265,PR000933,FL00484,5070.0,USD,2020-06-11,Stripe,13.74,success,1
TX0002266,PR000957,FL00250,7475.0,bdt,,Bank Transfer,12.56,success,0
TX0002267,PR000373,,7367.0,BDT,2022-09-23,Payoneer,11.86,pending,0
TX0002268,PR000198,FL00368,4223.0,gbp,2020-06-08,Crypto,16.49,success,0
TX0002269,PR000594,FL00360,5026.0,GBP,2023-08-02,PayPal,10.7,success,1
TX0002270,PR000762,FL00403,2458.0,GBP,2021-02-25,Payoneer,7.73,refunded,0
TX0002271,PR001091,,315.0,BDT,2024-06-08,PayPal,13.89,pending,1
TX0002272,PR000979,FL00151,734.0,USD,2024-01-21,Stripe,10.37,success,1
TX0002273,,FL00232,7268.0,,2020-03-03,Crypto,6.49,refunded,0
TX0002274,PR000146,FL00294,6911.0,USD,,Bank Transfer,8.62,success,0
TX0002275,PR000246,FL00259,5188.0,GBP,2024-10-22,Crypto,,success,1
TX0002276,PR000918,FL00086,458.0,USD,2023-10-10,Wise,11.43,success,1
TX0002277,PR000761,FL00126,5972.0,USD,2021-01-09,PayPal,14.79,success,1
TX0002278,PR000604,FL00113,117.0,BDT,2022-11-19,Bank Transfer,20.97,refunded,1
TX0002279,PR000227,FL00056,7340.0,EUR,2022-12-09,Crypto,17.17,success,0
TX0002280,PR000614,FL00022,704.0,EUR,2022-09-13,Payoneer,7.45,success,1
TX0002281,PR000562,FL00183,7770.0,USD,2022-01-02,Crypto,20.5,success,0
TX0002282,PR000075,FL00202,817.0,EUR,2021-02-05,Wise,18.58,refunded,0
TX0002283,PR000811,,5456.0,EUR,2021-09-13,Stripe,6.47,success,0
TX0002284,PR001108,FL00410,2956.0,USD,2023-06-27,Crypto,16.02,success,0
TX0002285,PR000032,FL00186,6868.0,PKR,2024-10-23,,17.88,refunded,0
TX0002286,PR000747,FL00198,6902.0,PKR,2021-09-07,Payoneer,12.25,refunded,0
TX0002287,PR000918,FL00282,916.0,INR,2020-04-21,Crypto,13.97,success,0
TX0002288,PR000669,FL00104,5797.0,USD,2020-12-02,Crypto,16.97,success,0
TX0002289,PR000084,FL00229,3416.0,USD,2022-07-06,Stripe,,pending,1
TX0002290,PR000233,FL00346,526.0,GBP,2022-10-17,Payoneer,12.23,success,0
TX0002291,PR000977,FL00038,99820.0,BDT,2020-09-09,Payoneer,17.25,refunded,1
TX0002292,PR000582,FL00101,,,2023-08-05,,19.45,refunded,1
TX0002293,PR001141,FL00427,,USD,2023-07-19,PayPal,18.37,failed,1
TX0002294,PR000770,FL00122,358641.0,EUR,2023-07-17,Stripe,8.83,success,0
TX0002295,PR000379,FL00443,487.0,USD,2023-03-10,Stripe,18.59,refunded,0
TX0002296,PR000749,FL00361,544.0,BDT,2020-01-28,Stripe,14.92,failed,1
TX0002297,,FL00103,6657.0,GBP,2023-07-18,Bank Transfer,18.66,refunded,0
TX0002298,PR000069,FL00372,3878.0,USD,2021-10-14,PayPal,18.4,pending,1
TX0002299,PR000561,FL00096,3524.0,USD,2023-10-05,PayPal,7.12,refunded,1
TX0002300,PR000355,FL00103,5173.0,USD,2020-06-07,Crypto,10.56,pending,1
TX0002301,PR000829,FL00411,5972.0,BDT,2021-12-25,Crypto,17.9,failed,0
TX0002302,PR000041,FL00310,5085.0,usd,2021-04-08,Bank Transfer,7.35,failed,0
TX0002303,PR000352,FL00423,2173.0,GBP,2022-01-01,Crypto,15.23,failed,0
TX0002304,PR001143,FL00483,4619.0,GBP,2024-03-04,Crypto,18.87,success,0
TX0002305,PR000835,FL00135,4846.0,USD,2024-04-15,Stripe,16.83,refunded,1
TX0002306,PR000538,FL00445,5076.0,PKR,2022-11-02,Crypto,16.85,success,0
TX0002307,PR000265,FL00292,6605.0,USD,2020-10-23,Crypto,7.73,success,1
TX0002308,PR000746,FL00461,2061.0,USD,2020-03-06,PayPal,16.05,pending,1
TX0002309,PR000958,FL00138,6816.0,GBP,2020-09-27,Crypto,11.91,success,1
TX0002310,PR000141,FL00076,6702.0,INR,2024-09-01,Wise,6.78,success,1
TX0002311,PR000568,FL00473,2149.0,BDT,2022-10-09,Bank Transfer,14.35,success,0
TX0002312,PR000895,,2214.0,GBP,2023-07-02,Wise,18.27,success,0
TX0002313,PR001126,FL00235,2671.0,GBP,2023-10-01,Bank Transfer,13.66,pending,1
TX0002314,PR000812,FL00161,4394.0,bdt,2021-05-19,Bank Transfer,12.94,refunded,0
TX0002315,PR000560,FL00450,361.0,USD,2022-09-14,Crypto,6.32,success,0
TX0002316,PR000238,FL00205,5024.0,USD,2022-10-14,Payoneer,9.69,success,0
TX0002317,PR000844,FL00053,5739.0,PKR,2021-07-26,PayPal,14.28,refunded,0
TX0002318,PR000242,FL00094,758.0,USD,2020-10-29,Bank Transfer,8.69,refunded,1
TX0002319,PR000768,FL00436,4066.0,USD,2024-07-05,Wise,11.02,success,1
TX0002320,PR000756,FL00493,7283.0,INR,2020-08-27,Stripe,,pending,1
TX0002321,PR000185,FL00329,4152.0,USD,2023-02-13,Crypto,20.12,success,0
TX0002322,PR000186,FL00034,,PKR,2021-03-15,PayPal,17.45,refunded,1
TX0002323,,FL00460,1865.0,USD,2024-03-18,Crypto,14.3,success,0
TX0002324,PR000866,FL00027,7538.0,INR,2024-06-17,Bank Transfer,17.25,success,0
TX0002325,PR000389,FL00313,1664.0,USD,2020-08-01,,5.42,success,0
TX0002326,PR000668,FL00214,1745.0,BDT,2022-10-09,Stripe,15.19,failed,1
TX0002327,PR000400,FL00430,273852.0,INR,2021-04-15,Wise,19.58,failed,1
TX0002328,PR001087,FL00467,4322.0,USD,2021-10-20,Wise,9.35,success,0
TX0002329,PR000407,FL00260,6376.0,USD,2023-01-06,Crypto,19.7,refunded,0
TX0002330,PR001024,FL00398,7138.0,EUR,2020-11-09,Wise,6.17,success,0
TX0002331,PR000551,FL00471,2415.0,GBP,2021-05-19,Crypto,5.92,success,1
TX0002332,PR000127,FL00334,,USD,2024-09-09,Payoneer,5.45,success,0
TX0002333,PR000760,FL00269,5611.0,USD,2024-10-09,Crypto,9.96,success,0
TX0002334,PR000390,FL00472,-6475.0,GBP,2021-09-27,Stripe,6.75,success,1
TX0002335,PR000888,FL00497,1424.0,USD,2024-12-28,Bank Transfer,16.6,pending,1
TX0002336,PR000781,FL00293,6148.0,,2020-10-17,PayPal,15.36,refunded,0
TX0002337,PR000415,FL00405,998.0,,2020-10-19,Wise,8.04,success,1
TX0002338,PR000398,FL00471,4895.0,USD,2023-09-05,Payoneer,14.07,refunded,0
TX0002339,PR000417,FL00021,693.0,USD,2023-04-05,Stripe,19.52,success,1
TX0002340,PR000707,FL00002,1834.0,PKR,2022-06-27,Crypto,11.52,pending,1
TX0002341,PR000381,FL00440,3814.0,GBP,2024-05-23,Crypto,13.17,pending,0
TX0002342,PR000161,FL00060,1042.0,USD,2020-03-02,Payoneer,13.41,failed,0
TX0002343,PR000489,FL00351,1279.0,USD,2022-06-19,Bank Transfer,11.81,pending,0
TX0002344,PR000619,FL00278,4154.0,GBP,2024-09-10,Bank Transfer,18.44,success,1
TX0002345,PR000400,FL00332,2455.0,USD,2022-06-18,PayPal,7.29,success,1
TX0002346,PR001180,FL00053,2312.0,INR,2023-09-07,Payoneer,13.32,success,1
TX0002347,PR000054,FL00152,1284.0,PKR,2020-06-05,Wise,13.92,failed,0
TX0002348,PR000286,FL00057,3958.0,PKR,2020-09-24,PayPal,13.69,success,1
TX0002349,PR001016,,2559.0,INR,2023-12-11,Stripe,8.71,success,0
TX0002350,PR000245,FL00356,2367.0,USD,2024-08-12,Stripe,16.81,refunded,0
TX0002351,PR000965,FL00226,7400.0,USD,2022-03-12,Wise,20.01,success,1
TX0002352,PR000295,FL00220,7650.0,USD,,PayPal,18.75,success,0
TX0002353,PR000790,FL00076,6568.0,EUR,2020-10-26,Bank Transfer,15.59,failed,0
TX0002354,PR001167,FL00416,4246.0,INR,2024-05-04,Payoneer,6.27,success,1
TX0002355,PR001143,FL00459,7731.0,USD,2024-09-26,Stripe,7.66,failed,1
TX0002356,PR001064,FL00039,,EUR,2021-03-18,Crypto,12.12,pending,0
TX0002357,PR001180,FL00428,4767.0,USD,2024-05-26,Bank Transfer,11.52,refunded,1
TX0002358,PR000870,FL00090,7570.0,INR,2024-04-18,PayPal,20.55,success,0
TX0002359,PR000014,FL00138,3056.0,BDT,2022-01-02,Stripe,19.37,success,0
TX0002360,PR000962,FL00281,-7358.0,USD,2024-10-13,Payoneer,14.68,failed,0
TX0002361,PR000818,FL00192,5001.0,BDT,2020-10-24,Bank Transfer,13.98,success,1
TX0002362,PR000403,FL00288,6369.0,GBP,2024-09-26,Bank Transfer,,success,0
TX0002363,PR001025,FL00065,5329.0,USD,,Crypto,19.66,refunded,0
TX0002364,PR000569,FL00427,6074.0,USD,2024-06-06,PayPal,14.16,success,0
TX0002365,PR000866,FL00095,2479.0,PKR,2024-10-10,STRIPE,8.17,success,1
TX0002366,PR000129,FL00344,4549.0,PKR,2022-12-02,PayPal,,failed,1
TX0002367,PR000008,FL00113,4609.0,PKR,2023-12-05,Payoneer,16.35,success,0
TX0002368,PR001034,FL00433,4672.0,USD,2021-06-05,Bank Transfer,20.5,success,0
TX0002369,PR000601,FL00263,,INR,2020-09-10,Crypto,20.4,success,1
TX0002370,PR000401,FL00346,2485.0,BDT,2022-02-02,Stripe,9.18,success,1
TX0002371,PR001082,FL00433,1016.0,GBP,2024-07-11,Wise,7.8,success,1
TX0002372,PR000185,FL00476,6201.0,EUR,2022-01-13,Crypto,7.82,pending,1
TX0002373,PR000938,FL00337,144.0,INR,2020-02-18,PayPal,,refunded,1
TX0002374,PR000337,,7196.0,INR,2020-08-24,Crypto,11.77,refunded,1
TX0002375,PR000379,FL00473,6722.0,GBP,2021-08-26,PayPal,20.84,success,0
TX0002376,PR000900,FL00200,3492.0,USD,2022-01-09,Crypto,13.42,success,0
TX0002377,PR000796,FL00041,1369.0,USD,,Wise,9.28,failed,0
TX0002378,PR000143,,1030.0,,2023-06-18,Wise,7.31,success,1
TX0002379,PR001079,FL00298,4427.0,USD,2022-07-08,PayPal,6.15,failed,1
TX0002380,PR000700,FL00378,997.0,PKR,2023-03-15,Stripe,12.67,success,1
TX0002381,PR000228,FL00098,4976.0,USD,2021-10-18,Bank Transfer,9.54,refunded,0
TX0002382,PR000857,FL00319,6335.0,INR,2021-04-06,Payoneer,15.72,success,1
TX0002383,PR000493,FL00290,123.0,BDT,,Crypto,18.7,success,1
TX0002384,PR000938,FL00415,2647.0,USD,2023-03-26,Bank Transfer,10.9,success,0
TX0002385,PR000322,FL00186,232540.0,INR,2020-04-12,Crypto,20.82,failed,0
TX0002386,PR000001,,7160.0,BDT,2020-09-27,PayPal,9.53,failed,1
TX0002387,PR000934,FL00032,-3076.0,USD,2024-12-28,Crypto,19.19,pending,1
TX0002388,PR001101,FL00099,1763.0,PKR,2021-02-06,PAYONEER,17.38,success,1
TX0002389,,FL00183,398.0,USD,2024-05-12,Wise,20.51,success,1
TX0002390,PR000468,FL00344,5663.0,GBP,2023-12-19,Crypto,20.33,pending,1
TX0002391,PR000322,,6350.0,GBP,2020-10-29,Crypto,17.15,success,0
TX0002392,PR000710,FL00308,581.0,PKR,2023-11-01,Stripe,,pending,1
TX0002393,PR000133,FL00009,5960.0,INR,2020-10-03,PayPal,19.7,success,0
TX0002394,PR000393,FL00427,5634.0,,2023-10-29,PayPal,19.22,failed,0
TX0002395,PR000959,FL00280,2145.0,bdt,2022-02-23,Crypto,13.64,failed,0
TX0002396,PR000369,,4196.0,GBP,,Bank Transfer,10.79,pending,0
TX0002397,PR000093,FL00443,2699.0,GBP,,,19.02,refunded,1
TX0002398,PR000653,FL00204,5797.0,EUR,2024-09-05,Stripe,10.61,success,1
TX0002399,PR000130,FL00001,1830.0,USD,2021-03-30,Wise,6.34,refunded,0
TX0002400,PR000115,FL00126,3711.0,GBP,2024-02-03,Wise,12.44,success,1
TX0002401,,FL00279,4324.0,USD,2023-10-28,Crypto,13.8,success,1
TX0002402,PR001020,FL00456,3988.0,USD,2022-09-26,Payoneer,6.79,failed,0
TX0002403,PR000385,FL00379,3062.0,GBP,2022-09-29,Crypto,18.05,failed,0
TX0002404,,FL00081,6500.0,USD,2022-11-07,Bank Transfer,6.0,pending,1
TX0002405,PR000662,FL00238,5523.0,INR,2020-04-16,PayPal,8.6,success,0
TX0002406,PR000637,FL00139,-6029.0,INR,2022-08-10,PayPal,16.09,failed,0
TX0002407,PR000133,FL00394,7089.0,INR,2023-07-19,PayPal,7.73,success,0
TX0002408,PR000598,FL00150,,EUR,2021-05-11,Stripe,14.12,success,0
TX0002409,PR000288,FL00194,5689.0,USD,2024-08-28,Crypto,9.93,success,0
TX0002410,PR000693,FL00262,2726.0,GBP,2023-03-18,,14.05,pending,0
TX0002411,PR001199,FL00213,130.0,usd,2024-09-20,Payoneer,18.81,success,0
TX0002412,PR000245,,6643.0,PKR,2023-11-24,Stripe,9.72,success,0
TX0002413,PR000494,FL00263,3514.0,bdt,2023-10-17,Crypto,5.32,pending,0
TX0002414,PR001158,FL00214,5926.0,BDT,2024-05-14,Stripe,,success,1
TX0002415,PR000141,FL00224,427.0,EUR,2021-06-05,Bank Transfer,8.5,success,1
TX0002416,PR000765,FL00320,6412.0,USD,2020-11-12,Stripe,10.43,refunded,1
TX0002417,PR000160,FL00001,4597.0,USD,2020-04-09,Wise,12.66,success,1
TX0002418,PR000236,FL00268,1260.0,PKR,2021-06-15,Bank Transfer,14.72,success,1
TX0002419,PR000997,FL00030,7758.0,USD,2021-11-26,Payoneer,9.01,success,0
TX0002420,PR001187,FL00197,3746.0,INR,2021-03-28,Wise,17.87,refunded,1
TX0002421,PR000563,FL00212,1920.0,USD,2023-10-23,PayPal,13.72,pending,0
TX0002422,PR000426,FL00478,4255.0,USD,2021-01-20,Crypto,18.45,success,0
TX0002423,PR000265,FL00245,2113.0,GBP,2022-09-09,Bank Transfer,7.63,success,0
TX0002424,PR000223,FL00060,4706.0,BDT,2021-08-24,PayPal,19.1,failed,1
TX0002425,PR000352,FL00493,1514.0,GBP,2020-02-11,Bank Transfer,16.66,pending,0
TX0002426,PR000157,FL00016,5375.0,USD,2024-07-07,Wise,11.77,success,1
TX0002427,PR000597,FL00350,,EUR,2020-03-07,Payoneer,19.62,pending,0
TX0002428,PR000877,FL00066,2489.0,INR,2024-12-26,Wise,,success,1
TX0002429,PR000897,FL00482,6960.0,USD,2020-12-17,,11.14,success,0
TX0002430,PR000355,FL00396,7067.0,GBP,2020-03-07,Wise,17.5,success,0
TX0002431,PR000896,FL00030,6249.0,USD,2022-03-31,PayPal,14.09,success,1
TX0002432,PR001129,FL00500,7429.0,USD,2022-03-15,Bank Transfer,6.29,refunded,0
TX0002433,PR000151,FL00134,7705.0,PKR,2022-08-24,WISE,17.41,pending,1
TX0002434,PR000056,FL00288,,GBP,2021-06-29,Wise,17.6,success,1
TX0002435,PR000373,FL00495,2484.0,GBP,2022-06-20,Stripe,12.95,success,1
TX0002436,PR001032,,6614.0,USD,2024-08-19,PayPal,8.18,pending,0
TX0002437,,,4778.0,PKR,2022-07-04,Crypto,17.23,failed,0
TX0002438,PR000069,FL00181,3223.0,BDT,2024-06-10,Payoneer,18.71,failed,1
TX0002439,PR000983,FL00145,3334.0,BDT,2022-12-11,Wise,20.61,pending,0
TX0002440,PR000466,FL00310,7127.0,USD,,Bank Transfer,19.91,refunded,1
TX0002441,PR001174,FL00214,3151.0,GBP,2023-02-10,Wise,14.7,pending,1
TX0002442,PR000971,FL00352,5797.0,INR,2020-10-08,Crypto,7.49,failed,1
TX0002443,PR000305,,-5246.0,USD,2024-05-07,Bank Transfer,15.63,refunded,0
TX0002444,PR000573,FL00460,2366.0,USD,2021-01-12,Payoneer,12.77,success,1
TX0002445,PR000125,FL00109,-5530.0,USD,2021-05-18,PayPal,14.75,success,1
TX0002446,PR000912,FL00203,5071.0,gbp,2022-10-22,Bank Transfer,6.2,success,0
TX0002447,PR000034,FL00495,3912.0,USD,2023-01-22,Wise,11.97,refunded,0
TX0002448,PR000601,FL00212,6085.0,EUR,2024-01-15,Crypto,19.7,pending,1
TX0002449,PR000488,FL00339,3924.0,USD,2023-10-21,Payoneer,19.22,success,0
TX0002450,PR000557,FL00205,7229.0,BDT,2021-04-07,Wise,17.97,pending,1
TX0002451,PR000436,FL00300,5600.0,BDT,,Payoneer,7.02,refunded,1
TX0002452,PR001096,FL00153,2153.0,EUR,2020-08-09,Crypto,13.42,failed,1
TX0002453,PR000927,FL00157,6227.0,PKR,2024-04-22,PayPal,19.21,failed,1
TX0002454,PR000707,FL00175,3199.0,USD,2020-03-14,Wise,10.86,failed,0
TX0002455,PR000580,FL00327,3070.0,BDT,2024-04-23,,15.81,failed,1
TX0002456,PR000777,FL00170,1782.0,USD,2023-09-14,Bank Transfer,12.86,success,1
TX0002457,PR000644,FL00488,1593.0,USD,,Wise,20.36,refunded,1
TX0002458,PR000887,FL00125,4839.0,USD,2024-04-21,Crypto,5.94,refunded,0
TX0002459,PR000296,FL00331,7346.0,BDT,2024-02-19,PAYPAL,11.08,success,1
TX0002460,PR000589,FL00059,,usd,2022-12-01,Bank Transfer,6.29,pending,1
TX0002461,PR000411,FL00314,3564.0,USD,2023-06-04,PayPal,18.11,refunded,1
TX0002462,,FL00096,701703.0,GBP,,Bank Transfer,11.78,success,1
TX0002463,PR000675,FL00046,367.0,INR,2024-07-11,PayPal,,refunded,0
TX0002464,PR000625,FL00180,5087.0,USD,2024-02-07,PayPal,18.27,success,1
TX0002465,PR000774,FL00192,2343.0,USD,2022-08-01,Stripe,14.32,failed,1
TX0002466,PR000802,FL00247,804.0,GBP,2022-09-09,BANK TRANSFER,14.27,success,0
TX0002467,PR000579,FL00316,5554.0,USD,2022-03-01,Wise,10.25,success,0
TX0002468,PR000538,FL00300,325.0,GBP,2020-08-02,PayPal,16.54,success,1
TX0002469,PR000196,FL00311,850.0,BDT,2024-12-24,Wise,19.75,pending,1
TX0002470,PR000710,FL00344,1291.0,INR,2022-09-10,Stripe,17.87,refunded,0
TX0002471,PR000391,FL00483,2717.0,USD,2021-08-15,Stripe,11.58,success,0
TX0002472,PR001145,FL00363,-2708.0,INR,2023-10-03,Bank Transfer,12.71,success,0
TX0002473,PR000878,FL00279,5856.0,USD,2023-11-12,Payoneer,12.27,success,0
TX0002474,PR000734,FL00222,3039.0,BDT,2021-02-18,Bank Transfer,20.85,success,1
TX0002475,PR001051,FL00491,7182.0,GBP,2023-07-19,Bank Transfer,17.49,pending,0
TX0002476,PR001107,FL00423,545.0,EUR,2021-05-23,Wise,6.2,refunded,1
TX0002477,PR000997,FL00236,2382.0,GBP,2024-05-15,Wise,18.97,success,1
TX0002478,PR000083,FL00142,5273.0,GBP,2021-11-26,Bank Transfer,18.91,failed,1
TX0002479,PR000809,FL00288,4456.0,INR,2023-08-24,Wise,7.24,failed,0
TX0002480,PR001080,FL00177,3253.0,EUR,2024-10-02,Wise,11.72,refunded,1
TX0002481,PR000208,FL00167,-2509.0,EUR,2024-11-01,Wise,9.55,refunded,1
TX0002482,PR000722,FL00225,2298.0,EUR,2024-12-01,Crypto,13.98,success,1
TX0002483,PR000307,FL00402,172.0,USD,2022-08-07,PayPal,17.3,refunded,1
TX0002484,PR000093,FL00187,1709.0,GBP,2023-05-13,Bank Transfer,16.18,success,0
TX0002485,PR000169,FL00385,2201.0,BDT,2022-11-14,Wise,10.86,refunded,1
TX0002486,PR000769,FL00244,4577.0,EUR,2023-01-07,PayPal,,success,0
TX0002487,PR000348,,4631.0,EUR,2020-01-21,Wise,17.21,failed,1
TX0002488,PR000742,,7874.0,USD,2023-12-17,Payoneer,15.47,success,1
TX0002489,PR001075,FL00450,814.0,USD,2021-01-09,Bank Transfer,19.83,success,0
TX0002490,PR001070,FL00028,5717.0,PKR,2020-08-12,Crypto,11.04,success,0
TX0002491,PR001026,FL00034,7494.0,GBP,2022-05-08,Stripe,14.93,success,0
TX0002492,PR000877,FL00154,3136.0,GBP,2022-06-21,PayPal,13.93,refunded,0
TX0002493,PR001072,FL00223,3419.0,USD,2020-04-03,Bank Transfer,8.81,success,1
TX0002494,PR001003,FL00365,150.0,INR,2022-11-16,Payoneer,20.22,success,1
TX0002495,PR000249,FL00183,2172.0,GBP,,Wise,9.7,success,0
TX0002496,PR001076,FL00499,5147.0,EUR,2024-02-04,Wise,15.44,failed,1
TX0002497,PR000960,FL00138,6506.0,INR,2023-01-28,Payoneer,11.27,success,0
TX0002498,,FL00048,1770.0,BDT,2023-09-18,Crypto,14.76,success,1
TX0002499,PR000401,FL00339,7412.0,GBP,2021-12-10,Stripe,7.91,success,0
TX0002500,PR000939,FL00211,6422.0,PKR,2022-03-29,PayPal,12.48,failed,1
TX0002501,PR001181,FL00163,1179.0,INR,2021-09-27,Wise,11.6,refunded,1
TX0002502,PR001105,FL00466,6459.0,USD,2023-04-17,PayPal,11.4,success,0
TX0002503,PR000742,FL00005,5773.0,PKR,2023-08-20,Crypto,11.48,failed,1
TX0002504,PR000051,FL00348,1869.0,USD,2021-06-11,Bank Transfer,10.54,refunded,0
TX0002505,PR000086,FL00287,777.0,INR,2021-03-09,Crypto,5.12,success,0
TX0002506,,FL00305,785962.0,INR,2021-12-12,Wise,7.16,refunded,1
TX0002507,PR000474,FL00375,5028.0,PKR,2021-05-17,Payoneer,20.33,success,0
TX0002508,PR000466,FL00327,6163.0,USD,2021-03-31,,7.6,failed,0
TX0002509,PR000417,FL00091,-2888.0,PKR,2024-08-07,Bank Transfer,10.31,success,0
TX0002510,PR000483,FL00285,6795.0,USD,2022-12-18,Stripe,16.13,success,1
TX0002511,PR000195,FL00244,2754.0,USD,2020-01-14,Stripe,19.37,failed,0
TX0002512,PR000493,FL00495,5756.0,PKR,,Payoneer,5.39,success,1
TX0002513,PR000488,FL00200,897468.0,USD,2023-12-29,PayPal,20.82,success,0
TX0002514,PR000608,,6150.0,INR,2020-07-16,Stripe,14.84,success,1
TX0002515,PR000491,FL00101,,USD,2021-09-05,Bank Transfer,20.06,refunded,1
TX0002516,PR000165,FL00474,1832.0,EUR,2020-04-18,Crypto,12.72,success,1
TX0002517,PR000859,FL00400,3279.0,INR,2022-09-30,Bank Transfer,14.4,failed,1
TX0002518,PR000212,FL00003,434.0,PKR,2024-05-22,PayPal,13.19,pending,0
TX0002519,PR000536,FL00220,,PKR,2020-05-05,PayPal,9.36,refunded,0
TX0002520,PR000382,FL00272,3768.0,GBP,2024-01-31,Payoneer,19.01,success,1
TX0002521,PR000439,FL00430,5548.0,USD,2020-06-30,Wise,5.27,success,0
TX0002522,PR000568,FL00450,841.0,GBP,2023-04-15,Payoneer,20.01,success,1
TX0002523,PR000551,FL00441,7628.0,usd,2022-08-16,Stripe,16.76,pending,1
TX0002524,PR000617,FL00174,5561.0,BDT,2023-11-21,Bank Transfer,8.04,pending,0
TX0002525,PR000001,FL00500,1599.0,INR,2024-10-22,Bank Transfer,12.53,success,0
TX0002526,PR000958,FL00053,,BDT,2022-05-20,Stripe,19.28,success,0
TX0002527,PR000894,FL00385,-5617.0,PKR,2022-04-10,Payoneer,19.95,success,1
TX0002528,PR000913,FL00204,3004.0,EUR,2021-08-06,PayPal,20.41,success,0
TX0002529,PR000361,FL00164,960.0,INR,2022-03-24,Crypto,14.52,pending,0
TX0002530,PR001125,,540.0,USD,2020-11-19,PayPal,14.15,failed,1
TX0002531,,FL00428,6932.0,EUR,2020-04-20,Crypto,7.13,success,0
TX0002532,PR000216,FL00212,5355.0,PKR,2024-10-07,Wise,14.45,refunded,0
TX0002533,PR000683,FL00381,7998.0,USD,2020-09-09,Crypto,10.88,success,0
TX0002534,PR000004,FL00168,2034.0,USD,2021-11-06,PayPal,10.36,success,0
TX0002535,PR000360,FL00272,6039.0,INR,2022-10-13,Crypto,18.72,failed,1
TX0002536,PR000615,,4683.0,INR,2020-12-28,Stripe,9.23,success,0
TX0002537,PR000895,FL00172,6690.0,GBP,2021-10-02,Crypto,6.64,failed,0
TX0002538,PR000635,FL00223,4692.0,USD,2021-09-16,Payoneer,10.04,success,0
TX0002539,PR000981,FL00231,7005.0,pkr,2020-08-21,PayPal,5.71,success,0
TX0002540,PR000945,FL00492,4734.0,GBP,2020-06-24,Stripe,19.03,failed,1
TX0002541,PR000998,FL00025,4847.0,BDT,2021-01-21,Bank Transfer,14.96,refunded,1
TX0002542,PR001126,FL00313,2767.0,PKR,2023-01-12,Bank Transfer,20.09,refunded,0
TX0002543,PR000320,FL00488,3504.0,PKR,2020-06-27,PAYONEER,13.84,success,0
TX0002544,PR000902,FL00181,4941.0,INR,2024-12-08,Stripe,16.18,pending,1
TX0002545,PR001187,FL00350,7651.0,BDT,2022-08-02,Crypto,9.21,pending,0
TX0002546,,FL00351,3774.0,GBP,2023-04-27,Stripe,6.23,refunded,1
TX0002547,,FL00331,7423.0,GBP,2022-10-08,Wise,12.61,failed,0
TX0002548,PR001005,FL00484,3908.0,EUR,2023-04-13,PayPal,19.83,pending,0
TX0002549,PR001149,FL00255,3632.0,INR,2024-04-25,PayPal,16.06,failed,0
TX0002550,PR000123,FL00500,3385.0,BDT,2020-07-25,,12.55,refunded,0
TX0002551,PR000092,FL00379,6784.0,USD,2021-12-08,Stripe,20.54,success,0
TX0002552,PR000369,FL00399,2853.0,usd,2023-08-08,Payoneer,8.75,refunded,1
TX0002553,PR000031,FL00173,7015.0,USD,2022-04-10,PayPal,6.9,failed,0
TX0002554,PR000548,FL00288,,INR,2020-10-25,Stripe,20.73,success,1
TX0002555,PR000758,FL00327,7575.0,USD,2023-05-21,PayPal,5.7,refunded,0
TX0002556,PR001055,FL00238,3430.0,GBP,2023-01-09,Crypto,19.62,pending,1
TX0002557,PR000061,FL00162,3420.0,USD,2024-07-26,Stripe,10.58,failed,0
TX0002558,PR000184,FL00200,2520.0,EUR,2021-07-29,Bank Transfer,5.47,success,0
TX0002559,PR000341,FL00279,4123.0,BDT,,,18.67,failed,0
TX0002560,PR000867,FL00365,3266.0,USD,,Payoneer,12.49,success,1
TX0002561,PR000417,FL00441,3572.0,PKR,2022-07-10,Wise,17.38,success,0
TX0002562,PR000130,FL00100,450.0,GBP,2021-08-31,Bank Transfer,18.82,refunded,0
TX0002563,PR000922,FL00065,4623.0,PKR,2021-06-01,Crypto,,refunded,0
TX0002564,PR000294,FL00215,1332.0,usd,2021-12-17,Bank Transfer,8.95,success,1
TX0002565,PR000532,FL00122,1808.0,BDT,2021-12-01,Stripe,19.08,success,0
TX0002566,PR000154,FL00290,5910.0,PKR,2024-07-23,Stripe,11.91,success,0
TX0002567,PR000596,FL00225,5475.0,USD,2022-01-21,,14.02,success,0
TX0002568,PR000505,FL00444,-6557.0,EUR,2021-12-04,Wise,9.77,success,0
TX0002569,PR000959,FL00424,4271.0,EUR,2024-08-23,Bank Transfer,10.34,failed,0
TX0002570,PR000666,FL00450,1964.0,USD,2021-07-29,Wise,7.68,success,1
TX0002571,PR000255,FL00329,7662.0,GBP,2024-06-10,CRYPTO,7.63,failed,0
TX0002572,PR000601,FL00034,372.0,EUR,2024-11-29,Wise,7.45,success,1
TX0002573,PR001193,FL00421,3009.0,PKR,2021-09-04,Bank Transfer,17.11,success,1
TX0002574,PR000006,FL00257,131258.0,INR,2024-12-01,Wise,13.69,success,1
TX0002575,PR000980,FL00104,1123.0,GBP,2020-05-13,Bank Transfer,,success,1
TX0002576,PR000973,FL00304,763.0,USD,2024-06-22,Stripe,,refunded,1
TX0002577,PR000867,FL00033,3755.0,USD,2024-04-21,Stripe,20.26,success,1
TX0002578,PR000953,,4771.0,USD,2022-04-27,Bank Transfer,11.58,refunded,1
TX0002579,PR000899,,6411.0,INR,2021-01-01,Bank Transfer,16.76,success,0
TX0002580,,FL00354,951.0,USD,2024-12-14,BANK TRANSFER,9.58,success,0
TX0002581,PR000124,FL00341,7074.0,BDT,2022-10-30,Stripe,5.15,pending,1
TX0002582,PR001158,FL00469,7064.0,USD,2021-09-01,Crypto,16.32,refunded,0
TX0002583,PR000362,,6214.0,USD,2023-12-07,Crypto,14.39,refunded,0
TX0002584,PR000967,FL00420,5612.0,EUR,2023-01-03,PayPal,,success,0
TX0002585,PR001070,FL00070,7581.0,PKR,2023-11-11,PayPal,10.36,pending,1
TX0002586,PR000905,FL00058,408.0,PKR,2021-05-27,Bank Transfer,5.88,success,1
TX0002587,PR001063,FL00124,4888.0,EUR,2020-03-23,Stripe,5.6,refunded,0
TX0002588,PR000784,FL00358,7393.0,USD,2020-11-14,Bank Transfer,8.33,success,1
TX0002589,PR000424,FL00446,88.0,USD,2020-09-09,CRYPTO,8.13,pending,1
TX0002590,PR001188,FL00015,3905.0,USD,2020-12-28,Crypto,17.14,pending,1
TX0002591,PR000604,FL00219,3368.0,BDT,2021-09-09,Crypto,9.88,pending,1
TX0002592,PR000426,FL00395,585.0,USD,2023-09-14,Crypto,11.08,refunded,1
TX0002593,PR000485,FL00227,6346.0,USD,2020-04-12,,8.78,failed,1
TX0002594,PR000071,FL00455,2107.0,BDT,2021-07-28,Stripe,15.89,pending,1
TX0002595,PR000621,FL00287,371.0,USD,,Crypto,14.36,refunded,1
TX0002596,PR001079,FL00375,5670.0,PKR,2020-10-16,Bank Transfer,8.07,success,1
TX0002597,PR000990,FL00465,2757.0,INR,2021-04-09,Crypto,8.99,success,0
TX0002598,PR000628,FL00226,7237.0,GBP,2023-06-17,Wise,,refunded,1
TX0002599,PR000363,FL00042,976.0,BDT,2024-08-16,Bank Transfer,10.47,failed,1
TX0002600,PR000213,FL00007,5503.0,INR,2022-04-16,PayPal,8.61,failed,1
TX0002601,PR000368,FL00415,6679.0,USD,,Bank Transfer,17.32,success,0
TX0002602,PR000504,FL00064,315.0,USD,2020-08-02,Payoneer,,success,1
TX0002603,PR000362,FL00476,134.0,BDT,2023-11-03,Bank Transfer,19.72,failed,1
TX0002604,,FL00419,6764.0,GBP,2020-10-27,Payoneer,7.35,pending,0
TX0002605,PR000677,FL00388,2195.0,EUR,2024-01-16,Stripe,18.29,success,1
TX0002606,PR000293,FL00108,3519.0,PKR,2020-12-27,PayPal,12.33,failed,0
TX0002607,PR001011,FL00212,7416.0,USD,2020-06-13,Crypto,5.43,refunded,1
TX0002608,PR000344,FL00198,6446.0,USD,2021-02-03,Payoneer,15.04,success,1
TX0002609,PR000924,FL00224,5185.0,USD,2021-07-29,Crypto,18.54,pending,0
TX0002610,PR000268,FL00078,3584.0,USD,2021-02-23,PayPal,,success,0
TX0002611,PR000844,FL00116,4629.0,EUR,2021-01-20,Stripe,8.31,success,1
TX0002612,PR000063,FL00414,338.0,USD,2023-12-27,Bank Transfer,20.25,success,0
TX0002613,PR000554,FL00461,3618.0,EUR,2023-04-23,Bank Transfer,19.2,success,0
TX0002614,PR000239,FL00246,-534.0,INR,2023-09-15,Payoneer,5.4,pending,0
TX0002615,PR001010,FL00296,2336.0,PKR,2023-08-23,,19.01,success,0
TX0002616,PR000426,FL00243,1026.0,PKR,2024-07-24,Crypto,12.4,refunded,1
TX0002617,PR000619,FL00243,4857.0,INR,2023-05-04,Bank Transfer,,success,1
TX0002618,PR000375,FL00485,3950.0,GBP,2021-06-15,Wise,17.85,success,0
TX0002619,PR000643,FL00310,6269.0,USD,2022-06-09,PayPal,10.99,failed,1
TX0002620,PR000997,FL00014,2138.0,GBP,2021-06-19,PayPal,15.89,failed,0
TX0002621,PR000572,FL00015,3655.0,INR,2022-04-05,PayPal,19.94,pending,0
TX0002622,PR001035,FL00106,2980.0,GBP,,Stripe,6.04,refunded,0
TX0002623,PR000272,FL00478,1661.0,EUR,2020-03-18,Stripe,14.13,pending,0
TX0002624,PR000265,FL00394,6913.0,USD,2024-08-08,Crypto,9.19,success,0
TX0002625,PR000458,FL00056,1541.0,PKR,2024-08-25,PayPal,5.4,failed,0
TX0002626,PR001036,,6035.0,USD,2020-09-02,Stripe,9.05,success,1
TX0002627,,FL00464,6522.0,USD,2022-01-29,WISE,20.97,refunded,0
TX0002628,PR000382,FL00284,4918.0,BDT,2024-11-02,Stripe,9.99,success,0
TX0002629,PR000479,FL00390,6135.0,,2021-05-16,Crypto,17.07,pending,1
TX0002630,PR000121,FL00280,5700.0,PKR,2021-09-28,PAYONEER,10.27,pending,1
TX0002631,PR001100,FL00044,4941.0,GBP,2022-01-17,Bank Transfer,20.65,success,1
TX0002632,PR000381,FL00405,4927.0,USD,2021-09-04,Crypto,19.12,pending,0
TX0002633,PR000610,FL00431,4443.0,INR,2023-08-15,Crypto,15.13,success,0
TX0002634,PR000026,FL00487,7281.0,INR,2023-10-02,Wise,14.4,success,1
TX0002635,PR000114,FL00344,4879.0,EUR,2022-05-13,Stripe,9.19,refunded,0
TX0002636,PR000987,FL00474,3387.0,BDT,2020-04-17,Wise,13.99,success,1
TX0002637,,FL00279,2204.0,GBP,2020-07-26,Bank Transfer,5.27,refunded,1
TX0002638,PR000477,FL00336,3792.0,BDT,2021-06-28,Wise,7.67,success,1
TX0002639,PR000645,FL00085,7343.0,USD,2024-07-09,Bank Transfer,8.18,pending,1
TX0002640,PR000891,FL00479,5400.0,USD,2021-06-01,Wise,15.37,failed,0
TX0002641,PR000463,FL00125,3796.0,EUR,2020-08-07,Payoneer,9.63,failed,1
TX0002642,PR000106,FL00033,1331.0,PKR,2021-11-24,PayPal,15.11,success,1
TX0002643,PR000353,FL00286,7604.0,USD,2022-10-11,Wise,13.36,success,0
TX0002644,PR000078,FL00243,-4499.0,,2022-05-14,Wise,18.55,success,1
TX0002645,PR001120,FL00358,6016.0,GBP,2021-12-15,Stripe,19.35,success,0
TX0002646,PR000945,FL00226,7710.0,GBP,2024-09-21,Crypto,7.21,success,0
TX0002647,PR000219,FL00347,5664.0,USD,2022-12-17,PayPal,11.64,success,1
TX0002648,PR000599,FL00321,3395.0,,2022-11-10,Wise,20.65,failed,0
TX0002649,PR000362,FL00069,965.0,BDT,2020-01-02,Wise,7.34,refunded,1
TX0002650,PR000074,FL00107,7519.0,EUR,2022-10-24,Stripe,11.13,success,0
TX0002651,PR000765,FL00368,1713.0,PKR,2021-02-16,Bank Transfer,5.5,failed,1
TX0002652,PR000987,FL00422,1187.0,pkr,2022-08-12,Wise,14.81,pending,0
TX0002653,PR000016,FL00158,2471.0,USD,2024-03-15,Payoneer,6.78,pending,1
TX0002654,PR000514,FL00266,5975.0,EUR,2020-10-13,Bank Transfer,20.38,refunded,0
TX0002655,PR000986,FL00436,3911.0,BDT,2023-05-23,Stripe,,success,0
TX0002656,PR000040,,866195.0,BDT,2022-08-22,PayPal,15.93,failed,0
TX0002657,,,1201.0,BDT,2020-06-25,,19.44,failed,1
TX0002658,PR000132,FL00326,1200.0,GBP,2022-08-05,Wise,,failed,0
TX0002659,PR000269,FL00450,1726.0,GBP,2020-06-12,Bank Transfer,13.58,success,0
TX0002660,PR000061,FL00202,2361.0,EUR,2023-03-12,Bank Transfer,16.43,success,0
TX0002661,PR000388,FL00250,486.0,GBP,2020-06-17,Payoneer,14.17,success,0
TX0002662,PR001085,FL00359,3617.0,BDT,2020-04-19,PayPal,10.66,success,0
TX0002663,PR000023,FL00146,4107.0,PKR,2020-12-08,Stripe,16.15,pending,1
TX0002664,PR001042,FL00216,1204.0,PKR,2024-10-11,Payoneer,17.03,success,0
TX0002665,PR001019,FL00108,1544.0,GBP,2021-03-04,Wise,,success,1
TX0002666,PR000336,FL00236,173.0,GBP,2021-10-26,PayPal,12.6,success,0
TX0002667,PR000291,FL00347,1265.0,PKR,2021-04-28,PayPal,12.12,success,1
TX0002668,,FL00189,2905.0,USD,,Wise,10.83,success,0
TX0002669,PR000903,FL00167,1707.0,EUR,2020-06-29,Stripe,6.64,success,0
TX0002670,PR000146,FL00416,666.0,GBP,2022-07-20,Wise,11.13,pending,1
TX0002671,PR001180,FL00287,7351.0,,2024-02-08,,,success,1
TX0002672,PR000094,FL00289,1780.0,USD,2020-01-24,PayPal,15.54,success,1
TX0002673,,FL00183,5694.0,USD,2021-07-30,Bank Transfer,20.05,success,0
TX0002674,PR000565,FL00333,,,2024-06-17,Payoneer,18.56,success,0
TX0002675,PR000177,FL00340,122.0,GBP,2022-03-10,Crypto,12.3,success,0
TX0002676,PR000490,FL00413,6583.0,USD,2021-10-27,Stripe,7.41,success,0
TX0002677,PR000471,FL00335,7788.0,EUR,2022-05-28,Bank Transfer,17.1,success,0
TX0002678,PR000207,FL00064,5733.0,gbp,2023-11-29,,5.81,failed,1
TX0002679,PR001081,FL00116,1813.0,PKR,2022-03-30,PayPal,10.07,success,1
TX0002680,PR000699,FL00182,4281.0,BDT,2020-09-23,Stripe,20.04,pending,1
TX0002681,PR000761,FL00495,2680.0,EUR,2024-05-06,Crypto,16.05,pending,0
TX0002682,PR000270,FL00115,3346.0,USD,2021-05-30,Wise,15.56,success,1
TX0002683,PR000093,FL00067,7715.0,PKR,2023-12-28,PayPal,11.49,success,1
TX0002684,PR001004,FL00119,7936.0,GBP,2020-12-13,Stripe,13.77,success,1
TX0002685,PR000172,FL00130,294993.0,USD,,PayPal,11.63,failed,0
TX0002686,PR000694,FL00406,5081.0,INR,2020-10-18,Crypto,,success,1
TX0002687,PR000072,FL00155,1426.0,BDT,2024-06-19,PayPal,16.77,success,1
TX0002688,PR000511,FL00324,4882.0,BDT,2024-10-03,Crypto,5.42,pending,1
TX0002689,PR000894,FL00217,5141.0,USD,2022-03-11,,,success,1
TX0002690,PR000431,FL00371,,USD,2023-08-10,PayPal,15.57,success,0
TX0002691,PR000045,FL00218,1545.0,BDT,,PayPal,15.22,success,0
TX0002692,PR000999,FL00243,2936.0,PKR,2022-04-08,Wise,11.66,pending,0
TX0002693,PR000171,FL00144,7903.0,EUR,2024-02-06,,18.6,refunded,1
TX0002694,PR000663,FL00444,771.0,PKR,2024-03-16,WISE,13.53,failed,1
TX0002695,PR000607,FL00305,625176.0,EUR,2024-12-27,PayPal,17.64,pending,1
TX0002696,PR000697,FL00438,363.0,USD,2023-05-19,Payoneer,5.43,pending,0
TX0002697,PR000609,FL00441,1623.0,GBP,2020-02-18,BANK TRANSFER,6.23,failed,1
TX0002698,PR000604,FL00342,6663.0,USD,2020-06-02,,11.0,pending,1
TX0002699,PR000650,FL00066,673.0,GBP,2022-01-18,PayPal,20.63,refunded,1
TX0002700,PR000603,FL00464,7265.0,EUR,2023-09-08,Wise,7.32,refunded,1
TX0002701,,FL00224,223.0,EUR,2020-04-17,Wise,13.12,success,0
TX0002702,PR000668,FL00134,328.0,PKR,2020-05-20,Payoneer,12.93,pending,0
TX0002703,PR000628,FL00221,5633.0,USD,2020-03-03,PayPal,9.84,success,0
TX0002704,PR000274,FL00082,-7960.0,BDT,2024-04-24,Stripe,13.47,success,0
TX0002705,PR000407,FL00282,366.0,USD,2022-11-11,Stripe,10.9,pending,0
TX0002706,PR000970,FL00291,3062.0,EUR,2023-12-14,Payoneer,5.58,success,0
TX0002707,PR000115,FL00038,,BDT,2024-04-02,Payoneer,11.15,success,0
TX0002708,PR000409,FL00258,-2977.0,GBP,2023-06-11,Crypto,18.72,refunded,1
TX0002709,PR000442,FL00030,3533.0,BDT,2024-03-20,Wise,15.27,refunded,1
TX0002710,PR000344,FL00241,5259.0,,2022-03-17,Wise,6.52,success,1
TX0002711,PR001012,FL00099,1112.0,INR,2021-06-14,Wise,20.78,pending,0
TX0002712,PR000743,FL00033,2925.0,USD,,Wise,17.75,failed,1
TX0002713,PR001104,FL00288,7854.0,USD,2021-03-13,Payoneer,19.31,refunded,0
TX0002714,PR000138,FL00021,436.0,GBP,2022-08-05,PAYPAL,15.9,failed,0
TX0002715,PR000537,FL00371,6387.0,USD,2020-01-09,Bank Transfer,19.96,pending,0
TX0002716,PR001009,FL00342,4839.0,INR,2024-12-22,Stripe,10.44,success,1
TX0002717,PR000649,FL00426,67.0,EUR,2022-12-05,PayPal,18.85,success,1
TX0002718,PR001109,FL00279,1848.0,,2023-12-20,Payoneer,16.57,success,1
TX0002719,PR000316,FL00255,478879.0,PKR,2023-09-24,Wise,9.5,success,0
TX0002720,PR000853,FL00075,,GBP,2024-08-30,Crypto,18.36,success,0
TX0002721,PR000186,FL00327,1398.0,PKR,2021-03-22,Payoneer,18.6,refunded,0
TX0002722,PR000105,FL00375,2545.0,BDT,2020-10-15,Payoneer,11.23,success,1
TX0002723,PR000105,FL00059,3641.0,BDT,2020-04-24,Stripe,5.38,success,0
TX0002724,PR000186,FL00272,5541.0,BDT,2022-01-25,Stripe,14.2,pending,1
TX0002725,PR000765,FL00387,4067.0,INR,2022-01-31,PayPal,14.6,pending,0
TX0002726,PR000003,FL00047,825.0,INR,2020-01-25,Stripe,8.28,success,1
TX0002727,PR000929,FL00465,2866.0,EUR,2023-11-28,Wise,20.89,success,0
TX0002728,PR000599,FL00047,7454.0,EUR,2023-11-24,Bank Transfer,11.45,success,1
TX0002729,PR000009,FL00183,1965.0,GBP,2023-10-04,Payoneer,11.91,success,0
TX0002730,PR000456,FL00484,2840.0,INR,,Crypto,20.99,pending,0
TX0002731,PR000685,FL00063,5214.0,usd,2024-12-23,,16.87,success,1
TX0002732,PR000482,FL00171,5773.0,PKR,2022-10-28,Payoneer,18.83,success,1
TX0002733,PR001181,FL00245,2477.0,INR,2021-10-02,Crypto,11.51,success,0
TX0002734,PR000869,FL00011,5063.0,EUR,2024-01-31,Bank Transfer,15.71,refunded,1
TX0002735,PR000601,FL00338,1335.0,GBP,2024-11-26,Payoneer,17.18,success,0
TX0002736,PR001097,FL00236,765.0,EUR,2020-07-12,Bank Transfer,17.04,success,1
TX0002737,PR000565,FL00384,4409.0,INR,2023-07-16,Crypto,11.8,failed,0
TX0002738,PR001085,FL00385,1941.0,GBP,2021-08-08,Crypto,8.13,pending,0
TX0002739,PR000746,FL00438,2055.0,EUR,2024-04-15,Stripe,5.52,pending,0
TX0002740,PR000635,FL00296,2260.0,EUR,2024-05-24,Crypto,6.05,success,1
TX0002741,PR001175,FL00319,6498.0,BDT,2024-02-10,Crypto,18.47,success,0
TX0002742,PR000476,FL00389,7785.0,EUR,2023-12-20,PayPal,19.37,success,0
TX0002743,PR000350,FL00181,6811.0,usd,2021-03-14,Wise,18.68,success,1
TX0002744,PR000856,FL00396,7063.0,USD,2022-05-09,Wise,14.15,refunded,0
TX0002745,PR000202,FL00418,2050.0,BDT,,Bank Transfer,10.01,refunded,1
TX0002746,PR000610,FL00018,3914.0,USD,2020-09-11,Payoneer,19.93,success,0
TX0002747,PR000314,FL00172,4434.0,eur,2021-11-28,PayPal,8.92,success,0
TX0002748,PR000570,FL00195,-6997.0,EUR,2023-09-12,Payoneer,7.0,failed,0
TX0002749,PR000154,FL00465,4714.0,USD,2022-09-16,Bank Transfer,6.32,success,0
TX0002750,PR000711,FL00432,1757.0,USD,2023-04-15,Payoneer,13.59,failed,1
TX0002751,PR000354,FL00471,5852.0,EUR,2021-07-15,,16.13,pending,0
TX0002752,PR001084,FL00350,-7977.0,USD,2020-01-23,Bank Transfer,8.11,success,0
TX0002753,PR000615,FL00154,7001.0,EUR,2021-12-30,,10.55,success,1
TX0002754,PR000199,FL00216,6898.0,BDT,2023-10-10,Payoneer,15.31,success,0
TX0002755,PR000735,FL00449,3721.0,BDT,2024-05-27,Payoneer,9.93,success,0
TX0002756,PR000969,FL00165,400103.0,USD,2021-03-04,PayPal,12.0,failed,1
TX0002757,PR001001,FL00465,3007.0,GBP,2024-12-02,Crypto,,success,1
TX0002758,PR000210,FL00464,4363.0,INR,2024-11-02,Payoneer,8.08,failed,1
TX0002759,,FL00453,5915.0,BDT,2021-10-23,Bank Transfer,8.5,success,1
TX0002760,PR000688,FL00389,831.0,BDT,2022-11-10,,,failed,1
TX0002761,PR000054,FL00369,467.0,INR,,Crypto,9.92,pending,1
TX0002762,PR000647,FL00363,549.0,USD,2020-01-29,Payoneer,5.73,success,0
TX0002763,PR000732,FL00004,4904.0,PKR,2022-12-07,Bank Transfer,6.6,refunded,1
TX0002764,PR000151,FL00221,683.0,EUR,2022-04-30,Stripe,18.04,refunded,1
TX0002765,PR000829,FL00403,7920.0,USD,2022-10-24,Wise,18.5,success,1
TX0002766,PR000778,FL00088,3741.0,USD,2022-05-07,BANK TRANSFER,14.35,success,0
TX0002767,PR000187,,7252.0,BDT,2021-10-13,Crypto,17.02,success,0
TX0002768,PR000685,FL00011,,BDT,2024-04-03,Wise,5.01,pending,0
TX0002769,PR000359,FL00303,671.0,,2022-05-15,Stripe,20.71,pending,0
TX0002770,PR000953,FL00067,2088.0,gbp,2020-07-26,PAYPAL,11.34,failed,0
TX0002771,PR000739,FL00041,7207.0,usd,2020-05-03,Bank Transfer,6.18,success,0
TX0002772,PR001066,FL00279,3894.0,BDT,2023-10-18,Crypto,11.03,refunded,0
TX0002773,PR001078,FL00131,4027.0,USD,2023-03-17,Stripe,10.94,success,1
TX0002774,PR000529,FL00233,4783.0,PKR,2022-06-02,PayPal,5.75,success,1
TX0002775,PR000787,FL00247,4440.0,PKR,2024-08-16,Crypto,,success,1
TX0002776,PR000658,FL00213,6505.0,PKR,2024-10-22,Payoneer,14.96,failed,1
TX0002777,PR000272,FL00408,1736.0,PKR,2023-09-11,Payoneer,7.77,success,1
TX0002778,PR001003,,1909.0,USD,2023-04-18,Payoneer,10.18,success,1
TX0002779,,FL00242,3709.0,USD,2023-06-21,Bank Transfer,19.57,refunded,1
TX0002780,PR000464,FL00244,,PKR,2021-05-06,Wise,20.32,success,0
TX0002781,PR000007,FL00102,4535.0,GBP,2024-06-08,PayPal,13.19,pending,0
TX0002782,PR000034,FL00069,2158.0,PKR,2024-10-12,PayPal,12.05,refunded,0
TX0002783,PR000505,FL00263,4776.0,bdt,2022-09-20,Payoneer,13.74,success,0
TX0002784,PR000689,FL00126,-889.0,BDT,2021-07-23,Wise,19.07,success,0
TX0002785,PR001038,FL00259,7251.0,USD,2020-04-16,Crypto,7.11,pending,0
TX0002786,PR000371,FL00188,3552.0,USD,2022-04-08,Crypto,8.85,pending,1
TX0002787,PR000790,FL00065,4754.0,USD,2021-06-17,Bank Transfer,9.44,success,1
TX0002788,PR000632,FL00030,4690.0,USD,2024-06-18,Wise,20.19,pending,0
TX0002789,PR000779,FL00347,2863.0,USD,2020-02-07,Crypto,,success,0
TX0002790,PR000674,FL00453,4546.0,USD,2024-11-21,Payoneer,10.76,success,1
TX0002791,PR000942,FL00235,6370.0,INR,2020-02-22,Crypto,15.87,success,0
TX0002792,PR000504,FL00062,6286.0,BDT,2021-01-22,Bank Transfer,19.57,refunded,0
TX0002793,PR000442,FL00281,2555.0,EUR,2020-09-17,Crypto,19.34,success,1
TX0002794,PR000045,FL00074,2477.0,GBP,2022-07-09,PayPal,13.97,refunded,0
TX0002795,PR000490,,7221.0,USD,2020-08-13,Payoneer,11.43,success,1
TX0002796,PR000754,FL00011,596.0,PKR,2020-08-07,PayPal,5.04,success,0
TX0002797,PR000645,FL00182,161.0,EUR,2021-12-08,Crypto,12.69,pending,0
TX0002798,PR000301,FL00216,5986.0,EUR,2024-08-09,Bank Transfer,6.51,success,1
TX0002799,PR000889,FL00086,5168.0,USD,2022-03-18,Crypto,8.37,refunded,0
TX0002800,PR000364,FL00270,885.0,INR,2021-12-13,Payoneer,12.51,success,0
TX0002801,PR000528,FL00255,4276.0,USD,2023-03-22,Wise,18.44,success,1
TX0002802,PR000469,FL00137,2733.0,USD,2020-05-09,Wise,12.77,refunded,0
TX0002803,PR000496,FL00325,-504.0,BDT,2023-06-15,Bank Transfer,20.39,success,1
TX0002804,PR000281,FL00212,2799.0,USD,2022-05-23,Payoneer,18.44,success,1
TX0002805,,FL00452,4445.0,USD,2024-10-03,Stripe,6.62,success,0
TX0002806,PR000871,FL00224,1402.0,USD,2024-10-03,Payoneer,10.34,success,1
TX0002807,PR000877,FL00210,4832.0,GBP,2023-12-08,Crypto,5.44,success,1
TX0002808,PR001164,FL00137,4138.0,USD,2021-02-03,Stripe,7.97,failed,1
TX0002809,PR000971,FL00224,498.0,USD,2020-03-15,PayPal,10.67,success,0
TX0002810,PR001185,FL00098,993.0,GBP,2020-08-08,Wise,9.0,success,0
TX0002811,PR000468,FL00063,5720.0,GBP,2022-12-09,Bank Transfer,19.34,success,0
TX0002812,PR000241,FL00036,2600.0,BDT,2022-07-03,PayPal,20.74,success,1
TX0002813,PR000377,FL00217,5661.0,PKR,2023-12-31,Stripe,11.95,failed,0
TX0002814,PR000484,FL00494,4921.0,PKR,2020-02-21,Wise,18.63,failed,1
TX0002815,PR001151,,311.0,GBP,2022-07-15,Crypto,17.37,success,0
TX0002816,PR000210,FL00225,1806.0,GBP,2024-11-06,Stripe,20.07,failed,1
TX0002817,PR000735,FL00086,1114.0,USD,2024-09-08,Crypto,19.05,failed,1
TX0002818,PR000423,FL00436,88.0,BDT,2024-12-19,Wise,7.87,pending,0
TX0002819,PR001048,FL00088,252357.0,USD,2022-11-11,Crypto,20.41,refunded,1
TX0002820,PR000896,FL00262,3987.0,INR,2022-05-11,PayPal,10.68,success,0
TX0002821,PR000510,FL00324,2088.0,USD,2023-02-26,Crypto,5.83,success,1
TX0002822,,FL00231,1053.0,EUR,2023-11-24,PayPal,14.23,refunded,1
TX0002823,PR001153,FL00002,1727.0,USD,2022-10-19,Crypto,9.44,success,0
TX0002824,PR000641,FL00221,6245.0,INR,2024-06-20,Payoneer,5.93,success,1
TX0002825,PR000776,FL00025,5968.0,GBP,2023-08-17,Crypto,19.6,success,0
TX0002826,PR000441,,1976.0,PKR,2020-01-13,Crypto,13.3,pending,0
TX0002827,PR000699,FL00399,1626.0,usd,2022-01-16,Crypto,14.72,pending,1
TX0002828,PR000260,FL00431,1429.0,PKR,2023-09-10,Crypto,8.87,refunded,1
TX0002829,PR000539,FL00411,5223.0,INR,2022-03-06,Stripe,10.34,pending,0
TX0002830,,FL00130,7800.0,USD,2020-11-01,Wise,8.62,failed,1
TX0002831,PR000711,FL00327,3572.0,BDT,2024-09-20,Wise,8.71,failed,0
TX0002832,PR000850,FL00441,6764.0,USD,2021-09-11,PayPal,19.61,success,1
TX0002833,PR000994,FL00076,4052.0,BDT,2023-04-17,Stripe,17.78,failed,1
TX0002834,PR000093,FL00312,2262.0,USD,2024-08-01,PayPal,20.42,success,1
TX0002835,PR000173,FL00480,571.0,USD,2021-05-20,Payoneer,11.21,success,1
TX0002836,,FL00499,5636.0,pkr,2022-01-10,Wise,17.97,success,0
TX0002837,PR000195,FL00169,1191.0,USD,2024-08-22,PayPal,9.6,success,0
TX0002838,PR000246,FL00448,5020.0,GBP,2022-02-15,PayPal,12.73,failed,0
TX0002839,PR000035,FL00089,,INR,,Wise,12.0,pending,1
TX0002840,PR000390,FL00333,6812.0,GBP,2024-05-13,Wise,9.76,success,0
TX0002841,PR000879,FL00192,681.0,INR,2022-12-20,Payoneer,16.3,failed,0
TX0002842,PR001113,FL00116,7623.0,INR,2023-09-02,Payoneer,13.75,success,0
TX0002843,PR000709,FL00374,4068.0,BDT,2020-08-31,Bank Transfer,10.7,success,0
TX0002844,PR000600,FL00265,3568.0,GBP,2022-10-17,Stripe,14.25,pending,0
TX0002845,PR001161,FL00022,2937.0,USD,2024-08-14,Bank Transfer,17.68,refunded,0
TX0002846,PR000287,FL00283,1239.0,GBP,2020-10-26,Wise,11.81,failed,1
TX0002847,PR001103,FL00127,7537.0,INR,2022-09-11,Wise,14.02,success,1
TX0002848,PR001162,,7967.0,USD,2022-02-21,Crypto,16.35,success,1
TX0002849,PR000773,FL00165,587.0,USD,2022-01-20,Wise,12.76,success,0
TX0002850,,FL00482,4883.0,GBP,2020-01-24,Bank Transfer,15.82,refunded,1
TX0002851,PR000217,FL00198,2655.0,bdt,,Crypto,6.79,pending,0
TX0002852,PR000650,FL00220,1229.0,BDT,2024-12-15,Wise,12.13,refunded,0
TX0002853,PR000903,FL00434,2832.0,GBP,,Stripe,17.96,failed,1
TX0002854,PR001145,FL00140,7321.0,GBP,2021-07-03,PayPal,20.27,failed,1
TX0002855,PR001129,FL00189,-7590.0,USD,2023-02-07,Bank Transfer,,pending,1
TX0002856,PR001132,FL00198,6003.0,PKR,2024-09-14,Crypto,16.78,success,0
TX0002857,PR000994,FL00177,615.0,EUR,2024-01-26,Wise,13.01,failed,0
TX0002858,PR000165,FL00075,,GBP,2023-02-28,PayPal,14.16,failed,1
TX0002859,PR000492,FL00110,1226.0,USD,2021-10-30,PayPal,7.52,success,1
TX0002860,PR000951,FL00091,540.0,EUR,2020-07-12,Crypto,12.06,success,1
TX0002861,PR000097,FL00380,,,2024-07-28,Crypto,12.31,success,0
TX0002862,,FL00084,5526.0,USD,2020-09-02,Payoneer,17.11,failed,1
TX0002863,PR000399,FL00147,7084.0,INR,2020-07-06,Payoneer,10.86,pending,0
TX0002864,PR000450,FL00101,3689.0,INR,2024-01-19,Stripe,12.06,success,1
TX0002865,PR000337,FL00018,5641.0,EUR,2023-10-03,Crypto,11.64,success,1
TX0002866,PR000603,FL00256,7640.0,USD,2020-02-04,Crypto,19.35,failed,0
TX0002867,,FL00384,2409.0,EUR,2021-10-28,Crypto,12.97,failed,0
TX0002868,PR000561,FL00048,-472.0,BDT,2022-11-06,Payoneer,15.07,refunded,1
TX0002869,PR000145,FL00161,2664.0,INR,2024-10-23,Stripe,13.55,refunded,0
TX0002870,,FL00386,912446.0,PKR,2021-12-23,Bank Transfer,18.32,success,1
TX0002871,PR000720,FL00180,3698.0,pkr,2020-11-17,Payoneer,7.27,success,0
TX0002872,PR000649,FL00064,7923.0,USD,2023-10-25,Payoneer,20.64,success,0
TX0002873,PR000139,FL00478,5377.0,usd,2020-02-03,PayPal,,failed,1
TX0002874,PR000365,FL00033,1435.0,,2023-06-01,PayPal,20.11,success,1
TX0002875,PR000382,FL00393,,USD,2023-11-15,Bank Transfer,12.47,refunded,0
TX0002876,PR000373,,6728.0,USD,2020-08-05,Wise,14.35,success,0
TX0002877,PR000528,FL00236,7442.0,EUR,2022-06-15,Payoneer,10.86,success,1
TX0002878,PR000912,FL00189,7473.0,PKR,2021-01-12,Stripe,,success,0
TX0002879,PR000706,FL00252,-4534.0,BDT,2021-06-10,WISE,17.56,pending,0
TX0002880,PR001002,FL00416,7141.0,GBP,2023-09-18,Wise,,success,1
TX0002881,PR000702,FL00459,7108.0,BDT,2024-01-13,Wise,16.94,refunded,1
TX0002882,PR000373,FL00241,4323.0,USD,2024-02-12,PayPal,10.3,refunded,1
TX0002883,PR000989,FL00407,3883.0,INR,2024-07-10,Wise,,success,1
TX0002884,PR000775,FL00173,2218.0,GBP,2021-12-22,Bank Transfer,11.8,success,0
TX0002885,PR000595,FL00244,3424.0,GBP,2023-04-04,Crypto,6.98,refunded,0
TX0002886,PR000495,FL00213,1390.0,USD,2021-09-16,PayPal,17.17,refunded,1
TX0002887,PR000847,FL00242,3096.0,USD,2021-02-23,Stripe,15.14,failed,1
TX0002888,PR001073,FL00394,,USD,2020-11-04,PayPal,5.23,failed,1
TX0002889,PR000539,FL00027,543.0,USD,2020-07-09,Bank Transfer,18.49,pending,1
TX0002890,PR000660,FL00175,265.0,USD,2023-03-24,Stripe,,success,0
TX0002891,PR001046,FL00224,3121.0,USD,2022-06-10,Payoneer,9.72,success,1
TX0002892,PR001016,FL00284,5331.0,EUR,,PayPal,17.2,failed,1
TX0002893,PR000448,FL00250,2934.0,GBP,2023-10-16,PAYONEER,5.76,success,1
TX0002894,PR000712,FL00310,330.0,usd,2020-08-18,Stripe,10.47,refunded,1
TX0002895,PR001177,FL00087,5055.0,USD,2021-11-30,Crypto,18.3,pending,0
TX0002896,PR000204,FL00424,4089.0,USD,2021-01-07,Payoneer,6.5,success,1
TX0002897,PR000355,FL00324,4849.0,EUR,2024-10-23,Bank Transfer,10.64,success,1
TX0002898,PR000902,FL00230,3885.0,USD,2024-07-24,Stripe,8.57,refunded,0
TX0002899,PR000104,FL00233,3596.0,PKR,2023-08-01,PayPal,5.62,success,0
TX0002900,PR000161,FL00366,3388.0,PKR,2022-01-03,Bank Transfer,,pending,1
TX0002901,PR000059,FL00205,5725.0,USD,2023-09-09,Stripe,20.35,success,1
TX0002902,PR001061,,1419.0,BDT,2024-12-10,Stripe,17.96,success,1
TX0002903,PR000122,FL00353,5683.0,GBP,2022-06-09,Crypto,13.77,success,1
TX0002904,PR000652,FL00267,7804.0,BDT,2024-05-25,Bank Transfer,9.03,success,0
TX0002905,PR000968,FL00326,6213.0,BDT,2021-10-12,Crypto,13.78,success,1
TX0002906,PR000736,FL00388,578.0,GBP,2023-02-19,Crypto,18.25,success,1
TX0002907,PR001054,FL00252,4519.0,USD,2022-01-17,Crypto,20.36,failed,1
TX0002908,PR000483,FL00058,1644.0,GBP,2024-05-21,Wise,10.76,success,1
TX0002909,PR000766,FL00314,1986.0,EUR,2022-08-24,Stripe,16.95,pending,1
TX0002910,,FL00240,-1967.0,BDT,2022-04-02,WISE,8.73,success,1
TX0002911,PR000083,FL00426,-6692.0,BDT,2020-06-21,Bank Transfer,9.7,success,0
TX0002912,PR000377,FL00220,5054.0,BDT,2023-07-12,PayPal,15.04,success,0
TX0002913,PR000432,FL00121,4652.0,BDT,2023-05-12,Bank Transfer,9.34,success,1
TX0002914,PR000183,FL00498,7425.0,INR,2021-01-28,Payoneer,12.63,failed,0
TX0002915,PR000606,FL00116,7455.0,GBP,2023-02-12,Crypto,17.32,refunded,1
TX0002916,PR000248,,5955.0,BDT,2021-04-01,Payoneer,9.89,pending,0
TX0002917,PR000259,FL00307,3802.0,USD,2023-01-18,Wise,8.72,failed,1
TX0002918,PR001110,FL00079,6295.0,BDT,2020-09-16,Wise,14.86,success,1
TX0002919,PR000315,FL00169,2284.0,USD,2024-10-10,Payoneer,10.86,failed,0
TX0002920,PR000506,FL00452,1474.0,EUR,2023-11-21,Crypto,16.76,refunded,1
TX0002921,PR001164,FL00070,6257.0,INR,2022-05-03,PayPal,14.64,success,1
TX0002922,PR000857,FL00081,845.0,INR,2024-11-21,PayPal,,success,1
TX0002923,PR000023,FL00456,2173.0,USD,2021-02-15,PayPal,14.18,refunded,1
TX0002924,PR000241,FL00129,1809.0,USD,2023-06-09,Wise,19.2,success,0
TX0002925,PR000094,FL00176,5861.0,EUR,2024-11-23,Bank Transfer,5.14,failed,1
TX0002926,PR000343,FL00174,7222.0,INR,2022-02-18,Wise,11.96,success,0
TX0002927,PR000782,FL00458,5446.0,INR,2021-06-15,PayPal,16.16,success,1
TX0002928,PR000074,FL00276,3264.0,PKR,2022-10-01,PayPal,12.72,success,1
TX0002929,PR001033,FL00367,6542.0,BDT,2022-03-26,Wise,11.45,failed,1
TX0002930,PR000385,FL00183,3020.0,GBP,2021-12-07,Wise,17.8,refunded,1
TX0002931,PR000165,FL00177,5583.0,USD,2021-03-27,Bank Transfer,14.67,success,0
TX0002932,PR000616,FL00228,5174.0,,2024-05-10,Bank Transfer,,refunded,1
TX0002933,PR000985,FL00191,5489.0,usd,2022-01-27,Bank Transfer,,failed,0
TX0002934,PR000566,FL00463,,INR,,Stripe,11.78,refunded,0
TX0002935,,FL00409,3800.0,EUR,2023-11-27,Wise,13.38,success,0
TX0002936,PR000759,FL00107,7810.0,PKR,2022-06-07,PayPal,8.02,success,0
TX0002937,PR001073,FL00449,6094.0,USD,2023-03-24,Payoneer,17.43,failed,1
TX0002938,PR000050,FL00255,7465.0,USD,2022-08-25,Payoneer,15.01,failed,1
TX0002939,PR000332,FL00073,-1773.0,BDT,2022-04-28,Wise,,success,0
TX0002940,PR000834,FL00023,4633.0,EUR,,Bank Transfer,19.26,success,1
TX0002941,PR001184,FL00459,5475.0,PKR,2024-07-17,PayPal,18.77,refunded,0
TX0002942,PR000792,FL00079,,INR,2021-10-14,Stripe,18.9,success,0
TX0002943,PR000176,,6615.0,INR,2021-08-25,PayPal,19.86,refunded,1
TX0002944,PR000351,FL00482,4788.0,INR,2021-08-10,PayPal,9.61,pending,1
TX0002945,PR000361,FL00465,752856.0,INR,2021-05-04,PayPal,16.96,pending,1
TX0002946,,FL00474,-2037.0,USD,,Wise,5.72,refunded,1
TX0002947,PR000703,FL00025,2987.0,BDT,,PAYONEER,10.44,failed,0
TX0002948,,FL00388,619.0,GBP,2024-08-13,Wise,9.31,success,0
TX0002949,PR000336,FL00132,4522.0,BDT,2022-05-18,PayPal,10.83,pending,0
TX0002950,PR000038,FL00262,5975.0,BDT,2021-09-22,Payoneer,6.94,failed,0
TX0002951,PR000739,FL00030,3890.0,INR,2020-05-03,Stripe,14.65,success,0
TX0002952,PR000928,FL00073,4448.0,bdt,2022-05-25,Wise,9.03,success,1
TX0002953,PR000614,FL00184,5562.0,BDT,2021-10-09,Wise,7.37,success,0
TX0002954,PR000810,FL00262,6815.0,BDT,2023-01-01,Crypto,11.57,refunded,0
TX0002955,PR000868,FL00209,-84.0,PKR,2020-07-16,PayPal,8.99,pending,1
TX0002956,PR000445,FL00231,2678.0,usd,2024-05-29,Bank Transfer,19.03,success,0
TX0002957,PR000102,FL00136,4475.0,EUR,2021-12-27,,11.34,pending,1
TX0002958,PR000156,FL00254,6158.0,BDT,2024-05-20,Payoneer,13.77,success,0
TX0002959,,FL00018,4643.0,,2024-12-08,Wise,11.71,success,0
TX0002960,PR001171,FL00215,3938.0,USD,2020-01-08,Wise,16.27,success,1
TX0002961,PR000627,FL00395,727100.0,BDT,2021-11-25,Crypto,11.14,failed,0
TX0002962,PR000888,FL00091,5429.0,USD,2024-11-03,PayPal,10.6,success,0
TX0002963,PR000495,FL00054,5330.0,BDT,2023-04-06,Wise,17.62,success,1
TX0002964,PR000566,FL00272,-305.0,EUR,2021-06-03,Payoneer,7.34,failed,0
TX0002965,PR000201,FL00274,6235.0,EUR,2021-02-19,Wise,19.18,failed,0
TX0002966,PR000395,FL00405,7257.0,BDT,2021-11-20,Payoneer,7.49,success,0
TX0002967,PR000923,FL00423,-2906.0,GBP,2021-03-26,Wise,12.2,success,0
TX0002968,PR000750,FL00215,574.0,USD,2020-09-27,Bank Transfer,6.09,pending,1
TX0002969,PR000863,FL00226,2975.0,BDT,2024-08-13,Stripe,19.76,success,0
TX0002970,PR000500,FL00449,1256.0,BDT,2022-05-22,Payoneer,11.02,success,0
TX0002971,PR000422,FL00081,5317.0,PKR,2020-12-22,,19.48,success,0
TX0002972,PR000203,FL00423,710.0,USD,,Bank Transfer,10.33,success,0
TX0002973,PR000117,FL00134,5276.0,INR,2022-05-22,Bank Transfer,6.17,success,1
TX0002974,PR000436,FL00107,1400.0,USD,2020-02-21,Payoneer,10.21,success,0
TX0002975,PR000255,FL00192,162443.0,INR,2023-02-04,PayPal,16.59,failed,0
TX0002976,,FL00126,2959.0,USD,2024-03-10,Crypto,6.46,success,0
TX0002977,PR000994,FL00007,3764.0,GBP,2020-05-08,Stripe,11.77,refunded,1
TX0002978,,FL00461,3714.0,USD,2020-07-24,Stripe,9.78,pending,1
TX0002979,PR000135,FL00322,6579.0,PKR,2020-06-25,Bank Transfer,20.88,pending,1
TX0002980,PR000101,FL00266,2424.0,INR,2020-04-21,PayPal,17.68,success,1
TX0002981,PR000878,FL00209,1868.0,GBP,,Bank Transfer,9.25,success,1
TX0002982,PR000793,FL00047,5231.0,INR,2023-12-14,,17.79,success,1
TX0002983,PR000406,FL00017,5949.0,INR,2022-03-17,Payoneer,19.99,success,1
TX0002984,PR000087,FL00032,5832.0,GBP,2021-06-26,Stripe,20.91,pending,0
TX0002985,PR000287,FL00322,3592.0,USD,2021-09-28,Wise,,refunded,1
TX0002986,PR000711,FL00060,-289.0,EUR,2024-12-20,,6.41,success,1
TX0002987,PR000753,FL00420,3137.0,BDT,2020-06-12,Payoneer,7.2,pending,1
TX0002988,PR000974,FL00259,7705.0,GBP,2022-09-28,Stripe,18.78,success,1
TX0002989,PR001134,FL00291,5566.0,USD,2022-04-14,,12.39,refunded,0
TX0002990,PR000524,FL00478,4344.0,GBP,2021-02-24,STRIPE,,success,0
TX0002991,PR000485,FL00415,-6747.0,EUR,2022-10-07,Bank Transfer,15.91,success,1
TX0002992,PR000229,FL00440,6399.0,eur,2024-05-15,Crypto,12.57,success,1
TX0002993,PR000537,FL00450,2141.0,USD,2020-04-24,Stripe,13.79,pending,0
TX0002994,PR000446,FL00287,-3155.0,BDT,2020-05-16,Payoneer,15.59,success,1
TX0002995,PR000369,FL00123,5831.0,EUR,2020-07-31,Bank Transfer,18.08,pending,0
TX0002996,PR001009,FL00069,4665.0,USD,2020-05-21,Crypto,6.94,success,1
TX0002997,PR000415,FL00021,7542.0,USD,2022-04-03,,15.11,success,0
TX0002998,PR000989,,3987.0,USD,2020-01-16,PayPal,16.01,failed,1
TX0002999,PR001149,FL00458,6077.0,GBP,2021-10-10,PayPal,16.6,success,0
TX0003000,PR000713,FL00365,4655.0,INR,2023-08-06,Payoneer,16.87,refunded,1
TX0003001,PR000574,FL00258,2388.0,BDT,2023-08-29,Bank Transfer,15.68,success,1
TX0003002,PR001190,FL00393,6002.0,USD,2020-05-31,Crypto,5.73,refunded,1
TX0003003,PR000406,,5296.0,BDT,2023-11-10,Stripe,12.89,success,1
TX0003004,PR000722,FL00490,7859.0,GBP,2022-03-09,Payoneer,7.72,success,0
TX0003005,PR000967,FL00334,6774.0,GBP,2023-04-23,Stripe,16.8,pending,0
TX0003006,PR000299,FL00342,3958.0,USD,2022-01-05,Bank Transfer,17.34,pending,1
TX0003007,PR000797,FL00396,6564.0,usd,2023-09-16,Bank Transfer,5.67,pending,0
TX0003008,PR000464,FL00008,378094.0,USD,2024-02-23,Stripe,9.53,success,0
TX0003009,PR000151,FL00017,,EUR,2022-03-15,Wise,10.85,success,1
TX0003010,PR000108,FL00460,7397.0,EUR,2023-06-20,Bank Transfer,17.29,refunded,1
TX0003011,PR000682,FL00172,3779.0,PKR,2024-10-06,Stripe,11.8,success,0
TX0003012,PR000874,,869.0,USD,2021-12-25,Bank Transfer,15.21,failed,0
TX0003013,PR000586,FL00170,3685.0,USD,2024-02-28,Payoneer,13.71,success,1
TX0003014,PR001109,FL00108,971.0,INR,2023-03-23,Stripe,18.0,pending,0
TX0003015,PR000078,FL00317,889.0,USD,,Bank Transfer,17.26,success,1
TX0003016,PR000831,FL00005,2916.0,USD,2020-05-25,PayPal,,pending,0
TX0003017,PR001050,FL00077,4764.0,USD,2022-06-09,Wise,5.73,success,0
TX0003018,PR000365,FL00118,1174.0,BDT,2022-03-06,Bank Transfer,20.21,failed,1
TX0003019,PR001114,FL00029,748.0,BDT,2020-09-21,Bank Transfer,19.38,success,0
TX0003020,PR000397,,3054.0,BDT,2020-12-01,Crypto,7.7,pending,1
TX0003021,PR000992,FL00397,,USD,2021-09-19,Wise,8.21,failed,1
TX0003022,PR000327,FL00451,6252.0,PKR,2021-10-15,Wise,16.44,success,0
TX0003023,PR000354,FL00207,2499.0,BDT,2024-09-17,Wise,14.28,success,1
TX0003024,PR000697,FL00436,277.0,BDT,2021-10-04,Crypto,7.57,success,1
TX0003025,PR000247,,6719.0,USD,2024-10-03,PayPal,20.69,success,0
TX0003026,PR000291,FL00286,3244.0,USD,2021-11-29,Wise,16.13,success,1
TX0003027,PR000904,FL00420,1679.0,USD,2021-11-15,Wise,13.57,failed,1
TX0003028,PR000730,FL00253,3569.0,BDT,2020-02-25,Payoneer,6.06,success,1
TX0003029,PR001023,FL00128,-3139.0,GBP,,Crypto,6.35,failed,0
TX0003030,PR000460,FL00126,5277.0,USD,2020-05-31,Crypto,9.35,pending,1
TX0003031,PR000488,FL00062,4300.0,PKR,2023-07-30,Wise,6.65,failed,1
TX0003032,PR000830,FL00135,7553.0,USD,2024-05-07,Wise,19.46,pending,1
TX0003033,PR000741,FL00078,4574.0,USD,2020-10-28,PayPal,14.29,success,1
TX0003034,PR000306,,513.0,USD,2022-11-29,Bank Transfer,19.24,failed,0
TX0003035,PR001002,FL00068,5532.0,BDT,2021-05-05,Stripe,20.07,success,1
TX0003036,PR000520,FL00436,5432.0,,2023-12-07,Stripe,12.23,pending,0
TX0003037,PR000199,,2217.0,USD,2020-08-15,Stripe,7.02,failed,1
TX0003038,PR000201,FL00233,3031.0,USD,2024-10-11,Payoneer,5.03,success,1
TX0003039,PR000174,FL00074,878.0,EUR,2024-06-19,Crypto,13.71,success,1
TX0003040,PR000399,FL00170,3926.0,GBP,2021-06-08,PayPal,10.24,success,0
TX0003041,PR000115,FL00019,432.0,USD,2024-07-31,Payoneer,15.01,refunded,0
TX0003042,,FL00215,7212.0,USD,2024-03-13,Stripe,20.51,failed,0
TX0003043,PR000645,FL00090,5237.0,INR,,Payoneer,7.26,success,1
TX0003044,PR000256,FL00303,5669.0,EUR,2024-06-11,Wise,12.76,pending,1
TX0003045,PR000097,FL00473,581.0,INR,2022-01-12,Payoneer,17.0,success,0
TX0003046,PR001081,FL00173,7157.0,USD,2021-08-11,Payoneer,10.19,refunded,1
TX0003047,PR000755,FL00360,1996.0,INR,2022-06-02,Bank Transfer,5.26,refunded,0
TX0003048,PR001062,FL00349,5067.0,USD,2021-07-21,Stripe,14.23,success,1
TX0003049,PR000013,FL00185,7831.0,BDT,2024-01-28,Payoneer,9.29,failed,0
TX0003050,PR000319,FL00358,5377.0,EUR,2021-09-10,Crypto,5.49,failed,0
TX0003051,PR000854,FL00260,-538.0,INR,2020-11-06,Stripe,14.43,refunded,0
TX0003052,PR000586,FL00174,-435.0,INR,2022-01-03,Crypto,17.7,failed,1
TX0003053,PR001032,FL00083,2990.0,EUR,2021-06-14,Crypto,10.1,failed,0
TX0003054,PR001027,FL00496,4456.0,EUR,2024-05-04,Payoneer,7.99,refunded,0
TX0003055,PR000150,FL00035,517613.0,EUR,2023-05-29,PayPal,18.76,refunded,0
TX0003056,PR001031,FL00411,2649.0,USD,2021-04-11,Payoneer,16.33,refunded,0
TX0003057,PR000633,FL00258,7711.0,EUR,,Bank Transfer,15.0,pending,1
TX0003058,PR000009,FL00034,6334.0,USD,2024-02-21,Stripe,18.39,success,0
TX0003059,PR000758,FL00020,4435.0,GBP,2022-01-24,Payoneer,17.48,success,1
TX0003060,PR001027,FL00463,7053.0,PKR,2024-08-22,Payoneer,,refunded,0
TX0003061,PR001047,FL00124,1840.0,EUR,2022-07-09,Bank Transfer,20.84,pending,0
TX0003062,PR001019,FL00140,1713.0,USD,,Wise,8.03,pending,0
TX0003063,PR000960,FL00434,4331.0,USD,2023-06-15,Wise,5.62,success,1
TX0003064,PR000336,FL00179,5285.0,GBP,2023-10-28,Crypto,13.72,pending,0
TX0003065,PR000587,FL00183,560.0,USD,2024-07-07,Bank Transfer,15.14,success,0
TX0003066,PR000215,FL00039,2743.0,USD,2021-11-24,Wise,19.03,pending,1
TX0003067,PR000263,FL00278,1916.0,USD,2024-05-11,BANK TRANSFER,17.42,success,0
TX0003068,PR000984,FL00331,3288.0,USD,2021-05-07,Crypto,19.43,failed,0
TX0003069,PR000314,FL00385,7422.0,GBP,2020-09-29,Bank Transfer,14.26,success,0
TX0003070,PR000473,FL00157,6344.0,INR,2022-11-06,Bank Transfer,8.55,failed,1
TX0003071,PR000840,FL00282,370.0,INR,2023-11-22,PayPal,6.27,success,0
TX0003072,PR000123,FL00066,1659.0,USD,2021-03-29,Payoneer,10.01,success,1
TX0003073,PR000021,FL00396,3243.0,PKR,2023-03-22,Bank Transfer,9.35,success,1
TX0003074,PR000774,FL00119,7718.0,USD,2023-04-14,Stripe,14.37,pending,0
TX0003075,PR000257,FL00425,2673.0,USD,2024-05-27,Wise,6.57,success,0
TX0003076,PR000441,FL00375,334286.0,GBP,2020-04-02,Wise,5.62,refunded,1
TX0003077,PR000834,FL00259,4536.0,USD,2024-04-08,Payoneer,9.19,failed,1
TX0003078,PR000716,FL00124,5513.0,USD,2023-02-11,Bank Transfer,17.35,failed,0
TX0003079,PR000778,FL00259,4041.0,PKR,2024-05-01,Bank Transfer,18.12,success,1
TX0003080,,FL00482,5882.0,EUR,2021-12-29,PayPal,20.28,success,0
TX0003081,,FL00204,7757.0,USD,2021-01-01,Bank Transfer,7.3,success,0
TX0003082,PR000365,FL00275,6401.0,USD,2020-07-14,Wise,6.26,failed,0
TX0003083,PR001188,FL00046,5859.0,USD,2020-03-11,PayPal,20.46,failed,0
TX0003084,PR000813,FL00296,625929.0,BDT,2023-08-12,Crypto,17.23,pending,0
TX0003085,,FL00388,2837.0,GBP,2022-08-28,Payoneer,14.77,failed,1
TX0003086,PR000608,FL00197,2064.0,PKR,2024-11-25,Crypto,14.07,pending,1
TX0003087,PR000175,FL00243,1483.0,EUR,2023-02-12,Bank Transfer,20.07,failed,0
TX0003088,PR001049,FL00140,3001.0,,2020-01-18,BANK TRANSFER,,success,1
TX0003089,PR001177,FL00226,5405.0,INR,2023-02-19,,19.56,success,0
TX0003090,PR001077,FL00113,6130.0,USD,2020-01-23,Wise,14.37,refunded,0
TX0003091,PR000500,FL00162,3679.0,BDT,2021-03-17,Stripe,6.6,failed,0
TX0003092,PR000714,FL00029,4391.0,EUR,2021-01-29,Bank Transfer,11.43,success,0
TX0003093,,FL00474,1806.0,PKR,2024-12-01,Wise,5.34,success,1
TX0003094,PR000192,FL00496,,USD,2022-02-24,Stripe,9.81,success,1
TX0003095,PR000759,FL00185,6460.0,USD,2024-08-24,Bank Transfer,18.02,refunded,0
TX0003096,PR000618,,1038.0,USD,2021-05-05,,15.78,success,1
TX0003097,PR000685,FL00294,4257.0,INR,2021-03-31,Crypto,11.67,success,0
TX0003098,PR000957,FL00065,360.0,USD,2021-05-16,Crypto,10.02,success,0
TX0003099,PR000537,FL00092,7891.0,EUR,2021-06-08,Wise,13.31,failed,1
TX0003100,PR000087,FL00409,7339.0,BDT,2021-05-26,Stripe,7.48,success,0
TX0003101,PR000593,FL00300,1783.0,EUR,2022-02-27,Stripe,10.55,refunded,1
TX0003102,PR001083,FL00418,5914.0,INR,2022-08-18,Wise,9.27,success,1
TX0003103,PR000164,FL00001,1810.0,INR,2023-06-01,WISE,18.24,pending,1
TX0003104,PR001069,FL00449,4382.0,,2022-11-06,Bank Transfer,10.47,success,1
TX0003105,PR000161,FL00061,-7106.0,BDT,2020-07-26,Bank Transfer,10.45,failed,0
TX0003106,PR001176,FL00167,919.0,BDT,2022-06-01,PayPal,18.19,success,1
TX0003107,PR000363,FL00034,2226.0,GBP,2023-05-03,Wise,6.88,failed,0
TX0003108,PR000420,,4059.0,INR,2020-05-02,Bank Transfer,14.08,failed,1
TX0003109,PR001177,FL00347,633104.0,EUR,2023-05-31,Bank Transfer,13.5,success,0
TX0003110,PR000149,FL00155,1728.0,USD,2021-07-29,PayPal,,refunded,0
TX0003111,PR000822,FL00037,6894.0,BDT,,PayPal,20.54,pending,1
TX0003112,PR000188,FL00332,-6683.0,PKR,2023-11-26,Wise,11.09,refunded,0
TX0003113,PR000701,FL00178,5765.0,USD,2021-08-01,Payoneer,13.91,pending,1
TX0003114,PR000710,FL00086,5373.0,PKR,2022-12-04,Stripe,12.22,success,1
TX0003115,PR000401,FL00336,4844.0,usd,2021-03-29,Wise,17.28,success,1
TX0003116,PR000958,FL00262,-1178.0,EUR,2023-01-29,Bank Transfer,16.41,failed,0
TX0003117,PR000904,FL00474,1702.0,,2023-10-27,Stripe,11.07,success,0
TX0003118,PR000636,FL00012,3828.0,GBP,2024-08-31,Crypto,14.35,success,1
TX0003119,PR000755,FL00411,625.0,GBP,2021-03-27,Payoneer,8.97,success,1
TX0003120,PR000389,FL00239,3945.0,PKR,2022-01-19,Payoneer,,success,0
TX0003121,PR000158,FL00037,119.0,EUR,2020-05-31,Wise,18.34,refunded,0
TX0003122,PR000933,FL00293,2428.0,USD,2024-09-15,Crypto,6.96,success,0
TX0003123,PR000450,FL00358,-7537.0,INR,2020-01-17,Crypto,8.0,success,0
TX0003124,PR001126,FL00309,939.0,INR,2023-01-28,Wise,6.37,refunded,1
TX0003125,,FL00397,5843.0,PKR,2023-12-06,Bank Transfer,14.55,pending,1
TX0003126,PR000168,FL00038,5172.0,BDT,2021-06-30,Payoneer,,pending,0
TX0003127,PR001144,FL00379,1340.0,GBP,2021-12-15,Payoneer,8.28,success,1
TX0003128,PR000713,FL00418,7920.0,GBP,2023-06-28,Stripe,15.49,pending,0
TX0003129,PR000837,FL00277,2483.0,USD,2020-02-26,Payoneer,10.11,refunded,1
TX0003130,PR000908,FL00404,6412.0,pkr,2020-03-05,Stripe,17.53,success,0
TX0003131,PR000167,FL00311,1572.0,BDT,2023-07-27,Crypto,17.7,refunded,1
TX0003132,PR001085,FL00038,7214.0,BDT,2022-06-30,Payoneer,18.07,success,1
TX0003133,PR000881,FL00128,3428.0,EUR,2022-01-21,Payoneer,15.7,refunded,0
TX0003134,PR000601,FL00440,3174.0,EUR,2023-10-03,Wise,8.93,success,1
TX0003135,PR000924,FL00236,5570.0,PKR,2023-10-24,Stripe,16.57,success,0
TX0003136,PR001125,FL00090,3983.0,INR,2022-03-29,Bank Transfer,9.19,pending,0
TX0003137,PR000605,FL00068,7361.0,bdt,2022-09-21,Crypto,,refunded,0
TX0003138,PR000960,FL00057,6019.0,USD,2020-07-15,WISE,9.92,success,0
TX0003139,PR000718,FL00072,6954.0,EUR,,Payoneer,9.52,failed,0
TX0003140,PR001036,FL00033,3574.0,USD,,Crypto,17.86,success,0
TX0003141,,FL00161,-2444.0,USD,2022-10-20,Stripe,16.4,failed,1
TX0003142,PR000610,,,INR,2020-12-31,Payoneer,18.97,pending,1
TX0003143,PR000738,FL00363,,INR,2024-05-26,Payoneer,9.45,failed,1
TX0003144,PR000567,FL00369,4624.0,GBP,2020-10-20,Wise,15.68,failed,0
TX0003145,PR001141,FL00003,322.0,USD,2020-08-19,Stripe,8.36,success,1
TX0003146,PR000911,FL00286,645811.0,INR,2023-05-21,Payoneer,5.66,success,1
TX0003147,PR000788,FL00248,2050.0,PKR,2023-08-16,PayPal,9.99,success,1
TX0003148,PR000535,FL00021,7068.0,PKR,2024-12-20,Crypto,7.56,success,0
TX0003149,PR000573,,2154.0,INR,2023-12-15,Stripe,6.1,pending,1
TX0003150,PR000477,FL00245,153.0,USD,2024-04-28,Stripe,7.07,success,0
TX0003151,PR001152,FL00249,6051.0,USD,2023-11-14,Payoneer,6.88,success,0
TX0003152,PR000811,FL00395,7346.0,USD,2022-12-20,STRIPE,18.94,success,0
TX0003153,PR000824,,714.0,GBP,2024-06-03,Bank Transfer,5.09,refunded,0
TX0003154,PR000572,FL00319,505.0,BDT,2020-05-15,PayPal,11.24,failed,1
TX0003155,PR001121,FL00025,4446.0,USD,,Crypto,12.9,failed,1
TX0003156,PR000582,FL00361,,USD,2022-09-17,Bank Transfer,19.71,success,0
TX0003157,PR001023,FL00200,,BDT,2021-12-18,Crypto,,success,1
TX0003158,PR001154,FL00495,2657.0,INR,2020-05-26,Payoneer,19.44,success,0
TX0003159,PR001184,FL00019,,USD,2023-11-20,Stripe,15.22,success,0
TX0003160,PR000064,FL00416,4957.0,PKR,2023-12-11,Bank Transfer,8.78,refunded,0
TX0003161,PR001018,FL00013,3784.0,PKR,2024-10-28,Payoneer,16.99,success,0
TX0003162,PR000927,FL00338,2160.0,INR,2022-05-14,Stripe,,success,1
TX0003163,PR000766,FL00282,2039.0,BDT,2023-02-09,Bank Transfer,15.92,failed,1
TX0003164,PR001068,FL00028,,,2020-02-03,Stripe,12.77,failed,1
TX0003165,PR000631,FL00295,849.0,USD,2023-12-19,Bank Transfer,14.58,refunded,1
TX0003166,PR000940,FL00058,5495.0,PKR,2024-08-17,Payoneer,11.68,refunded,1
TX0003167,PR000561,FL00154,6419.0,USD,2020-04-15,Stripe,12.49,failed,1
TX0003168,,FL00483,6266.0,,2022-09-14,Stripe,13.16,pending,0
TX0003169,PR000400,FL00047,6348.0,USD,2023-07-29,Stripe,11.14,failed,0
TX0003170,PR000646,FL00274,4581.0,,2024-09-18,Wise,12.7,pending,1
TX0003171,PR000665,FL00396,3409.0,EUR,2022-01-18,Wise,10.37,refunded,1
TX0003172,PR001064,FL00121,1375.0,INR,2024-05-04,Stripe,13.82,pending,0
TX0003173,PR000986,FL00227,1757.0,USD,2021-03-20,Bank Transfer,8.42,success,1
TX0003174,PR000473,FL00197,885.0,USD,2022-01-25,Payoneer,19.22,refunded,1
TX0003175,PR000870,FL00500,4239.0,BDT,2023-02-15,,12.86,success,0
TX0003176,PR000893,FL00314,,PKR,2022-08-25,,19.28,success,0
TX0003177,PR000213,FL00352,7592.0,PKR,2022-08-14,Stripe,14.18,success,0
TX0003178,PR000943,,7727.0,PKR,2021-06-22,Payoneer,13.06,pending,1
TX0003179,PR001092,FL00410,1352.0,USD,2023-10-31,Bank Transfer,17.3,refunded,1
TX0003180,PR000697,FL00250,5493.0,usd,2022-01-22,Wise,20.69,refunded,0
TX0003181,,FL00288,7584.0,GBP,2020-03-20,Payoneer,18.83,success,1
TX0003182,PR000029,FL00098,4696.0,GBP,,Crypto,7.53,pending,1
TX0003183,PR000675,FL00119,758.0,PKR,2022-06-25,PayPal,7.33,success,0
TX0003184,PR000953,,1472.0,USD,,Crypto,9.3,success,0
TX0003185,PR001191,FL00181,1414.0,GBP,2020-04-14,Bank Transfer,18.28,success,0
TX0003186,,FL00296,2549.0,INR,2023-03-20,Stripe,14.65,success,1
TX0003187,PR000730,FL00415,7745.0,GBP,2022-06-17,Payoneer,5.65,refunded,1
TX0003188,PR000353,FL00338,7433.0,USD,2022-12-16,Crypto,17.93,success,0
TX0003189,PR000225,FL00399,254368.0,USD,2022-09-29,Payoneer,17.24,failed,0
TX0003190,PR000163,FL00351,2974.0,USD,2020-09-01,Crypto,8.03,failed,0
TX0003191,PR000327,FL00373,1553.0,GBP,2024-05-04,Wise,10.03,success,0
TX0003192,PR000945,FL00415,7508.0,USD,2022-03-24,Crypto,12.6,failed,0
TX0003193,PR000322,FL00316,7213.0,BDT,2021-08-15,Bank Transfer,10.61,success,1
TX0003194,PR000564,FL00483,3584.0,GBP,2021-11-15,,11.06,failed,0
TX0003195,PR001198,FL00017,1693.0,BDT,2024-01-24,Payoneer,16.34,refunded,0
TX0003196,PR000331,FL00280,4381.0,EUR,2023-09-22,Bank Transfer,12.35,success,1
TX0003197,PR000195,FL00071,7859.0,GBP,2023-09-06,Wise,15.29,success,0
TX0003198,PR000521,FL00121,5921.0,USD,2024-12-16,Wise,5.39,failed,0
TX0003199,PR000142,FL00034,3231.0,USD,2023-08-18,Crypto,19.42,failed,1
TX0003200,PR001034,FL00092,4922.0,,,Stripe,7.96,failed,0
TX0003201,PR001087,FL00074,2008.0,USD,2023-05-13,Wise,16.12,success,0
TX0003202,PR000068,FL00459,2646.0,GBP,2022-02-03,Stripe,,pending,1
TX0003203,PR000721,FL00077,2236.0,BDT,2020-08-15,Stripe,7.97,refunded,1
TX0003204,PR000361,FL00122,1686.0,inr,2020-09-13,PayPal,9.37,refunded,1
TX0003205,PR000437,FL00119,949.0,BDT,2020-06-11,Crypto,,pending,0
TX0003206,PR000675,FL00396,7675.0,INR,2024-07-16,PayPal,20.82,success,0
TX0003207,PR000996,FL00499,3046.0,GBP,2023-01-09,Payoneer,15.55,success,1
TX0003208,PR000149,FL00263,4251.0,BDT,2020-11-16,Stripe,10.75,success,0
TX0003209,PR000129,FL00008,3218.0,EUR,2023-04-21,Stripe,9.4,success,1
TX0003210,PR000405,FL00261,4908.0,BDT,2022-04-16,Payoneer,10.35,success,1
TX0003211,PR000948,FL00250,7201.0,INR,2020-08-03,PAYPAL,6.15,success,0
TX0003212,PR000425,FL00024,-101.0,USD,2022-05-26,PAYONEER,7.18,success,1
TX0003213,PR001187,FL00066,6172.0,GBP,2023-01-03,Payoneer,7.05,success,0
TX0003214,PR000489,FL00335,2433.0,EUR,2021-01-12,Wise,17.82,pending,1
TX0003215,PR000584,FL00363,3273.0,INR,2022-01-26,Wise,19.38,success,1
TX0003216,PR000551,FL00196,7756.0,USD,2022-11-01,Bank Transfer,17.67,pending,1
TX0003217,PR000793,FL00465,3592.0,USD,2021-08-04,PayPal,14.4,success,1
TX0003218,PR000727,FL00489,4823.0,USD,2024-02-11,PayPal,17.5,refunded,0
TX0003219,PR000743,FL00319,1301.0,USD,2023-10-13,PayPal,20.24,success,1
TX0003220,PR000547,FL00080,882.0,USD,2020-04-15,WISE,12.65,success,1
TX0003221,PR001148,FL00142,3130.0,INR,2020-09-16,Wise,14.44,failed,0
TX0003222,PR000885,FL00027,2888.0,GBP,2020-09-01,Wise,6.29,success,0
TX0003223,PR000932,FL00216,2010.0,INR,2024-06-17,Stripe,9.33,refunded,0
TX0003224,PR000540,FL00459,,BDT,2023-03-25,Payoneer,14.35,success,0
TX0003225,PR001163,FL00034,5436.0,BDT,2024-10-26,Stripe,15.41,success,0
TX0003226,PR000538,FL00170,260857.0,USD,2021-07-13,Stripe,10.49,refunded,0
TX0003227,PR000329,FL00468,97841.0,usd,2023-08-16,Wise,16.0,success,1
TX0003228,PR000364,FL00030,7450.0,USD,2022-10-07,PAYPAL,14.5,failed,0
TX0003229,PR000956,FL00293,7643.0,USD,2021-05-03,PayPal,8.24,failed,0
TX0003230,PR000442,FL00092,,USD,2022-02-23,Crypto,10.63,success,1
TX0003231,PR001067,FL00001,7873.0,usd,2024-09-26,Stripe,13.11,failed,0
TX0003232,PR000093,FL00003,7903.0,EUR,2022-05-07,PayPal,8.52,success,1
TX0003233,PR000348,FL00233,,USD,2024-08-28,Payoneer,15.16,failed,0
TX0003234,PR000218,FL00483,5922.0,BDT,2020-12-22,Bank Transfer,8.73,success,0
TX0003235,PR000871,FL00468,4835.0,eur,2021-09-11,Stripe,16.77,success,0
TX0003236,PR000266,FL00390,,USD,2022-02-01,PayPal,14.28,refunded,0
TX0003237,PR000335,FL00279,7693.0,GBP,2021-11-01,Payoneer,8.76,success,0
TX0003238,PR000901,FL00032,7213.0,INR,2022-09-17,PayPal,19.83,refunded,0
TX0003239,PR000933,FL00404,7608.0,USD,2023-04-25,Payoneer,10.04,failed,0
TX0003240,PR000802,FL00267,2410.0,BDT,2020-09-24,Bank Transfer,18.22,refunded,0
TX0003241,PR000070,FL00050,629.0,PKR,,Stripe,9.22,success,1
TX0003242,PR000956,FL00175,7124.0,USD,2023-10-18,Stripe,8.78,success,1
TX0003243,PR000052,FL00226,2708.0,USD,2022-06-17,PayPal,9.35,success,0
TX0003244,PR000200,FL00108,-5144.0,BDT,2021-07-22,Crypto,15.84,failed,1
TX0003245,PR000913,FL00372,3494.0,USD,2023-11-17,Bank Transfer,20.81,success,0
TX0003246,PR000051,FL00307,1312.0,USD,2022-09-17,PayPal,5.92,success,0
TX0003247,PR000827,,1078.0,USD,2021-11-30,Wise,5.78,success,0
TX0003248,PR000707,FL00394,1407.0,EUR,2020-09-18,PayPal,10.5,success,0
TX0003249,PR000940,FL00099,596083.0,PKR,2022-09-06,Wise,5.59,refunded,1
TX0003250,PR000077,FL00257,1614.0,BDT,2024-11-12,Payoneer,,success,1
TX0003251,PR000063,FL00432,,usd,,Wise,13.69,refunded,1
TX0003252,PR000501,FL00010,2252.0,,2022-06-06,STRIPE,14.63,failed,1
TX0003253,PR000689,FL00122,547.0,EUR,2020-03-31,,13.54,refunded,1
TX0003254,PR001084,FL00454,4117.0,EUR,2020-09-18,Bank Transfer,10.69,failed,1
TX0003255,PR000645,FL00108,4103.0,USD,2021-11-23,Crypto,20.74,success,0
TX0003256,PR000181,FL00328,328.0,BDT,2021-02-12,Payoneer,6.36,success,0
TX0003257,PR000345,FL00457,521.0,PKR,2024-02-07,Payoneer,6.76,pending,1
TX0003258,PR000415,FL00414,4365.0,USD,2020-03-20,Bank Transfer,13.77,refunded,0
TX0003259,,FL00071,,INR,2022-06-23,Wise,16.52,failed,1
TX0003260,PR000465,FL00091,6567.0,GBP,2022-09-05,PayPal,9.11,success,0
TX0003261,PR000596,FL00408,380.0,USD,2021-06-07,Wise,19.24,failed,1
TX0003262,PR000915,FL00287,2912.0,USD,2023-05-05,Wise,13.31,success,0
TX0003263,PR000858,FL00085,211.0,USD,2022-09-18,PayPal,10.57,pending,0
TX0003264,PR000265,FL00335,1036.0,USD,2021-04-16,Wise,18.84,success,0
TX0003265,,FL00441,5033.0,INR,2023-04-03,Crypto,18.31,success,1
TX0003266,PR001042,FL00115,4306.0,INR,2023-03-23,Payoneer,14.97,success,1
TX0003267,PR000653,FL00460,5520.0,USD,2020-05-11,Stripe,14.5,failed,0
TX0003268,PR001179,FL00072,6853.0,USD,2020-05-27,Wise,11.2,pending,1
TX0003269,PR001014,FL00341,6944.0,USD,2024-12-31,PayPal,7.73,failed,0
TX0003270,PR001147,FL00042,4386.0,EUR,2020-06-01,Payoneer,10.2,success,1
TX0003271,PR000012,FL00231,7509.0,USD,2021-03-28,Bank Transfer,10.33,success,0
TX0003272,PR000445,FL00272,295.0,inr,2024-06-06,Crypto,19.15,success,0
TX0003273,PR000581,FL00046,1738.0,GBP,2021-07-15,Bank Transfer,14.34,pending,0
TX0003274,PR000999,FL00341,5892.0,,2020-02-16,Wise,20.82,refunded,0
TX0003275,PR001021,FL00133,6962.0,USD,2021-08-08,Crypto,19.95,success,1
TX0003276,PR000143,,2858.0,GBP,2023-07-27,Bank Transfer,9.81,pending,0
TX0003277,PR000796,FL00192,3307.0,USD,,Stripe,20.71,refunded,1
TX0003278,PR000141,FL00174,3297.0,PKR,2022-08-06,Crypto,16.39,success,0
TX0003279,PR000093,FL00228,3164.0,eur,2024-02-04,PayPal,14.84,success,1
TX0003280,PR001052,FL00284,6436.0,BDT,2022-04-23,Payoneer,14.6,failed,0
TX0003281,PR000210,FL00214,6767.0,BDT,2021-12-22,Crypto,12.65,success,0
TX0003282,PR000840,FL00113,-5297.0,BDT,2024-08-28,Bank Transfer,7.37,failed,0
TX0003283,PR000036,FL00341,6789.0,USD,2022-04-06,Crypto,10.92,success,0
TX0003284,PR000241,FL00414,5840.0,BDT,2022-05-06,Wise,9.86,success,0
TX0003285,PR000525,FL00350,7484.0,INR,2024-11-13,Stripe,8.29,refunded,1
TX0003286,PR000151,FL00182,5360.0,pkr,2024-06-20,Stripe,8.32,failed,0
TX0003287,PR000708,FL00260,7250.0,PKR,,Bank Transfer,13.4,success,0
TX0003288,PR000195,FL00407,-5148.0,INR,2024-04-30,Crypto,19.98,pending,1
TX0003289,PR001126,FL00170,5271.0,INR,2023-01-30,Wise,11.88,success,0
TX0003290,PR000038,FL00449,4998.0,USD,2020-12-29,Crypto,12.83,failed,0
TX0003291,,FL00353,3984.0,GBP,2023-06-04,Bank Transfer,19.24,refunded,0
TX0003292,PR000010,FL00307,1632.0,GBP,2020-05-04,PayPal,13.38,success,0
TX0003293,PR000828,FL00279,5277.0,PKR,2023-03-26,PayPal,17.91,failed,1
TX0003294,PR000610,FL00410,6887.0,PKR,2021-07-29,Stripe,12.76,pending,1
TX0003295,PR000844,FL00184,6876.0,BDT,2021-01-25,Stripe,16.15,success,1
TX0003296,PR001091,FL00030,173.0,USD,2024-02-15,Payoneer,13.64,refunded,1
TX0003297,PR000449,FL00367,7187.0,USD,2023-01-05,PayPal,20.74,success,0
TX0003298,PR000720,FL00054,7024.0,USD,2020-03-23,Payoneer,9.19,pending,0
TX0003299,PR000961,FL00212,5850.0,PKR,2020-04-16,PayPal,9.88,success,0
TX0003300,PR000218,FL00449,778.0,USD,2024-06-24,PayPal,7.59,failed,1
TX0003301,PR000707,FL00351,939.0,inr,2020-06-27,PayPal,20.2,failed,1
TX0003302,PR000967,FL00241,3614.0,BDT,2022-10-04,Payoneer,5.96,pending,0
TX0003303,PR000811,FL00385,6465.0,EUR,2023-03-24,,8.71,refunded,1
TX0003304,PR000347,FL00087,4559.0,EUR,2022-12-21,Bank Transfer,17.2,success,1
TX0003305,PR000390,FL00352,1183.0,GBP,2021-12-21,Payoneer,7.49,success,0
TX0003306,PR000502,,1884.0,BDT,2020-09-09,PayPal,19.88,success,1
TX0003307,PR001059,FL00291,-6821.0,PKR,2021-03-19,Stripe,12.35,success,0
TX0003308,PR000544,FL00002,3624.0,USD,2024-10-18,PayPal,,failed,1
TX0003309,PR000502,FL00131,6821.0,EUR,2024-10-10,Bank Transfer,8.39,success,1
TX0003310,PR000740,FL00019,977.0,,2020-11-23,,11.78,success,1
TX0003311,PR001099,FL00203,7678.0,GBP,,Crypto,10.34,success,1
TX0003312,PR000441,FL00351,141.0,INR,2020-06-01,Stripe,5.99,pending,1
TX0003313,PR000009,FL00399,2310.0,BDT,2022-02-01,Bank Transfer,16.34,success,1
TX0003314,PR000918,FL00083,7331.0,EUR,2021-11-03,Stripe,5.55,pending,1
TX0003315,PR000769,FL00306,7919.0,GBP,2023-03-07,WISE,15.24,success,0
TX0003316,PR000674,FL00201,2895.0,BDT,2023-10-06,PayPal,15.12,refunded,1
TX0003317,PR000776,FL00099,1465.0,USD,2024-09-04,Wise,6.92,success,1
TX0003318,PR000547,FL00136,6556.0,INR,2023-01-13,Wise,12.03,failed,1
TX0003319,PR001049,FL00464,2782.0,GBP,2022-10-23,PayPal,13.71,pending,1
TX0003320,,FL00352,6939.0,USD,2021-09-07,Wise,10.45,success,0
TX0003321,PR001182,FL00120,,USD,2022-04-29,Crypto,14.38,success,1
TX0003322,PR000431,FL00312,6747.0,INR,2023-06-09,Stripe,13.15,pending,1
TX0003323,PR000685,FL00223,6627.0,,2022-05-02,Bank Transfer,7.57,success,1
TX0003324,PR000047,FL00182,1553.0,USD,2022-05-10,Bank Transfer,15.13,success,0
TX0003325,PR000875,FL00475,2109.0,BDT,2023-09-12,Wise,10.72,refunded,0
TX0003326,PR000985,FL00238,1111.0,usd,2023-04-30,,9.04,pending,1
TX0003327,PR000224,FL00064,1680.0,USD,2021-01-24,Bank Transfer,20.18,pending,0
TX0003328,PR000878,FL00146,1282.0,USD,2023-01-19,Wise,10.07,success,1
TX0003329,PR000749,FL00096,1249.0,USD,2021-03-03,Stripe,10.27,refunded,1
TX0003330,PR000146,FL00422,6313.0,GBP,2023-11-24,Payoneer,15.89,success,1
TX0003331,PR000160,FL00080,316.0,PKR,2022-01-12,PayPal,11.06,refunded,0
TX0003332,PR000135,FL00014,1871.0,PKR,2024-01-27,Stripe,17.96,success,1
TX0003333,PR000289,FL00298,6548.0,PKR,2021-05-31,Wise,9.15,refunded,1
TX0003334,PR000934,FL00247,1354.0,EUR,2021-04-20,,14.38,success,0
TX0003335,PR000897,FL00439,1531.0,USD,2023-04-14,Payoneer,16.47,success,1
TX0003336,PR000575,FL00289,-3173.0,BDT,2023-02-25,,15.31,success,0
TX0003337,,FL00331,2224.0,EUR,2023-08-03,Bank Transfer,6.3,pending,1
TX0003338,PR001115,FL00176,610.0,USD,2020-12-05,Payoneer,15.49,success,0
TX0003339,PR000210,FL00190,-4248.0,INR,2020-02-19,Wise,20.81,failed,1
TX0003340,PR000521,FL00368,3614.0,USD,2023-06-01,,5.91,success,1
TX0003341,PR001175,FL00351,5098.0,USD,,Stripe,5.25,success,1
TX0003342,,FL00308,5543.0,USD,2022-09-05,Wise,8.74,success,0
TX0003343,PR000732,FL00335,6082.0,BDT,2020-10-28,Payoneer,17.61,refunded,0
TX0003344,PR000518,FL00166,678.0,USD,2024-03-13,Wise,20.9,success,1
TX0003345,PR000875,FL00034,,BDT,2022-09-12,PayPal,11.51,success,1
TX0003346,PR000240,FL00320,2380.0,,2021-04-16,Payoneer,8.62,failed,1
TX0003347,PR000249,FL00279,6605.0,INR,2022-09-19,PayPal,9.48,success,1
TX0003348,PR000790,FL00398,6519.0,USD,,Wise,19.67,success,1
TX0003349,PR000846,,2934.0,usd,2020-11-10,Wise,14.74,refunded,0
TX0003350,PR000986,FL00329,7412.0,usd,,Stripe,15.31,failed,0
TX0003351,PR000024,,3560.0,PKR,2023-08-01,Crypto,15.87,success,1
TX0003352,PR000492,FL00024,1663.0,BDT,2024-12-21,PayPal,20.63,refunded,0
TX0003353,,FL00265,7549.0,BDT,2020-02-05,Crypto,6.43,success,1
TX0003354,PR000972,FL00097,225.0,INR,2021-02-04,Crypto,14.99,success,1
TX0003355,PR000860,FL00423,2942.0,USD,2022-11-08,Stripe,9.7,refunded,0
TX0003356,PR000480,FL00262,3998.0,INR,2024-12-28,Stripe,14.0,failed,1
TX0003357,PR000285,,1937.0,BDT,2022-04-23,PayPal,13.19,refunded,0
TX0003358,PR000826,FL00239,2993.0,GBP,2024-05-07,Crypto,17.24,success,1
TX0003359,PR000970,FL00075,,PKR,2022-12-03,Wise,14.33,pending,1
TX0003360,PR000926,FL00286,3428.0,EUR,2022-05-27,Bank Transfer,8.4,refunded,0
TX0003361,PR000224,FL00059,7957.0,BDT,2020-12-13,Bank Transfer,8.33,success,0
TX0003362,PR000030,FL00005,3322.0,PKR,2022-05-01,Bank Transfer,,failed,1
TX0003363,PR000187,FL00016,4296.0,GBP,2020-03-20,Crypto,16.89,success,0
TX0003364,PR001173,FL00144,6011.0,PKR,2020-05-02,Crypto,20.59,failed,0
TX0003365,PR000704,FL00212,6215.0,,2022-04-27,Payoneer,14.86,success,0
TX0003366,PR000789,FL00154,876905.0,EUR,2020-02-17,PayPal,18.99,success,1
TX0003367,PR001177,FL00497,3412.0,GBP,2020-03-04,Crypto,,success,0
TX0003368,PR000354,FL00208,1120.0,PKR,2022-12-28,Stripe,8.84,success,0
TX0003369,PR000714,FL00310,7929.0,USD,2023-09-06,Crypto,14.55,pending,1
TX0003370,PR000720,FL00244,5868.0,EUR,,Stripe,11.83,refunded,0
TX0003371,PR000976,,4699.0,GBP,2023-07-31,PayPal,12.01,success,1
TX0003372,PR000736,FL00498,,USD,2022-09-28,Wise,7.44,refunded,0
TX0003373,PR000848,FL00415,6088.0,USD,2024-06-06,Bank Transfer,8.04,refunded,0
TX0003374,PR000751,FL00251,1768.0,PKR,2023-10-01,,19.19,pending,0
TX0003375,PR000260,FL00296,2647.0,USD,2022-02-11,BANK TRANSFER,14.48,success,0
TX0003376,PR000006,FL00046,149.0,INR,2024-03-14,PayPal,18.06,success,0
TX0003377,PR001061,FL00081,115.0,PKR,2022-03-07,Wise,7.62,success,1
TX0003378,PR001113,FL00273,5840.0,BDT,2021-07-25,Bank Transfer,20.4,refunded,0
TX0003379,PR000340,FL00349,7447.0,GBP,2024-12-12,Wise,20.81,success,0
TX0003380,PR001147,FL00284,7346.0,USD,2021-04-12,Crypto,11.45,success,0
TX0003381,,FL00412,,usd,2024-08-19,PayPal,9.8,success,0
TX0003382,PR000443,FL00462,5225.0,USD,2024-01-24,PayPal,15.78,success,0
TX0003383,PR000043,FL00154,6641.0,INR,2020-07-07,Wise,18.33,success,1
TX0003384,PR000744,FL00319,854.0,PKR,2023-08-15,Wise,20.47,success,1
TX0003385,PR000003,FL00217,7904.0,INR,2024-02-21,PayPal,7.72,success,1
TX0003386,PR000050,FL00133,2305.0,PKR,2024-07-28,Payoneer,9.83,success,1
TX0003387,PR000454,FL00151,7871.0,BDT,2022-01-02,Stripe,13.47,success,0
TX0003388,PR000354,FL00053,7044.0,EUR,2022-11-24,Payoneer,11.57,failed,0
TX0003389,PR000062,FL00136,2048.0,USD,,Crypto,14.18,success,0
TX0003390,,FL00369,5482.0,USD,2023-08-08,Wise,11.42,success,1
TX0003391,PR000204,FL00194,2255.0,PKR,2020-07-05,Wise,7.59,success,0
TX0003392,PR001174,FL00413,6775.0,BDT,2024-08-24,Bank Transfer,18.32,success,1
TX0003393,PR000525,FL00003,316223.0,USD,,PayPal,9.48,success,1
TX0003394,,FL00103,3854.0,EUR,2022-01-31,PayPal,16.17,success,1
TX0003395,PR000421,FL00423,7926.0,,2020-08-11,,12.74,failed,1
TX0003396,PR000933,FL00217,1448.0,usd,2022-03-27,PayPal,11.94,failed,1
TX0003397,PR000450,FL00171,5978.0,USD,2022-08-12,Stripe,6.65,success,0
TX0003398,PR000103,FL00265,5356.0,GBP,2023-09-24,Wise,20.61,success,0
TX0003399,PR000159,,559650.0,USD,2024-02-28,PayPal,18.1,pending,1
TX0003400,PR000048,FL00136,7164.0,GBP,2022-04-21,Stripe,15.15,failed,1
TX0003401,PR000566,FL00191,4981.0,EUR,2022-05-24,Bank Transfer,12.05,success,0
TX0003402,PR000248,FL00476,3198.0,USD,,PayPal,16.59,pending,0
TX0003403,PR000777,,,GBP,2023-02-03,Bank Transfer,10.23,failed,0
TX0003404,PR001073,FL00017,6306.0,USD,2024-07-22,Wise,11.01,success,0
TX0003405,PR000589,,,usd,,Stripe,14.28,success,0
TX0003406,PR000236,FL00218,1882.0,USD,2024-06-18,Wise,,success,0
TX0003407,PR000933,FL00238,5748.0,INR,2023-10-11,Payoneer,16.47,success,1
TX0003408,,FL00238,6521.0,USD,2022-04-17,Payoneer,18.68,success,0
TX0003409,PR000638,FL00015,285364.0,EUR,2023-05-24,Payoneer,18.45,pending,0
TX0003410,PR000399,FL00371,5187.0,USD,2021-10-08,Wise,8.45,pending,0
TX0003411,PR000760,FL00405,3729.0,GBP,2020-03-31,Stripe,5.32,success,1
TX0003412,PR001095,FL00388,5076.0,EUR,2023-11-25,Crypto,19.63,success,1
TX0003413,,FL00046,4772.0,USD,2024-09-07,Wise,15.44,success,1
TX0003414,PR000065,FL00262,6942.0,BDT,2023-05-11,Payoneer,10.88,pending,1
TX0003415,PR000507,,3163.0,PKR,2022-09-30,PayPal,7.48,failed,0
TX0003416,PR000778,FL00454,1197.0,USD,2020-04-10,Stripe,12.77,success,1
TX0003417,PR000785,FL00231,4505.0,GBP,2020-07-20,Bank Transfer,14.99,success,1
TX0003418,PR000049,FL00016,3066.0,usd,2024-03-30,Stripe,18.68,success,1
TX0003419,PR000425,FL00220,4302.0,BDT,2020-01-16,PayPal,15.77,success,0
TX0003420,PR000398,FL00111,581.0,USD,2024-06-10,Wise,17.42,refunded,0
TX0003421,PR000312,FL00158,2685.0,PKR,2021-06-07,,6.53,success,1
TX0003422,PR000687,FL00098,966.0,BDT,2021-06-01,Crypto,8.93,pending,0
TX0003423,PR000999,FL00126,3843.0,GBP,2024-08-12,Stripe,19.63,pending,1
TX0003424,PR000215,FL00212,342.0,PKR,2022-05-31,Crypto,14.18,success,1
TX0003425,PR000513,FL00346,4491.0,INR,,STRIPE,9.13,success,0
TX0003426,PR000604,FL00339,7409.0,USD,2022-11-20,Bank Transfer,19.63,refunded,1
TX0003427,PR000241,FL00437,6500.0,USD,2024-12-09,Payoneer,8.76,pending,1
TX0003428,PR000625,FL00395,5825.0,GBP,2023-06-17,Stripe,17.58,failed,1
TX0003429,PR000258,FL00425,1983.0,PKR,2021-10-10,PayPal,7.99,refunded,0
TX0003430,PR000442,FL00481,3998.0,USD,2021-07-22,Stripe,,refunded,1
TX0003431,PR000373,FL00287,7346.0,BDT,2020-02-16,,,success,1
TX0003432,,FL00145,5466.0,USD,,Bank Transfer,20.2,failed,0
TX0003433,PR000308,,3589.0,BDT,2023-06-20,Payoneer,8.85,success,1
TX0003434,PR001149,FL00071,5017.0,BDT,2021-06-08,PayPal,7.05,pending,0
TX0003435,PR000746,FL00127,6622.0,INR,2021-07-19,Stripe,19.13,failed,0
TX0003436,PR000959,FL00228,2452.0,BDT,2021-01-06,Wise,19.31,success,0
TX0003437,PR000803,FL00248,911.0,eur,2022-07-22,PayPal,15.25,success,0
TX0003438,PR000813,,3374.0,USD,2022-02-10,Stripe,9.63,success,0
TX0003439,PR001112,FL00337,7125.0,BDT,2020-10-17,Payoneer,,success,0
TX0003440,PR000899,FL00318,-5434.0,INR,2020-01-05,,7.04,pending,1
TX0003441,PR000404,FL00092,748.0,GBP,2020-01-06,Wise,10.93,failed,1
TX0003442,PR001121,FL00195,6846.0,INR,2021-06-12,PayPal,10.01,failed,1
TX0003443,PR000575,FL00483,5064.0,INR,2024-07-25,PayPal,17.58,refunded,1
TX0003444,PR001039,FL00498,6339.0,GBP,2023-10-14,,11.29,success,0
TX0003445,PR001119,FL00136,534.0,BDT,2020-06-20,Stripe,10.06,failed,1
TX0003446,PR000793,FL00308,4881.0,USD,2023-10-26,PayPal,,failed,0
TX0003447,PR001101,FL00121,5471.0,BDT,2021-07-03,Wise,5.16,success,0
TX0003448,PR000624,FL00139,7816.0,pkr,2021-04-26,Bank Transfer,13.77,refunded,0
TX0003449,PR000790,FL00143,,USD,2021-09-24,Crypto,20.02,refunded,1
TX0003450,PR000492,,3272.0,GBP,2023-01-24,PayPal,12.13,refunded,1
TX0003451,PR001097,FL00342,1015.0,INR,2022-03-09,PayPal,10.7,success,1
TX0003452,PR000178,FL00078,3789.0,GBP,2022-04-08,Crypto,7.34,pending,1
TX0003453,,FL00087,,GBP,2024-10-16,Wise,18.09,success,1
TX0003454,PR000245,FL00122,6348.0,INR,2020-03-16,PayPal,10.73,success,1
TX0003455,PR000109,FL00028,889.0,pkr,2022-03-24,Crypto,11.54,success,1
TX0003456,PR001020,FL00418,7207.0,GBP,2024-10-17,Crypto,19.39,pending,1
TX0003457,PR000246,FL00026,-4693.0,INR,2023-03-31,Wise,14.74,refunded,0
TX0003458,PR000245,FL00434,7751.0,USD,2022-03-31,Bank Transfer,7.31,pending,1
TX0003459,PR000635,FL00136,2919.0,INR,2024-01-29,PayPal,16.41,refunded,1
TX0003460,PR000508,FL00311,1575.0,USD,2024-03-23,Wise,12.08,success,1
TX0003461,PR000341,FL00353,943.0,USD,2023-09-30,PayPal,10.99,pending,1
TX0003462,PR000503,FL00141,1638.0,BDT,2021-01-17,Payoneer,13.68,success,0
TX0003463,PR000234,FL00231,7770.0,USD,2023-04-16,Stripe,12.23,failed,1
TX0003464,PR001049,FL00096,7096.0,USD,2021-09-03,Wise,11.07,refunded,0
TX0003465,PR000038,FL00390,359.0,BDT,2021-01-28,Bank Transfer,7.49,success,1
TX0003466,PR000178,FL00389,506.0,GBP,2020-06-14,Bank Transfer,6.21,success,1
TX0003467,PR000412,FL00024,149.0,USD,2023-08-13,WISE,,pending,0
TX0003468,PR000009,FL00434,4314.0,USD,2020-09-21,Stripe,10.79,success,0
TX0003469,PR000775,FL00100,1769.0,USD,2023-10-03,PayPal,20.14,failed,0
TX0003470,PR001085,FL00366,7966.0,INR,2020-02-02,Payoneer,13.82,refunded,1
TX0003471,PR000064,FL00275,6542.0,USD,2022-10-01,Bank Transfer,16.13,success,1
TX0003472,PR000683,FL00475,2573.0,USD,2024-07-30,Crypto,16.07,success,1
TX0003473,PR000951,FL00338,4236.0,USD,2020-09-21,Payoneer,19.45,failed,1
TX0003474,PR000544,FL00149,2774.0,usd,2022-11-05,Payoneer,,success,1
TX0003475,PR000967,FL00067,524.0,BDT,2023-06-17,Crypto,5.92,success,1
TX0003476,PR000479,FL00184,2341.0,USD,2022-08-18,Stripe,18.35,success,1
TX0003477,PR001008,,6994.0,INR,2020-11-12,Payoneer,8.23,success,0
TX0003478,PR000540,FL00159,5937.0,USD,2021-07-12,Stripe,9.2,success,1
TX0003479,PR000362,FL00271,1217.0,GBP,2022-09-14,Stripe,15.85,refunded,0
TX0003480,PR001147,FL00462,5315.0,EUR,2020-11-22,Bank Transfer,17.33,pending,1
TX0003481,PR000586,FL00407,4026.0,INR,2020-01-31,,7.32,success,0
TX0003482,PR000090,FL00288,6991.0,eur,2024-12-09,Stripe,5.98,refunded,1
TX0003483,PR000420,FL00115,2758.0,USD,2022-12-29,PayPal,8.27,success,0
TX0003484,PR000747,FL00341,466.0,USD,2023-03-05,PayPal,7.23,failed,0
TX0003485,PR000065,FL00091,2543.0,PKR,2020-02-04,Bank Transfer,17.68,success,0
TX0003486,PR000259,FL00294,3140.0,USD,2021-08-15,,19.8,failed,0
TX0003487,PR000233,FL00040,7126.0,,2020-04-19,Bank Transfer,18.36,pending,1
TX0003488,PR000347,FL00112,-2053.0,BDT,2020-11-08,PayPal,13.67,success,1
TX0003489,PR000767,FL00457,7791.0,USD,2024-11-07,Bank Transfer,8.78,failed,0
TX0003490,PR000893,FL00127,569.0,USD,2024-05-22,Wise,7.5,success,0
TX0003491,PR000778,FL00373,7633.0,USD,2024-02-19,PayPal,18.01,success,0
TX0003492,PR000359,FL00268,6220.0,usd,2023-09-16,Stripe,18.23,pending,1
TX0003493,PR001102,FL00138,4696.0,GBP,2023-04-03,PayPal,15.55,refunded,1
TX0003494,PR000088,FL00012,3158.0,PKR,2020-08-20,BANK TRANSFER,15.07,success,0
TX0003495,PR000830,FL00128,1350.0,INR,2023-01-10,Stripe,14.17,success,0
TX0003496,PR000068,FL00016,3275.0,PKR,2024-05-07,Wise,15.96,success,1
TX0003497,PR000701,FL00083,1411.0,BDT,2020-10-20,Bank Transfer,15.21,refunded,0
TX0003498,PR000141,FL00123,6267.0,USD,2021-11-25,Wise,10.89,success,0
TX0003499,PR000730,,5901.0,INR,2021-01-27,Wise,13.12,pending,0
TX0003500,PR000396,FL00284,312.0,INR,2024-11-15,Payoneer,16.46,success,0
