project_id,freelancer_id,client_id,category,budget_usd,status,start_date,deadline,duration_days,bids_received,remote,project_complexity
PR000001,FL00400,CL00825,Data Science,828,completed,2021-12-21,2022-03-16,48,12,No,High
PR000002,FL00225,CL00318,Marketing,1480,completed,2020-02-02,2020-02-23,24,42,1,Medium
PR000003,FL00273,CL00818,Marketing,3255,completed,,2024-06-06,,14,false,Medium
PR000004,FL00226,CL00859,Design,2531,completed,2020-02-12,2020-06-07,100,45,0,High
PR000005,FL00187,CL00848,Design,3025,completed,2023-11-20,2023-12-14,81,38,0,high
PR000006,FL00500,CL00472,DevOps,1934,in_progress,2021-07-05,2021-09-23,89,45,0,Low
PR000007,FL00142,CL00783,AI/ML,325,disputed,2023-05-09,2023-07-17,131,9,0,Low
PR000008,FL00028,CL00166,Marketing,681,cancelled,2020-05-10,2020-07-23,31,6,Yes,low
PR000009,FL00243,CL00441,Data Science,1599,completed,2021-09-29,2021-11-20,25,1,True,medium
PR000010,FL00192,CL00029,Mobile App,4434,completed,2020-01-10,2020-02-27,89,43,0,medium
PR000011,FL00226,CL00910,Data Science,3746,completed,2023-06-28,2023-07-09,26,38,0,low
PR000012,FL00281,CL00375,Video,1053,disputed,2023-02-09,2023-02-24,169,37,False,high
PR000013,FL00467,CL00206,DevOps,4457,cancelled,2022-03-18,2022-06-29,126,35,Yes,High
PR000014,FL00403,CL00315,Writing,551,cancelled,,TBD,78,22,True,high
PR000015,FL00379,CL00933,DevOps,1560,cancelled,2022-01-29,2022-05-03,,24,False,
PR000016,FL00124,CL00160,Marketing,3294,completed,2022-01-31,2022-05-25,53,41,1,low
PR000017,,CL00710,Video,1652,in_progress,2021-06-03,2021-08-25,126,34,1,high
PR000018,FL00356,CL00123,Video,2446,completed,2023-03-13,,123,,Yes,Medium
PR000019,FL00356,CL00788,Mobile App,3138,in_progress,2024-02-21,2024-03-17,88,16,0,low
PR000020,FL00330,CL00643,Web Development,1354,completed,2022-11-01,2022-11-16,37,20,False,low
PR000021,FL00009,CL00701,AI/ML,2735,completed,2020-03-19,2020-04-13,145,1,No,medium
PR000022,FL00145,CL00652,AI/ML,2046,disputed,2022-10-01,2022-12-25,100,10,True,low
PR000023,FL00074,CL00362,Web Development,4535,completed,2022-04-03,2022-04-26,171,33,false,high
PR000024,FL00100,CL00660,AI/ML,3895,cancelled,2024-04-13,2024-07-30,,13,true,high
PR000025,FL00265,CL00684,Video,3728,completed,2023-11-22,2023-12-25,82,8,No,High
PR000026,FL00391,CL00022,,389,disputed,2020-07-17,2020-11-01,55,4,0,medium
PR000027,FL00229,CL00164,SEO,1535,completed,2021-09-13,2021-10-02,72,15,true,low
PR000028,FL00021,CL00601,Data Science,3973,in_progress,2022-09-03,2022-10-01,146,21,0,Low
PR000029,FL00320,CL00329,Writing,1324,completed,2023-10-01,2023-11-02,44,16,1,medium
PR000030,FL00013,CL00270,SEO,1467,completed,2023-08-22,2023-09-28,34,,True,High
PR000031,FL00464,CL00344,SEO,394,disputed,2023-10-08,2023-11-18,50,17,No,high
PR000032,FL00342,CL00249,Marketing,1029,completed,2020-09-20,TBD,4,21,False,Medium
PR000033,FL00495,CL00722,SEO,2810,disputed,2020-08-04,2020-10-28,,5,false,low
PR000034,FL00363,CL00886,SEO,1624,in_progress,2021-08-12,2021-11-20,49,44,false,Medium
PR000035,FL00388,CL00293,Design,4952,,2023-05-16,2023-07-14,42,4,True,medium
PR000036,FL00221,CL00603,Mobile App,3753,completed,2024-03-04,2024-06-05,92,30,1,low
PR000037,FL00382,CL00902,Design,1497,completed,2023-11-15,2024-01-06,99,1,0,low
PR000038,FL00324,CL00969,Data Science,214,in_progress,,2023-10-16,141,12,No,low
PR000039,FL00437,CL00723,Data Science,589,completed,2020-08-05,TBD,79,21,Yes,medium
PR000040,FL00067,CL00485,DevOps,3158,disputed,2020-09-19,2020-11-12,122,35,0,high
PR000041,FL00066,CL00833,Marketing,4788,COMPLETED,2023-12-21,2024-03-12,21,29,1,Low
PR000042,FL00399,CL00061,Design,,disputed,2020-10-20,2020-12-12,125,38,false,high
PR000043,FL00473,CL00537,AI/ML,2521,disputed,,2020-08-13,,41,False,High
PR000044,FL00466,CL00322,Data Science,3229,cancelled,2020-11-17,2021-02-08,,20,0,Medium
PR000045,FL00369,CL00628,Video,3657$,disputed,2021-10-25,2021-12-21,34,4,False,medium
PR000046,FL00366,CL00769,Design,3051,completed,2021-11-23,2021-12-10,54,7,1,Medium
PR000047,FL00331,CL00225,DevOps,387066,disputed,2021-04-06,2021-06-13,131,,Yes,medium
PR000048,FL00103,CL00083,AI/ML,170327,cancelled,2022-10-03,2022-10-10,73,23,true,Medium
PR000049,FL00132,CL00030,Marketing,2232,in_progress,2020-09-01,2020-11-30,53,36,1,high
PR000050,FL00454,CL00581,AI/ML,3056,,2020-04-21,2020-07-19,100,29,true,low
PR000051,FL00306,CL00874,,,,2023-06-16,2023-07-06,,13,Yes,high
PR000052,FL00039,CL00310,Writing,283,completed,2024-04-26,2024-05-07,8,30,False,Low
PR000053,FL00234,CL00065,AI/ML,2337,,2020-02-16,2020-05-22,4,2,1,high
PR000054,FL00246,CL00707,Design,299$,disputed,2021-07-10,2021-11-05,60,3,False,medium
PR000055,FL00421,CL00150,SEO,3157,disputed,2022-01-30,2022-05-09,173,31,Yes,High
PR000056,FL00045,CL00772,AI/ML,1227,completed,2022-01-04,2022-04-03,162,10,true,Medium
PR000057,FL00203,CL00590,,1016,cancelled,2023-01-19,2023-01-31,96,25,Yes,Medium
PR000058,FL00384,CL00855,Video,971,completed,2023-08-04,2023-11-01,178,15,1,Medium
PR000059,FL00050,CL00795,Design,66304,completed,2020-09-04,TBD,153,24,1,low
PR000060,FL00471,CL00512,SEO,4960$,completed,2023-10-22,2023-12-30,159,43,True,
PR000061,FL00250,CL00733,Mobile App,4554,completed,2020-06-18,2020-07-26,116,26,true,medium
PR000062,FL00400,CL00714,Web Development,3740,completed,2022-10-25,2022-11-24,116,,0,low
PR000063,FL00080,CL00827,Mobile App,4083,completed,2020-01-12,2020-03-08,114,7,true,Medium
PR000064,FL00485,CL00022,AI/ML,3688,in_progress,,2022-05-08,18,16,0,low
PR000065,FL00471,CL00192,Design,1226,completed,2020-02-19,2020-03-17,106,2,true,High
PR000066,FL00360,CL00273,Video,81454$,cancelled,2020-01-25,2020-02-15,122,13,Yes,medium
PR000067,FL00278,CL00490,Mobile App,1140,cancelled,2020-10-24,2021-02-18,68,27,0,
PR000068,FL00344,CL00810,Marketing,1940,disputed,2020-09-17,2020-11-24,,4,true,
PR000069,FL00143,CL00316,Video,2897,completed,2023-01-01,2023-03-26,154,36,0,Low
PR000070,FL00500,CL00896,Marketing,615,completed,2023-07-12,2023-08-22,86,26,Yes,high
PR000071,FL00394,CL00371,AI/ML,1240,disputed,2021-08-27,2021-09-27,64,40,true,high
PR000072,FL00192,CL00261,Design,2317,cancelled,,2022-10-12,127,35,1,medium
PR000073,FL00102,CL00448,Writing,3603,disputed,2022-09-29,2022-12-21,141,8,Yes,
PR000074,FL00339,CL00441,AI/ML,1012,completed,2023-07-02,,150,14,Yes,Medium
PR000075,FL00009,CL00417,Data Science,2309,in_progress,2020-09-12,2020-10-01,149,24,false,Low
PR000076,,CL00784,SEO,3249,cancelled,2024-03-17,2024-05-11,114,23,False,medium
PR000077,FL00350,CL00281,Video,3409,completed,,2021-05-08,179,45,Yes,medium
PR000078,FL00196,CL00235,Web Development,3748,in_progress,2020-07-02,2020-09-02,51,24,false,Low
PR000079,FL00082,CL00262,Mobile App,4628,completed,2021-05-27,2021-06-13,60,39,true,High
PR000080,FL00483,CL00069,Video,2035,completed,2021-02-04,2021-04-29,137,15,0,Medium
PR000081,FL00263,CL00160,Web Development,565,in_progress,2020-10-03,2020-10-31,64,38,False,low
PR000082,FL00148,CL00744,SEO,4113,disputed,2024-03-24,2024-05-20,65,26,No,Medium
PR000083,FL00106,CL00392,Mobile App,3110,,2020-08-24,2020-11-16,152,8,1,low
PR000084,FL00009,CL00381,Design,2171,in_progress,2022-03-28,2022-06-02,14,24,Yes,Low
PR000085,FL00182,CL00318,DevOps,431,in_progress,2020-05-18,TBD,56,,Yes,High
PR000086,FL00236,CL00127,Marketing,2434,completed,2020-04-14,2020-08-01,40,24,No,high
PR000087,FL00137,CL00226,Data Science,1708,completed,2023-06-17,2023-08-12,141,,False,Medium
PR000088,FL00136,CL00082,SEO,1894,in_progress,2020-12-05,2021-03-08,141,21,0,medium
PR000089,FL00350,CL00023,AI/ML,2385,cancelled,2024-05-12,2024-06-19,66,9,false,Medium
PR000090,FL00079,CL00581,Mobile App,4243,completed,2022-04-25,2022-08-05,112,27,No,Low
PR000091,FL00190,CL00441,Mobile App,4085,in_progress,2022-03-22,2022-06-12,22,0,Yes,low
PR000092,FL00479,CL00864,Data Science,117,in_progress,,2021-01-09,10,5,True,Medium
PR000093,FL00460,CL00857,Video,4117,completed,2021-07-01,2021-09-21,25,14,True,low
PR000094,FL00341,CL00723,Data Science,3806,completed,2022-11-08,2022-12-24,,3,False,Medium
PR000095,FL00230,CL00594,Data Science,701,completed,2024-04-26,2024-06-14,54,,true,low
PR000096,FL00034,CL00475,Web Development,497253,completed,2022-03-08,2022-04-07,81,36,true,Low
PR000097,FL00085,CL00246,Writing,4088,completed,,TBD,93,39,True,Low
PR000098,FL00423,CL00762,DevOps,1310,completed,2023-10-25,2024-01-24,11,37,No,Low
PR000099,FL00010,CL00624,Video,614,in_progress,2022-05-04,2022-07-09,172,16,True,medium
PR000100,FL00114,CL00281,SEO,118,IN_PROGRESS,2020-04-07,2020-04-23,154,31,false,medium
PR000101,FL00148,CL00672,Mobile App,3286,cancelled,,2024-03-15,67,18,Yes,Medium
PR000102,FL00105,CL00071,Data Science,2465,completed,2023-01-15,2023-04-20,70,7,0,Low
PR000103,FL00428,CL00086,DevOps,1100,in_progress,2023-09-30,TBD,159,5,true,Medium
PR000104,FL00268,CL00775,DevOps,2978,completed,2021-11-27,2022-03-23,179,14,No,medium
PR000105,FL00199,CL00585,Marketing,1731,completed,2020-03-15,2020-05-18,22,6,False,medium
PR000106,,CL00856,DevOps,2891,completed,2023-07-03,2023-10-21,36,24,1,High
PR000107,FL00039,CL00027,DevOps,4181,completed,2024-02-21,2024-04-06,25,21,False,Medium
PR000108,FL00299,CL00935,Mobile App,2365,completed,2024-04-06,2024-06-22,104,2,Yes,Low
PR000109,FL00138,CL00044,Web Development,872,cancelled,2020-01-09,2020-01-29,44,36,False,high
PR000110,FL00241,CL00522,Design,1137,completed,2024-02-20,2024-06-11,,13,Yes,Medium
PR000111,FL00150,CL00632,Marketing,4939,in_progress,2023-03-30,2023-05-12,65,36,False,high
PR000112,FL00365,CL00405,Web Development,2147,disputed,2020-04-05,,28,28,False,High
PR000113,FL00211,CL00150,Video,2353,in_progress,2023-09-20,2023-10-22,,29,True,high
PR000114,FL00149,CL00788,,2452,completed,2021-08-03,2021-09-14,71,24,No,Medium
PR000115,FL00069,CL00957,Web Development,4080,in_progress,2021-03-24,2021-06-09,,36,False,Medium
PR000116,FL00130,CL00944,Design,4654,,2023-03-22,2023-07-09,,12,1,high
PR000117,FL00129,CL00099,Writing,3392,disputed,2023-05-17,2023-08-04,127,,False,Low
PR000118,FL00071,CL00757,Design,459,completed,2022-08-14,2022-10-12,,37,1,high
PR000119,FL00231,CL00811,Design,2039,cancelled,2020-08-31,2020-09-18,2,31,false,low
PR000120,FL00052,CL00358,Mobile App,1978,cancelled,2021-07-22,2021-07-29,50,10,True,high
PR000121,FL00424,CL00634,Design,2516,in_progress,2020-05-05,2020-08-04,40,10,True,Medium
PR000122,FL00273,CL00075,Data Science,3543,completed,2020-06-22,2020-10-04,152,37,No,Medium
PR000123,FL00305,CL00814,DevOps,1866,in_progress,2022-05-20,2022-06-18,138,5,False,high
PR000124,FL00028,CL00666,Design,4470,completed,2023-02-21,2023-04-30,131,34,false,medium
PR000125,FL00174,CL00183,DevOps,2227,completed,2021-11-11,2022-01-27,114,40,0,low
PR000126,FL00142,CL00708,,,completed,2024-05-16,2024-05-26,49,6,0,Low
PR000127,FL00384,CL00814,AI/ML,128525,completed,2021-10-02,2021-11-26,123,33,False,Medium
PR000128,FL00391,CL00446,Writing,447$,completed,2022-02-16,2022-04-24,133,9,False,Medium
PR000129,FL00409,CL00842,Writing,2734,completed,2023-09-16,2023-09-29,155,35,0,Low
PR000130,FL00399,CL00126,DevOps,628,completed,2021-07-02,2021-10-19,165,30,false,medium
PR000131,FL00368,CL00068,Design,625,in_progress,2021-07-02,2021-08-09,77,15,true,High
PR000132,FL00433,CL00895,DevOps,952,completed,2024-05-12,2024-06-20,11,14,0,High
PR000133,FL00096,CL00422,Writing,290,disputed,2020-06-22,TBD,58,23,true,High
PR000134,,CL00704,Data Science,604,disputed,2023-11-10,2023-12-30,135,20,False,low
PR000135,FL00414,CL00478,Data Science,837,completed,2023-12-27,2024-03-19,56,41,false,Low
PR000136,FL00438,CL00985,Web Development,787,cancelled,2024-04-08,2024-06-18,3,13,True,medium
PR000137,FL00399,CL00387,Video,1147,cancelled,2022-12-08,2022-12-16,1,43,0,medium
PR000138,FL00069,CL00294,Web Development,680,completed,,2023-03-11,50,10,true,Low
PR000139,FL00141,CL00878,Marketing,728,completed,2021-06-06,TBD,87,25,True,medium
PR000140,FL00060,CL00533,Data Science,247,completed,2021-01-30,2021-05-28,19,13,true,Medium
PR000141,FL00175,CL00112,Marketing,3620,cancelled,2023-01-31,2023-03-02,75,2,1,
PR000142,FL00271,CL00935,SEO,2906,completed,2021-05-01,2021-07-08,171,44,True,medium
PR000143,FL00290,CL00732,AI/ML,2470,completed,2023-03-21,2023-04-20,160,24,1,medium
PR000144,FL00389,CL00803,AI/ML,3837,completed,2022-12-05,TBD,129,36,false,Medium
PR000145,FL00056,CL00441,Data Science,1927,completed,2024-05-17,2024-06-11,31,26,True,high
PR000146,FL00384,CL00679,Design,1968,cancelled,2023-05-27,2023-07-01,73,22,False,Medium
PR000147,FL00290,CL00782,AI/ML,345,cancelled,2024-05-24,2024-06-18,19,,No,low
PR000148,FL00426,CL00769,Data Science,4429,completed,2023-03-16,2023-05-05,70,2,true,low
PR000149,FL00001,CL00399,Web Development,4309,in_progress,2023-05-14,2023-07-10,86,1,False,low
PR000150,FL00314,CL00793,Writing,699,disputed,2021-10-20,2021-11-02,57,,No,low
PR000151,FL00145,CL00422,Video,3778,completed,2024-01-26,2024-03-24,99,10,False,
PR000152,FL00480,CL00238,DevOps,2252,completed,2021-02-03,2021-03-07,120,5,false,Medium
PR000153,FL00041,CL00845,AI/ML,3211,completed,2021-03-24,2021-07-05,20,34,1,
PR000154,FL00493,CL00523,Data Science,2746,completed,2020-10-15,2021-02-09,102,6,No,high
PR000155,FL00342,CL00095,DevOps,1629,completed,2020-01-29,2020-05-21,44,21,No,high
PR000156,FL00225,CL00528,Design,1997,CANCELLED,2021-05-12,,180,40,False,low
PR000157,FL00032,CL00151,Video,4167$,completed,2022-04-09,2022-06-21,90,10,Yes,high
PR000158,FL00188,CL00584,Web Development,4516,in_progress,2020-08-02,2020-11-04,117,2,1,Medium
PR000159,FL00312,CL00039,DevOps,4578,completed,2020-11-20,2020-12-13,178,18,1,medium
PR000160,FL00377,CL00642,AI/ML,640,disputed,2020-06-21,2020-08-03,140,24,true,Low
PR000161,FL00232,CL00997,Writing,738,cancelled,2020-05-10,2020-08-17,40,8,false,low
PR000162,FL00020,CL00641,DevOps,4395,completed,2022-03-27,2022-06-24,159,29,True,high
PR000163,FL00144,CL00537,DevOps,2906,completed,2021-07-03,2021-08-11,35,36,Yes,Medium
PR000164,FL00100,CL00082,DevOps,4790,completed,2021-11-27,2022-01-24,100,36,false,high
PR000165,FL00272,CL00517,AI/ML,3131,COMPLETED,2021-04-02,2021-07-28,144,39,No,high
PR000166,FL00134,CL00916,Design,210756,disputed,2023-06-30,2023-07-22,86,17,False,High
PR000167,FL00158,CL00110,Mobile App,3816,completed,2021-10-31,2022-02-20,110,20,1,Medium
PR000168,FL00330,CL00393,Mobile App,813,completed,2024-05-08,2024-06-29,,23,0,low
PR000169,FL00071,CL00598,Marketing,3607,in_progress,2020-04-29,2020-06-16,87,42,0,high
PR000170,FL00494,CL00132,Marketing,2699,disputed,2023-06-10,TBD,2,2,1,High
PR000171,FL00301,CL00847,Design,2036,completed,2023-08-09,2023-12-06,109,11,1,High
PR000172,FL00267,CL00512,DevOps,3260,cancelled,2023-06-23,2023-09-29,106,0,true,High
PR000173,FL00487,CL00755,Mobile App,1516,disputed,2023-01-17,2023-05-07,16,0,false,low
PR000174,FL00082,CL00483,Design,3894,completed,2020-02-19,2020-05-04,93,17,Yes,Medium
PR000175,FL00483,CL00465,Web Development,839,cancelled,2024-05-07,2024-08-31,166,4,false,Medium
PR000176,FL00368,CL00159,Design,4872,completed,2020-02-29,2020-04-17,169,4,false,medium
PR000177,FL00122,CL00916,Data Science,3079,disputed,2021-05-15,2021-08-31,127,25,True,medium
PR000178,FL00444,CL00915,Writing,4180,cancelled,2024-01-05,2024-04-13,64,38,No,high
PR000179,FL00252,CL00832,Marketing,4673,cancelled,2021-05-12,2021-06-04,10,16,No,medium
PR000180,FL00352,CL00710,SEO,4244,cancelled,2022-06-16,2022-08-06,11,17,false,low
PR000181,FL00418,CL00856,AI/ML,4800,completed,2020-08-12,2020-10-16,43,37,True,Low
PR000182,FL00245,CL00934,,4289,completed,2020-04-26,2020-07-20,13,9,true,Low
PR000183,FL00474,CL00690,SEO,1243,completed,2020-08-23,2020-11-15,88,33,false,Medium
PR000184,FL00383,CL00550,,349831,completed,2022-06-02,2022-07-27,46,,Yes,high
PR000185,FL00473,CL00294,Marketing,4822$,disputed,2021-10-30,2021-11-23,17,,false,high
PR000186,FL00306,CL00993,Marketing,4879,in_progress,2020-02-04,2020-05-20,34,1,False,high
PR000187,FL00014,CL00491,Data Science,540,in_progress,2020-09-09,2020-11-01,,14,1,medium
PR000188,FL00462,CL00228,Mobile App,,,2023-11-02,2024-01-28,145,40,Yes,High
PR000189,FL00190,CL00969,SEO,2951,completed,2021-08-06,2021-10-06,31,32,false,Low
PR000190,FL00378,CL00093,Video,922,IN_PROGRESS,2022-03-27,2022-05-08,,6,True,low
PR000191,FL00261,CL00341,Web Development,932$,completed,2020-04-20,2020-06-25,45,,Yes,Medium
PR000192,FL00441,CL00509,,,in_progress,2023-12-11,2024-02-10,113,27,Yes,Medium
PR000193,,CL00273,Mobile App,1232,disputed,2022-08-30,2022-09-08,151,29,1,
PR000194,FL00336,CL00776,Writing,4555,cancelled,2020-05-19,2020-09-08,,39,True,medium
PR000195,FL00426,CL00664,AI/ML,3335,cancelled,2022-12-19,2023-02-27,98,9,1,Low
PR000196,FL00293,CL00706,Writing,1527,completed,2022-06-13,,68,27,true,Low
PR000197,FL00027,CL00862,DevOps,,completed,2020-08-04,2020-08-22,22,43,No,Medium
PR000198,FL00043,CL00951,SEO,4503$,cancelled,2023-07-05,2023-09-25,42,28,0,medium
PR000199,FL00475,CL00553,Design,3707,cancelled,2022-02-04,2022-04-08,49,5,Yes,Low
PR000200,FL00343,CL00811,Mobile App,4285,in_progress,2023-10-13,2024-02-01,123,3,0,Medium
PR000201,FL00133,CL00922,Mobile App,3569,completed,2021-12-27,2022-02-26,91,29,Yes,Medium
PR000202,FL00024,CL00738,AI/ML,,cancelled,2022-02-09,TBD,144,24,0,medium
PR000203,FL00423,CL00984,Video,4578,completed,2020-01-01,2020-03-12,67,9,No,medium
PR000204,FL00218,CL00850,Web Development,619,completed,2021-09-06,2021-09-22,53,6,No,high
PR000205,FL00001,CL00097,Marketing,2136,completed,2021-06-05,2021-07-23,68,6,True,Medium
PR000206,FL00141,CL00496,Web Development,3511,in_progress,2020-05-09,2020-07-15,11,0,No,medium
PR000207,FL00140,CL00335,Mobile App,3489,cancelled,2020-08-02,2020-11-17,64,37,No,High
PR000208,FL00196,CL00322,AI/ML,839$,completed,2021-11-27,2022-02-17,93,24,True,High
PR000209,FL00243,CL00569,Mobile App,606,completed,2023-05-05,2023-07-19,96,24,True,Low
PR000210,FL00334,CL00049,AI/ML,1213,completed,2022-12-22,2023-03-13,128,20,1,
PR000211,FL00405,CL00914,,3083,in_progress,2024-03-28,2024-05-30,109,23,Yes,low
PR000212,FL00438,CL00648,Data Science,2856,disputed,2021-08-15,2021-08-28,45,11,No,low
PR000213,FL00245,CL00107,SEO,1200,completed,2023-06-09,2023-06-24,133,,True,Low
PR000214,FL00265,CL00178,Video,4151,cancelled,2020-09-18,2020-10-20,105,10,Yes,Low
PR000215,FL00057,CL00491,Data Science,4431,completed,2021-04-13,2021-07-23,163,16,true,High
PR000216,FL00344,CL00817,DevOps,2005,cancelled,2021-10-26,2022-02-22,87,12,False,Low
PR000217,FL00100,CL00755,Data Science,3765,completed,2024-04-25,2024-07-09,53,18,true,low
PR000218,FL00099,CL00671,DevOps,1490,completed,2022-08-30,2022-10-21,,38,false,High
PR000219,FL00258,CL00037,Data Science,1979,completed,2021-04-15,2021-08-12,74,4,0,Medium
PR000220,FL00131,CL00901,Marketing,3602,completed,2022-12-24,TBD,176,42,False,Medium
PR000221,FL00492,CL00582,DevOps,2192,cancelled,2024-02-14,2024-04-10,81,44,No,Low
PR000222,FL00231,CL00613,Data Science,2005,completed,2020-07-02,2020-10-27,116,15,False,Medium
PR000223,FL00331,CL00530,DevOps,3310,completed,2023-03-06,2023-04-08,48,,Yes,low
PR000224,FL00059,CL00942,Web Development,4260,DISPUTED,2023-05-07,2023-08-07,74,15,1,High
PR000225,FL00329,CL00785,Mobile App,488,in_progress,2021-07-19,2021-09-17,,1,Yes,
PR000226,FL00419,CL00021,Writing,4919$,in_progress,2022-06-15,2022-10-06,101,19,False,high
PR000227,FL00483,CL00629,Design,112,in_progress,2023-01-14,2023-03-03,50,35,true,low
PR000228,FL00291,CL00541,AI/ML,1405,in_progress,2023-05-27,2023-07-31,125,4,0,medium
PR000229,FL00186,CL00243,SEO,4764,in_progress,2022-02-11,2022-02-20,148,11,1,Low
PR000230,FL00003,CL00523,AI/ML,1240,completed,2024-05-24,2024-07-29,155,4,true,High
PR000231,FL00365,CL00618,AI/ML,1228,in_progress,2021-06-29,2021-07-28,94,8,0,high
PR000232,FL00249,CL00130,Web Development,4243,,2020-01-06,2020-04-30,88,3,false,Medium
PR000233,FL00443,CL00739,SEO,4221,completed,2023-02-20,2023-05-16,68,15,Yes,Low
PR000234,FL00479,CL00360,DevOps,3156,completed,2022-09-13,TBD,46,6,False,High
PR000235,FL00042,CL00205,Web Development,1962,in_progress,,2020-08-09,168,32,1,medium
PR000236,FL00358,CL00569,Writing,1253,cancelled,2022-12-04,2023-02-08,23,32,No,Medium
PR000237,FL00416,CL00361,DevOps,679,completed,2021-06-12,2021-07-31,93,33,false,High
PR000238,,CL00440,Video,3422,completed,2023-01-22,2023-03-25,78,20,Yes,high
PR000239,FL00153,CL00836,Video,4525,completed,2021-11-08,2021-12-27,53,0,0,High
PR000240,FL00253,CL00474,Writing,933,,2020-07-23,2020-08-09,175,43,true,
PR000241,FL00368,CL00699,AI/ML,2015$,completed,2021-07-02,2021-10-06,,26,True,Low
PR000242,FL00173,CL00266,Design,1599,completed,2023-09-02,2023-12-05,49,29,True,High
PR000243,FL00303,CL00010,Marketing,1989,disputed,2024-03-18,2024-07-09,,22,True,Medium
PR000244,FL00260,CL00629,AI/ML,2428,completed,2020-05-27,2020-08-11,63,43,true,Low
PR000245,FL00037,CL00408,Web Development,4088,cancelled,2023-03-28,2023-04-05,179,30,true,high
PR000246,FL00112,CL00384,Design,2467$,completed,2023-04-04,,42,0,false,low
PR000247,FL00067,CL00063,Video,966,in_progress,2023-01-05,2023-02-13,4,2,Yes,
PR000248,FL00126,CL00015,Web Development,4531,cancelled,2022-04-27,2022-07-08,174,29,No,High
PR000249,FL00441,CL00172,Data Science,4961,disputed,2023-04-30,TBD,178,23,true,Low
PR000250,FL00238,CL00353,Web Development,1132,COMPLETED,2022-06-30,2022-07-21,156,10,False,medium
PR000251,FL00251,CL00516,Web Development,4732,completed,2022-06-07,2022-06-27,121,44,True,high
PR000252,FL00396,CL00879,Marketing,4021,cancelled,2024-04-16,2024-08-04,71,19,False,medium
PR000253,FL00370,CL00550,SEO,542,completed,2023-02-02,2023-03-08,72,8,False,Low
PR000254,FL00489,CL00643,Marketing,1707,disputed,2020-01-21,2020-04-23,34,31,true,high
PR000255,FL00125,CL00908,Marketing,439,completed,2022-10-27,2022-11-14,113,22,False,medium
PR000256,FL00068,CL00833,Mobile App,1426,cancelled,2020-07-02,2020-08-31,136,1,1,Low
PR000257,FL00201,CL00514,Data Science,764,completed,2020-08-30,2020-10-29,11,44,true,Low
PR000258,FL00412,CL00803,Video,595,completed,2023-04-05,2023-05-18,58,,Yes,Medium
PR000259,FL00067,CL00262,Data Science,3654,completed,2020-06-30,2020-08-13,39,32,True,medium
PR000260,FL00486,CL00246,AI/ML,903,disputed,2023-06-29,2023-08-27,62,18,true,High
PR000261,,CL00707,DevOps,2111,completed,2021-02-18,2021-06-09,95,24,1,low
PR000262,FL00233,CL00205,Video,2297,disputed,2024-04-30,2024-07-27,129,4,1,Medium
PR000263,FL00176,CL00859,Writing,4486,disputed,2020-01-17,2020-04-06,96,25,No,Medium
PR000264,FL00473,CL00603,Design,194799,completed,2021-05-05,2021-06-28,150,10,False,High
PR000265,FL00454,CL00789,Writing,557,,2023-03-06,2023-05-04,136,10,False,Low
PR000266,FL00282,CL00836,SEO,4662,completed,2021-10-13,2021-11-09,167,31,No,Medium
PR000267,FL00084,CL00927,Web Development,3466,completed,2024-02-28,2024-06-19,16,2,0,Medium
PR000268,FL00478,CL00047,,3110,completed,2023-08-22,2023-11-03,50,1,false,medium
PR000269,FL00064,CL00169,Design,4434,disputed,2023-11-22,2023-12-10,7,11,No,Medium
PR000270,FL00369,CL00152,Marketing,2985,disputed,2023-10-30,2023-12-03,1,30,false,High
PR000271,FL00117,CL00930,Video,4255,completed,2020-03-12,2020-05-18,41,12,False,Low
PR000272,FL00080,CL00985,Video,4635,completed,2023-02-17,2023-05-21,67,30,No,High
PR000273,FL00108,CL00650,Design,1351,completed,2020-11-26,2021-03-04,171,40,true,high
PR000274,FL00208,CL00399,Web Development,2865,completed,2022-01-31,2022-05-01,70,31,false,Low
PR000275,FL00162,CL00014,Design,2597,completed,2023-08-30,2023-11-16,147,30,Yes,Low
PR000276,FL00142,CL00960,SEO,2708,completed,2023-03-10,2023-03-26,85,1,False,medium
PR000277,FL00304,CL00062,Design,3793$,cancelled,2022-10-14,TBD,160,31,False,Medium
PR000278,FL00482,CL00663,Design,3622$,cancelled,2022-04-06,2022-06-11,155,11,Yes,high
PR000279,FL00236,CL00431,Marketing,4445,cancelled,2023-06-27,2023-09-02,30,40,0,High
PR000280,FL00489,CL00149,DevOps,4836,disputed,2021-11-16,2021-12-16,145,18,True,Low
PR000281,FL00496,CL00509,DevOps,2608,completed,2023-01-20,2023-04-22,89,2,0,
PR000282,FL00126,CL00396,Marketing,1907,in_progress,2021-02-11,2021-02-22,36,24,false,Low
PR000283,FL00304,CL00165,SEO,1568,completed,2021-12-17,2022-01-07,144,21,0,High
PR000284,FL00223,CL00727,Design,2806,completed,2021-08-21,2021-12-01,63,16,No,High
PR000285,FL00452,CL00674,Writing,2261,completed,2022-12-12,2023-03-26,56,42,1,Low
PR000286,FL00054,CL00118,Web Development,4777,in_progress,2020-09-21,2020-10-05,106,30,true,
PR000287,FL00006,CL00152,Web Development,4742,IN_PROGRESS,2021-09-15,2021-11-09,53,29,Yes,High
PR000288,FL00305,CL00987,,4870,completed,2023-07-10,2023-10-11,142,16,Yes,low
PR000289,FL00038,CL00912,Design,4611,completed,2020-04-08,2020-08-06,47,13,True,High
PR000290,FL00231,CL00924,AI/ML,3346,cancelled,2020-02-27,2020-03-09,40,41,No,low
PR000291,FL00033,CL00159,SEO,407,completed,2021-03-01,2021-06-23,101,28,true,Medium
PR000292,FL00267,CL00411,Data Science,2015,,2020-10-06,2020-10-15,178,27,0,Low
PR000293,FL00219,CL00285,Data Science,2945,completed,2021-05-25,2021-09-04,125,1,true,Low
PR000294,FL00152,CL00735,SEO,4863,disputed,2024-04-27,2024-05-06,67,34,False,low
PR000295,FL00354,CL00616,SEO,2233,in_progress,2020-08-04,2020-10-29,174,9,False,Medium
PR000296,FL00307,CL00547,Web Development,4891,disputed,2021-12-03,2022-01-28,20,6,False,Low
PR000297,FL00235,CL00761,DevOps,2939,disputed,,2023-04-07,10,14,0,Low
PR000298,FL00318,CL00919,AI/ML,3007,completed,2023-05-10,2023-06-26,117,1,1,Medium
PR000299,FL00193,CL00392,Data Science,2725,disputed,2021-06-17,2021-09-07,78,1,No,medium
PR000300,FL00473,CL00629,Marketing,293597,completed,2020-12-06,2020-12-14,66,11,false,Medium
PR000301,FL00307,CL00814,Marketing,2295,COMPLETED,2022-07-15,2022-09-23,155,41,true,Medium
PR000302,FL00060,CL00324,Mobile App,3462,completed,2020-03-27,2020-04-22,160,42,true,Low
PR000303,FL00039,CL00100,Marketing,4313,completed,,2023-11-16,58,10,False,Medium
PR000304,FL00049,CL00905,Data Science,3148,disputed,2021-08-29,2021-11-09,27,7,1,medium
PR000305,FL00200,CL00182,Writing,1194,disputed,2020-01-02,2020-01-14,100,18,Yes,high
PR000306,FL00382,CL00626,Mobile App,1159,completed,,2021-11-28,42,34,False,High
PR000307,FL00481,CL00630,DevOps,4755,disputed,2020-08-17,2020-09-04,42,12,True,Low
PR000308,,CL00959,Video,1477,disputed,2020-01-05,2020-01-19,46,33,True,High
PR000309,FL00083,CL00064,Video,1500,disputed,2024-05-13,2024-07-31,143,13,Yes,high
PR000310,FL00492,CL00651,Design,4062,in_progress,2024-03-09,2024-03-26,112,,False,Medium
PR000311,FL00259,CL00554,Data Science,1948,disputed,2023-05-31,2023-06-26,84,,No,low
PR000312,FL00334,CL00957,Web Development,3132,cancelled,2020-12-08,2020-12-15,105,32,0,medium
PR000313,FL00437,CL00183,DevOps,4532$,disputed,2021-09-04,2021-10-25,137,10,0,medium
PR000314,FL00071,CL00976,Marketing,2623,cancelled,,2023-01-25,35,,1,high
PR000315,FL00392,CL00634,AI/ML,,completed,2020-05-08,2020-08-20,176,36,1,Low
PR000316,FL00100,CL00860,AI/ML,2576,completed,2022-04-21,2022-06-26,150,16,True,medium
PR000317,FL00328,CL00033,DevOps,181,completed,2020-12-16,2021-01-07,46,16,False,
PR000318,FL00450,CL00683,DevOps,1656,disputed,2020-03-25,2020-05-13,107,,No,High
PR000319,FL00025,CL00105,Web Development,2925,,2022-03-10,2022-06-22,143,36,No,medium
PR000320,FL00460,CL00739,Writing,4765,completed,2022-10-26,TBD,162,27,False,Low
PR000321,FL00471,CL00403,Writing,2164,completed,2023-05-16,2023-08-07,10,8,0,medium
PR000322,FL00447,CL00624,,3585,completed,2021-01-12,2021-05-08,100,18,0,High
PR000323,FL00308,CL00501,Video,889,completed,2022-12-30,2023-02-03,,15,true,Low
PR000324,FL00035,CL00791,SEO,1272,disputed,2022-08-06,2022-10-15,47,19,0,Medium
PR000325,FL00161,CL00460,Mobile App,4215,completed,2022-09-28,2022-11-21,79,14,false,High
PR000326,FL00153,CL00308,SEO,2523,completed,2022-08-02,TBD,60,,false,Low
PR000327,FL00216,CL00534,Mobile App,662,disputed,2021-02-15,2021-03-24,18,11,No,
PR000328,FL00424,CL00456,DevOps,2688,disputed,2020-05-08,2020-06-24,13,36,0,low
PR000329,FL00097,CL00761,Writing,3225,in_progress,2020-06-28,2020-10-07,151,16,Yes,High
PR000330,,CL00050,Web Development,4811,cancelled,2020-02-29,2020-06-03,42,5,Yes,high
PR000331,FL00464,CL00796,Writing,2515,in_progress,2021-07-21,2021-10-30,95,31,0,medium
PR000332,FL00266,CL00598,Mobile App,520,completed,2020-10-20,2020-11-05,49,28,No,Low
PR000333,FL00385,CL00949,AI/ML,2251,completed,2020-07-21,2020-11-06,,33,Yes,medium
PR000334,FL00042,CL00345,AI/ML,,cancelled,2020-06-12,2020-07-24,43,28,True,High
PR000335,FL00287,CL00092,Video,4893,,2021-03-28,,172,8,True,high
PR000336,FL00063,CL00546,AI/ML,4888,completed,2020-01-22,2020-02-29,,33,False,medium
PR000337,FL00022,CL00411,Writing,1211,completed,2021-03-10,2021-06-16,21,22,Yes,medium
PR000338,FL00181,CL00330,Design,594,disputed,2020-01-15,2020-04-11,167,24,false,medium
PR000339,FL00096,CL00980,Marketing,1047$,completed,2022-02-16,2022-04-01,140,41,True,High
PR000340,FL00152,CL00700,Data Science,3194$,completed,2021-06-09,2021-06-24,138,40,Yes,
PR000341,FL00192,CL00220,,400894,cancelled,2023-01-24,2023-01-31,174,7,false,medium
PR000342,FL00109,CL00712,Web Development,4811,completed,,2022-07-15,72,32,1,High
PR000343,FL00180,CL00140,Mobile App,2042,completed,2023-01-06,2023-04-18,31,24,1,high
PR000344,FL00018,CL00067,Design,1806,cancelled,2022-10-28,2023-02-09,73,,1,Low
PR000345,FL00005,CL00895,AI/ML,109096$,completed,2021-01-30,2021-04-12,18,10,false,Low
PR000346,FL00371,CL00021,Marketing,1197,completed,2021-07-03,2021-10-15,62,41,No,high
PR000347,FL00051,CL00754,Data Science,2369,cancelled,2022-08-11,2022-08-21,127,9,True,High
PR000348,FL00356,CL00037,Design,916,completed,2022-12-28,2023-04-20,178,3,true,
PR000349,FL00172,CL00202,Design,,disputed,2020-10-04,2020-10-19,35,36,True,low
PR000350,FL00237,CL00112,Mobile App,383,disputed,2022-07-13,2022-08-10,,16,1,high
PR000351,FL00058,CL00466,SEO,1469,cancelled,2020-05-20,2020-07-26,34,9,Yes,Low
PR000352,FL00093,CL00681,Design,2310,completed,2020-10-17,2021-01-25,54,26,0,High
PR000353,FL00473,CL00738,Data Science,746,disputed,2022-08-11,2022-11-03,,6,False,High
PR000354,FL00275,CL00776,AI/ML,844,completed,2022-05-30,2022-08-14,132,8,Yes,Low
PR000355,FL00257,CL00449,DevOps,3837,completed,2020-02-18,2020-04-30,22,2,false,low
PR000356,FL00374,CL00448,Data Science,,completed,2021-07-24,2021-10-08,48,0,true,Medium
PR000357,FL00252,CL00224,,3043$,completed,2020-01-04,2020-05-02,152,,False,Low
PR000358,FL00208,CL00643,Web Development,498724,completed,2022-02-26,2022-05-16,148,45,Yes,Low
PR000359,FL00376,CL00398,Marketing,773,cancelled,2022-05-20,2022-07-27,31,15,False,Low
PR000360,FL00044,CL00514,Marketing,4648,,2022-01-26,2022-05-01,18,20,1,low
PR000361,FL00229,CL00912,Marketing,4808,cancelled,2023-05-08,2023-06-16,5,45,False,high
PR000362,FL00472,CL00002,Data Science,4305,in_progress,2023-05-06,2023-08-19,35,22,false,low
PR000363,FL00487,CL00635,Design,3822,completed,2020-01-18,2020-03-02,161,40,0,
PR000364,FL00341,CL00057,Video,359,completed,2022-08-09,2022-11-01,45,8,Yes,Low
PR000365,,CL00754,Web Development,2266,cancelled,2024-01-04,2024-02-27,12,19,true,low
PR000366,FL00113,CL00008,Writing,306,completed,2023-06-27,2023-07-15,90,26,Yes,medium
PR000367,FL00482,CL00004,Marketing,1133,in_progress,2023-09-30,2023-10-30,34,4,No,low
PR000368,FL00227,CL00083,DevOps,2308,cancelled,2021-08-23,2021-10-29,129,19,true,Medium
PR000369,FL00140,CL00388,Design,2616,disputed,2022-05-08,2022-09-04,42,36,True,low
PR000370,FL00142,CL00505,Writing,820,completed,2020-07-26,2020-10-26,87,18,true,high
PR000371,FL00265,CL00887,Writing,3538,cancelled,2020-02-17,2020-04-15,51,17,true,Medium
PR000372,FL00061,CL00509,Video,4424,in_progress,2020-01-09,2020-04-30,52,28,True,Low
PR000373,FL00142,CL00110,Web Development,1819,completed,2022-08-30,2022-12-19,162,9,0,high
PR000374,FL00385,CL00652,Web Development,2216,completed,2023-04-06,2023-07-04,87,45,No,Medium
PR000375,FL00347,CL00779,SEO,128,in_progress,2020-10-08,2021-01-22,121,9,false,high
PR000376,FL00389,CL00549,AI/ML,3247,completed,2022-09-12,,74,43,0,High
PR000377,FL00497,CL00199,DevOps,138980,disputed,2021-06-10,,99,24,No,High
PR000378,FL00242,CL00635,Web Development,3724,disputed,2023-10-30,2023-12-21,,7,1,Medium
PR000379,FL00003,CL00978,SEO,1882,completed,2022-01-15,2022-01-27,138,36,1,medium
PR000380,FL00013,CL00077,Web Development,977,disputed,2022-05-20,2022-08-11,141,44,false,Medium
PR000381,FL00480,CL00334,,2006,completed,2023-01-31,2023-02-18,150,7,false,medium
PR000382,FL00382,CL00138,Mobile App,725,in_progress,2022-10-06,2022-11-24,12,38,false,high
PR000383,FL00079,CL00792,Writing,3664,,2022-01-27,2022-05-12,93,16,No,medium
PR000384,FL00386,CL00234,Design,601,completed,2020-07-19,2020-09-26,172,3,true,High
PR000385,FL00385,CL00854,Video,3399$,,2022-07-12,2022-08-11,123,45,0,Medium
PR000386,FL00496,CL00542,Video,1233,completed,2023-05-21,2023-06-13,134,37,true,Low
PR000387,,CL00538,Marketing,2227,completed,2021-12-11,2022-03-28,116,16,0,Medium
PR000388,FL00378,CL00475,Marketing,573,disputed,2022-08-28,TBD,135,11,Yes,high
PR000389,FL00234,CL00109,Design,1542,completed,2023-08-10,2023-09-04,,18,0,Low
PR000390,FL00429,CL00107,DevOps,,completed,2020-03-07,2020-04-30,146,0,1,Medium
PR000391,FL00138,CL00462,SEO,,in_progress,2023-01-23,2023-02-02,11,,True,High
PR000392,FL00107,CL00230,Data Science,3858,completed,2021-06-03,2021-07-15,139,,Yes,High
PR000393,FL00081,CL00756,Marketing,4605,completed,2020-08-10,2020-11-14,31,14,True,High
PR000394,FL00289,CL00340,Video,3626,disputed,2022-05-09,2022-07-12,161,1,True,medium
PR000395,FL00223,CL00867,Writing,3529,disputed,2022-10-11,2022-12-03,12,4,1,Medium
PR000396,FL00144,CL00357,Writing,383,cancelled,2021-04-06,2021-05-05,167,22,True,Low
PR000397,FL00374,CL00232,Design,2423,completed,2024-01-10,2024-04-13,63,10,false,low
PR000398,FL00304,CL00552,Video,4502,completed,2021-12-11,2022-02-28,114,38,true,Low
PR000399,FL00125,CL00285,SEO,716,in_progress,2022-07-30,2022-09-14,88,6,true,low
PR000400,FL00360,CL00434,Design,3150,completed,2024-01-19,2024-03-17,37,39,No,
PR000401,FL00293,CL00063,AI/ML,4466,completed,2021-10-07,2022-02-02,36,40,false,high
PR000402,FL00265,CL00620,SEO,4943,in_progress,2023-07-30,2023-08-23,66,43,False,medium
PR000403,FL00475,CL00650,Web Development,4546,in_progress,2022-10-05,2022-10-17,25,39,true,High
PR000404,FL00278,CL00805,Writing,2352,completed,2022-11-30,2023-01-18,123,,1,low
PR000405,FL00338,CL00896,AI/ML,3068,completed,2021-03-19,,28,22,Yes,Medium
PR000406,FL00154,CL00185,SEO,3468,completed,2023-04-21,2023-08-03,,0,Yes,low
PR000407,FL00356,CL00914,SEO,264910,in_progress,2020-01-01,2020-02-10,5,39,False,medium
PR000408,FL00190,CL00096,Design,1555,COMPLETED,2020-11-24,2021-01-08,125,20,Yes,Low
PR000409,FL00384,CL00289,Video,549,IN_PROGRESS,2022-06-11,2022-10-07,24,27,false,high
PR000410,FL00445,CL00290,Design,1039,completed,2023-08-09,2023-11-25,30,12,No,low
PR000411,FL00199,CL00810,DevOps,3542,completed,2022-05-14,2022-09-07,88,35,False,low
PR000412,FL00290,CL00456,Design,1597,completed,2020-12-11,2021-01-23,129,36,True,Medium
PR000413,FL00151,CL00582,DevOps,1946,in_progress,2024-04-07,2024-05-01,1,14,0,high
PR000414,FL00247,CL00605,Writing,,disputed,2021-07-24,2021-08-30,126,40,False,High
PR000415,FL00259,CL00085,DevOps,1838,in_progress,2020-04-14,2020-06-10,174,14,False,High
PR000416,,CL00062,Mobile App,4339,disputed,2023-06-01,2023-08-20,117,35,1,Medium
PR000417,FL00386,CL00937,Video,69139,completed,2023-12-16,TBD,104,7,true,Medium
PR000418,FL00216,CL00630,,3994,cancelled,2023-08-08,2023-09-19,12,13,false,High
PR000419,FL00087,CL00323,DevOps,4226,in_progress,2022-03-29,2022-04-08,,41,Yes,high
PR000420,FL00280,CL00860,Video,3727,completed,2022-04-13,TBD,50,37,False,high
PR000421,FL00418,CL00331,DevOps,4118,completed,2023-02-24,2023-03-22,79,10,1,
PR000422,FL00368,CL00335,AI/ML,2020,COMPLETED,2023-10-13,2024-01-26,7,38,0,medium
PR000423,FL00002,CL00525,Marketing,4445,completed,2021-07-10,2021-08-15,20,34,No,medium
PR000424,FL00003,CL00905,Video,2320,disputed,2021-03-30,2021-07-01,149,42,False,
PR000425,FL00482,CL00423,SEO,1037$,in_progress,2020-04-21,2020-07-13,17,25,true,medium
PR000426,FL00282,CL00031,Data Science,2524$,completed,2022-12-14,2023-01-31,120,5,True,low
PR000427,FL00351,CL00402,Mobile App,3252,completed,2020-12-17,2021-04-05,45,26,1,High
PR000428,FL00167,CL00697,AI/ML,,disputed,2021-06-02,2021-07-21,77,23,True,medium
PR000429,FL00475,CL00932,Data Science,3856,completed,2021-05-24,2021-06-01,34,18,0,Medium
PR000430,FL00457,CL00514,Writing,3007,completed,2023-12-01,TBD,63,44,true,Low
PR000431,FL00368,CL00730,AI/ML,4182,completed,2022-11-26,2023-01-19,160,26,False,Medium
PR000432,FL00159,CL00191,AI/ML,1526,completed,,2024-03-25,117,36,true,Medium
PR000433,FL00194,CL00752,AI/ML,1364,cancelled,2024-02-18,2024-05-12,116,23,Yes,Low
PR000434,FL00127,CL00098,Writing,500,cancelled,2021-05-30,,2,18,No,low
PR000435,FL00316,CL00035,Mobile App,2598,disputed,2023-08-28,2023-11-27,39,34,True,medium
PR000436,FL00223,CL00963,Marketing,,completed,2020-11-23,2021-03-05,,31,Yes,medium
PR000437,FL00053,CL00583,AI/ML,4676,cancelled,2022-03-31,2022-04-23,34,5,0,Medium
PR000438,FL00002,CL00492,SEO,3450,completed,2022-12-13,TBD,64,19,False,high
PR000439,FL00116,CL00100,,4049,disputed,2023-06-21,2023-08-07,23,42,True,Medium
PR000440,FL00427,CL00529,AI/ML,4882,cancelled,2024-01-19,2024-02-04,115,,1,low
PR000441,FL00228,CL00907,,1154,completed,2021-10-07,,177,22,false,high
PR000442,FL00276,CL00038,AI/ML,2295,completed,2022-02-24,2022-03-27,25,28,Yes,high
PR000443,FL00309,CL00052,Mobile App,484,disputed,2022-10-04,2023-01-24,5,15,true,Medium
PR000444,FL00277,CL00963,Web Development,4921$,in_progress,2022-03-17,2022-06-30,178,42,True,Medium
PR000445,FL00081,CL00615,AI/ML,841,in_progress,2021-08-01,2021-11-04,77,1,True,low
PR000446,FL00259,CL00733,AI/ML,448,cancelled,2020-12-10,2020-12-22,21,43,true,low
PR000447,FL00050,CL00820,Marketing,4634,completed,2023-02-22,2023-03-07,41,20,No,
PR000448,FL00245,CL00809,Writing,2381,completed,2022-09-10,2022-12-18,75,4,0,high
PR000449,FL00140,CL00185,Video,4080,in_progress,2022-04-15,2022-05-08,137,8,No,Low
PR000450,FL00199,CL00406,DevOps,2808,completed,2022-03-16,2022-04-22,3,37,false,
PR000451,FL00061,CL00024,Data Science,2043,disputed,2020-02-29,2020-03-25,60,36,true,
PR000452,FL00320,CL00957,DevOps,1189,in_progress,2021-12-15,2022-04-05,155,18,false,medium
PR000453,FL00286,CL00645,Web Development,1089,disputed,2023-01-27,2023-04-20,153,23,No,medium
PR000454,FL00162,CL00143,Video,2022,in_progress,2020-07-29,2020-11-16,5,22,False,High
PR000455,FL00014,CL00696,Mobile App,1730,disputed,2020-01-09,2020-01-24,96,16,false,Medium
PR000456,FL00158,CL00375,SEO,563,disputed,2022-02-07,2022-03-19,147,5,Yes,low
PR000457,FL00480,CL00907,Writing,3414,cancelled,2021-03-15,2021-05-15,2,29,true,Medium
PR000458,FL00356,CL00826,SEO,826,cancelled,2021-06-27,2021-08-04,177,44,true,Medium
PR000459,FL00441,CL00782,Video,427,completed,2023-02-22,2023-03-18,113,15,true,Medium
PR000460,FL00445,CL00590,Marketing,,completed,2021-05-03,2021-08-05,36,19,False,medium
PR000461,FL00077,CL00087,AI/ML,402671,in_progress,2021-11-09,2022-02-28,156,12,false,
PR000462,FL00367,CL00777,Video,2114,completed,2023-10-11,2023-11-06,107,32,True,low
PR000463,FL00153,CL00054,SEO,470822,in_progress,2020-01-08,2020-02-10,10,45,True,Medium
PR000464,FL00139,CL00172,Web Development,3658,in_progress,2024-05-19,2024-08-31,63,12,0,high
PR000465,FL00415,CL00459,Video,2249,in_progress,2024-02-01,2024-02-17,174,36,1,medium
PR000466,FL00132,CL00911,AI/ML,4245,in_progress,2020-03-11,2020-06-01,112,8,false,medium
PR000467,FL00196,CL00902,Mobile App,1385,disputed,2023-01-27,2023-04-18,,4,No,low
PR000468,FL00471,CL00962,Data Science,1681,cancelled,2022-12-23,2023-03-30,17,32,true,Medium
PR000469,FL00330,CL00298,DevOps,573,completed,2023-09-08,2023-11-23,103,36,1,
PR000470,FL00348,CL00397,Marketing,3735,CANCELLED,2021-07-05,2021-09-22,,34,true,low
PR000471,FL00206,CL00701,Data Science,269516,completed,2021-12-30,2022-02-15,127,11,Yes,
PR000472,FL00027,CL00544,Video,2865,cancelled,2024-05-30,2024-09-17,66,16,No,
PR000473,FL00411,CL00239,Design,3430,cancelled,2022-05-22,2022-05-31,160,17,false,medium
PR000474,FL00032,CL00548,Data Science,2826,disputed,2020-04-09,2020-06-24,111,38,No,medium
PR000475,FL00070,CL00399,Writing,1352,cancelled,2021-07-04,2021-07-25,126,32,True,medium
PR000476,FL00328,CL00562,Design,254,completed,2023-04-12,2023-08-03,12,5,true,High
PR000477,FL00313,CL00762,Web Development,2657,completed,2020-03-24,2020-04-29,18,27,true,
PR000478,FL00268,CL00527,Data Science,2721,disputed,2022-11-30,2023-03-28,165,35,1,Medium
PR000479,FL00430,CL00198,SEO,4329,completed,2020-07-21,2020-11-13,136,5,true,High
PR000480,FL00454,CL00608,Video,2884,cancelled,2021-10-01,2021-11-30,160,,true,Medium
PR000481,FL00348,CL00556,AI/ML,3609,completed,2021-07-12,2021-11-07,19,28,0,High
PR000482,,CL00464,Mobile App,4561,cancelled,2023-07-02,2023-10-04,131,45,true,low
PR000483,FL00108,CL00882,DevOps,4292$,in_progress,2022-04-21,2022-05-24,162,,0,high
PR000484,FL00450,CL00868,DevOps,4745,disputed,2023-01-10,2023-03-24,100,,False,Low
PR000485,FL00068,CL00622,Design,1302,cancelled,2023-02-10,2023-03-07,12,20,No,High
PR000486,FL00315,CL00014,Video,1945,completed,2021-11-23,2022-01-14,85,2,0,low
PR000487,FL00017,CL00899,Marketing,866,cancelled,2022-09-06,2022-12-01,20,19,True,high
PR000488,FL00053,CL00455,Data Science,2743,completed,2021-02-10,TBD,164,28,True,Medium
PR000489,FL00499,CL00422,Writing,2287,completed,2022-05-23,2022-08-03,77,4,true,medium
PR000490,FL00112,CL00375,SEO,1806,completed,2021-12-28,2022-03-19,144,13,true,medium
PR000491,FL00170,CL00180,DevOps,2592,disputed,2020-12-01,2021-03-23,111,1,false,High
PR000492,FL00197,CL00648,SEO,3284,completed,2024-01-29,2024-02-20,109,0,true,Medium
PR000493,FL00341,CL00913,Mobile App,4620,completed,2023-08-15,2023-12-06,66,13,No,
PR000494,FL00066,CL00248,AI/ML,,cancelled,2022-04-09,2022-05-22,148,37,true,Low
PR000495,FL00097,CL00426,Video,,completed,2023-05-13,2023-08-23,9,8,false,High
PR000496,FL00279,CL00913,Web Development,1810,disputed,2022-06-15,2022-08-15,71,7,True,medium
PR000497,FL00126,CL00144,Marketing,2590,in_progress,2022-01-08,2022-03-11,150,22,Yes,medium
PR000498,FL00183,CL00902,AI/ML,1596,IN_PROGRESS,2023-11-04,2024-01-06,1,21,false,High
PR000499,FL00474,CL00549,Writing,3371$,in_progress,2020-10-15,2020-11-14,179,43,false,Medium
PR000500,FL00059,CL00844,Writing,4919,,2022-12-13,2023-02-24,112,32,0,medium
PR000501,FL00052,CL00333,DevOps,2092,completed,2021-10-01,,141,29,Yes,high
PR000502,FL00217,CL00858,,3820,completed,2022-04-12,2022-07-10,46,,True,Low
PR000503,FL00028,CL00932,Data Science,3636,completed,2023-08-18,2023-11-21,104,2,False,High
PR000504,FL00302,CL00758,AI/ML,881,in_progress,2022-05-19,2022-06-26,48,3,true,
PR000505,FL00492,CL00315,AI/ML,718,completed,2024-04-01,2024-05-04,55,38,Yes,high
PR000506,FL00065,CL00625,Design,4200,in_progress,2021-09-03,2021-12-17,150,15,No,high
PR000507,FL00321,CL00637,Design,4792,cancelled,2023-07-28,2023-10-23,95,36,1,low
PR000508,FL00200,CL00427,Data Science,2117,disputed,2022-11-12,2022-11-26,74,17,Yes,low
PR000509,FL00342,CL00418,Design,4697,cancelled,2023-12-02,2024-03-06,100,37,False,High
PR000510,FL00081,CL00230,SEO,3527,completed,2024-03-05,2024-05-31,106,25,true,High
PR000511,FL00303,CL00882,Design,4575,disputed,2020-06-07,2020-08-06,,13,Yes,Low
PR000512,FL00086,CL00982,Web Development,2343,cancelled,2023-06-10,2023-08-10,74,12,1,low
PR000513,FL00166,CL00304,Writing,4836,disputed,2020-12-02,2021-01-27,151,,Yes,medium
PR000514,FL00434,CL00393,Mobile App,999,completed,,2023-10-05,56,38,False,low
PR000515,FL00180,CL00749,AI/ML,260424,disputed,2021-05-20,2021-08-07,124,13,1,medium
PR000516,FL00145,CL00978,Web Development,4568,disputed,2021-06-27,2021-07-15,73,45,False,
PR000517,FL00160,CL00428,Data Science,416,completed,2022-12-20,2023-03-08,64,7,false,High
PR000518,FL00381,CL00077,Marketing,2239,completed,2020-05-02,2020-06-04,140,5,No,Low
PR000519,FL00453,CL00597,Mobile App,1050,completed,2020-10-03,2021-01-18,134,41,False,Low
PR000520,FL00274,CL00077,SEO,2550,completed,2020-10-06,2020-12-14,155,35,False,Low
PR000521,FL00256,CL00294,Writing,1010,disputed,2022-02-15,2022-03-09,,38,true,low
PR000522,FL00281,CL00509,Writing,,completed,2021-10-23,2021-11-21,150,45,0,low
PR000523,FL00145,CL00606,DevOps,4997,completed,2020-04-29,2020-05-09,130,9,true,low
PR000524,FL00045,CL00376,,,COMPLETED,2024-04-06,2024-07-05,29,0,Yes,medium
PR000525,FL00493,CL00797,Video,,completed,2024-05-31,2024-09-04,26,34,No,low
PR000526,FL00257,CL00186,Mobile App,,completed,2021-04-14,2021-05-09,152,,False,Low
PR000527,FL00284,CL00722,Writing,1048,completed,2022-02-02,2022-06-02,114,10,true,Low
PR000528,FL00224,CL00476,Writing,3044$,IN_PROGRESS,2023-02-13,2023-02-25,85,4,true,medium
PR000529,FL00049,CL00644,Writing,4652$,in_progress,2022-07-19,TBD,57,31,True,high
PR000530,FL00238,CL00677,DevOps,1045,disputed,2020-10-25,2020-11-13,82,35,0,low
PR000531,FL00304,CL00917,AI/ML,270,cancelled,2024-04-04,2024-05-16,156,,False,
PR000532,FL00170,CL00916,Video,2013,in_progress,2024-03-28,2024-05-08,,22,True,medium
PR000533,FL00246,CL00276,Video,1416,disputed,2023-06-09,TBD,73,15,1,Medium
PR000534,FL00263,CL00114,Web Development,2343,completed,2022-07-19,2022-10-24,150,24,No,medium
PR000535,FL00008,CL00219,Data Science,3122,in_progress,2020-05-05,2020-06-11,164,8,false,Low
PR000536,FL00467,CL00454,Data Science,3313,completed,,2024-02-08,46,22,true,low
PR000537,FL00108,CL00770,,140,in_progress,2021-03-29,2021-04-21,2,2,True,Low
PR000538,FL00330,CL00064,,1948,in_progress,2023-05-22,2023-07-30,97,43,No,Low
PR000539,FL00189,CL00637,Marketing,,completed,2024-01-29,2024-04-02,22,41,No,medium
PR000540,FL00146,CL00014,Marketing,3713,disputed,2021-08-12,2021-12-04,172,31,Yes,high
PR000541,FL00030,CL00028,Marketing,3957,disputed,2024-04-04,2024-06-03,,8,False,low
PR000542,FL00281,CL00252,SEO,379881,in_progress,2023-07-19,2023-09-18,133,41,Yes,Medium
PR000543,,CL00030,Mobile App,1347,cancelled,2021-09-30,2021-10-31,63,4,1,low
PR000544,FL00338,CL00774,DevOps,3212,cancelled,2021-03-03,2021-03-26,88,33,False,Low
PR000545,FL00342,CL00189,Web Development,2992,completed,2023-12-05,2024-02-04,81,14,false,low
PR000546,FL00188,CL00452,Video,3261,cancelled,2022-08-19,2022-10-17,79,8,Yes,medium
PR000547,FL00291,CL00056,Video,4473,completed,2020-08-12,2020-09-06,,28,false,High
PR000548,FL00138,CL00673,Data Science,4814$,completed,2021-09-08,2021-11-09,180,,0,low
PR000549,FL00238,CL00025,Data Science,4357,completed,2023-11-30,2024-02-28,37,12,true,high
PR000550,FL00291,CL00013,Writing,3333,in_progress,2022-03-30,2022-07-13,29,8,true,Low
PR000551,FL00431,CL00837,Web Development,4343,completed,2022-10-27,2022-12-07,6,32,Yes,low
PR000552,FL00327,CL00622,Mobile App,3222,,2021-11-18,2022-02-14,14,12,0,Low
PR000553,FL00477,CL00113,Design,107,completed,2020-08-09,2020-09-27,135,36,True,High
PR000554,FL00035,CL00916,Web Development,2327,completed,2020-05-10,2020-06-30,123,20,True,
PR000555,FL00328,CL00113,Web Development,3403,cancelled,2021-10-12,2021-12-06,169,38,false,low
PR000556,FL00224,CL00433,Mobile App,4326,in_progress,2022-05-18,2022-09-04,51,4,True,high
PR000557,FL00015,CL00660,Marketing,4493,completed,2022-02-06,2022-03-09,64,37,true,High
PR000558,FL00205,CL00339,Data Science,4048,completed,2023-02-19,2023-03-03,2,32,true,low
PR000559,FL00387,CL00654,Video,4688,disputed,2021-03-30,2021-05-08,,34,false,Low
PR000560,FL00289,CL00569,SEO,165,disputed,2022-07-24,2022-11-05,129,20,No,high
PR000561,FL00200,CL00150,Design,365904,completed,2020-01-18,2020-03-21,14,42,No,low
PR000562,FL00317,CL00374,Video,4848,cancelled,2023-07-16,2023-09-21,97,15,1,
PR000563,FL00366,CL00374,Marketing,2406,completed,2023-10-13,2023-12-07,160,,1,low
PR000564,FL00216,CL00930,Web Development,2840$,in_progress,2023-08-04,,,25,false,high
PR000565,FL00240,CL00513,Marketing,4657,completed,2021-03-27,2021-05-13,65,45,Yes,high
PR000566,FL00146,CL00837,Design,287,completed,2020-07-06,2020-09-14,43,31,1,
PR000567,FL00018,CL00765,Data Science,255061$,DISPUTED,2020-04-11,2020-04-29,30,41,True,high
PR000568,FL00102,CL00781,Design,,disputed,,2021-05-14,151,35,False,
PR000569,FL00482,CL00972,Writing,4455,completed,2020-12-21,2021-03-05,160,3,false,high
PR000570,FL00218,CL00026,Mobile App,3520,in_progress,2020-12-14,2021-02-27,147,29,1,low
PR000571,FL00447,CL00698,Marketing,1904,completed,2020-06-29,2020-07-10,159,8,False,high
PR000572,FL00342,CL00030,Video,3986,in_progress,2024-02-11,2024-06-07,33,34,false,low
PR000573,FL00222,CL00901,DevOps,3028,completed,2020-06-28,2020-10-06,177,36,false,low
PR000574,FL00044,CL00617,Video,2761,COMPLETED,2021-01-18,2021-04-05,28,21,No,low
PR000575,FL00166,CL00935,AI/ML,3214,completed,2020-02-21,2020-05-08,113,24,false,medium
PR000576,FL00422,CL00546,Data Science,2987,in_progress,2021-12-19,2022-04-07,2,11,true,medium
PR000577,FL00288,CL00793,SEO,3893,completed,2023-07-06,2023-08-11,,17,True,low
PR000578,FL00308,CL00620,Marketing,1584,completed,,2021-08-03,6,16,Yes,high
PR000579,FL00072,CL00812,Writing,,in_progress,2022-01-14,2022-02-20,71,42,0,low
PR000580,FL00466,CL00662,SEO,3216,cancelled,2022-10-06,2023-01-21,138,26,false,high
PR000581,FL00138,CL00963,DevOps,2530,cancelled,2024-02-27,2024-06-22,77,15,No,low
PR000582,FL00242,CL00419,Web Development,2481,completed,2020-11-21,2021-03-06,153,,True,high
PR000583,FL00164,CL00475,Web Development,361,cancelled,2020-12-24,2021-03-09,12,28,No,Medium
PR000584,,CL00576,Marketing,2929,disputed,2023-07-11,2023-10-13,,,true,medium
PR000585,FL00108,CL00701,Marketing,630,completed,2022-08-08,2022-10-30,26,15,True,High
PR000586,FL00086,CL00692,Video,3874,completed,2020-11-01,2021-01-17,174,18,False,High
PR000587,FL00221,CL00489,Web Development,762,cancelled,2021-04-20,,107,11,False,low
PR000588,FL00127,CL00488,SEO,882,completed,2020-06-26,2020-09-26,,16,No,low
PR000589,FL00302,CL00442,AI/ML,3572,cancelled,2021-04-24,2021-05-11,80,45,true,Medium
PR000590,FL00361,CL00235,Video,918,completed,2024-04-06,2024-05-10,167,9,false,low
PR000591,FL00024,CL00371,Data Science,2045,completed,2021-05-19,,74,12,false,high
PR000592,FL00224,CL00681,AI/ML,792,completed,2023-11-05,2024-02-03,173,38,0,Low
PR000593,FL00110,CL00055,Data Science,3600,completed,2023-11-04,2024-01-28,83,43,No,Low
PR000594,FL00184,CL00355,Data Science,3796,in_progress,2020-01-03,2020-03-06,,41,false,medium
PR000595,FL00314,CL00609,Web Development,2636,disputed,,TBD,53,43,0,High
PR000596,FL00275,CL00910,Data Science,3573,cancelled,2022-10-31,2022-11-19,97,34,true,Low
PR000597,FL00275,CL00202,DevOps,2033,completed,2020-03-05,2020-06-18,3,36,False,high
PR000598,FL00246,CL00314,Design,203,in_progress,2024-03-14,2024-05-25,13,0,Yes,Medium
PR000599,FL00187,CL00470,,4467,cancelled,2021-10-18,2021-11-07,93,23,No,Medium
PR000600,FL00177,CL00081,Marketing,1041,cancelled,2021-01-16,2021-03-22,109,22,true,high
PR000601,FL00425,CL00507,Video,3709,cancelled,2021-03-24,2021-04-03,36,41,1,high
PR000602,FL00036,CL00745,Writing,3302,in_progress,2020-12-26,2021-03-06,172,11,false,Low
PR000603,FL00273,CL00398,Video,3505,completed,2022-09-08,2022-09-18,,17,No,high
PR000604,FL00329,CL00999,Design,1959,disputed,2020-06-10,2020-09-22,15,38,False,Low
PR000605,FL00026,CL00175,Video,1289,,2020-07-11,2020-07-28,103,30,No,medium
PR000606,FL00405,CL00640,DevOps,4823,in_progress,2021-08-06,2021-10-26,86,22,False,medium
PR000607,FL00340,CL00821,Mobile App,177,in_progress,2020-06-06,2020-08-15,153,23,No,Medium
PR000608,FL00386,CL00936,Video,4988,completed,2023-05-31,2023-07-29,,33,true,
PR000609,FL00391,CL00357,Design,206,in_progress,2020-06-06,2020-08-06,62,39,0,High
PR000610,FL00387,CL00366,Web Development,561,completed,2022-09-02,2022-12-04,175,37,False,Medium
PR000611,FL00143,CL00351,Design,1362,completed,2021-10-21,2022-02-04,66,26,False,high
PR000612,FL00362,CL00586,Design,405,completed,2023-11-26,2024-02-10,56,38,No,medium
PR000613,FL00339,CL00314,Marketing,477,disputed,2023-04-17,2023-06-17,155,44,No,high
PR000614,FL00097,CL00899,Marketing,861,in_progress,2022-03-31,2022-06-11,58,0,true,High
PR000615,FL00088,CL00811,Data Science,2314,completed,2023-11-10,2024-02-03,4,34,1,High
PR000616,,CL00710,DevOps,2317,COMPLETED,2023-10-02,2024-01-02,24,32,False,High
PR000617,FL00141,CL00198,Web Development,4818,completed,2020-07-30,2020-09-14,84,43,True,medium
PR000618,FL00092,CL00328,Video,678,completed,2023-08-09,2023-09-10,98,42,Yes,medium
PR000619,FL00086,CL00096,AI/ML,1998,cancelled,,2022-03-14,79,41,true,
PR000620,FL00218,CL00308,Data Science,1638,completed,2022-04-19,2022-05-20,98,39,True,medium
PR000621,FL00414,CL00393,Marketing,1539,completed,2021-05-25,,89,35,0,medium
PR000622,FL00472,CL00620,SEO,167,completed,2023-03-11,2023-05-11,118,35,True,Low
PR000623,FL00409,CL00282,AI/ML,1217,cancelled,2022-11-07,2023-01-11,157,,False,low
PR000624,FL00438,CL00637,Web Development,,cancelled,2020-04-15,2020-05-02,115,25,0,low
PR000625,FL00167,CL00021,Web Development,727,cancelled,2024-01-30,2024-04-10,95,40,0,Low
PR000626,FL00475,CL00878,Writing,236,disputed,2021-11-17,2022-03-04,46,27,true,High
PR000627,FL00064,CL00247,Writing,1165,completed,2020-04-24,2020-08-19,19,15,1,medium
PR000628,FL00384,CL00360,Video,524,disputed,2022-02-28,2022-04-01,86,39,True,High
PR000629,FL00258,CL00487,Marketing,4111,in_progress,2021-12-18,2022-03-02,73,38,Yes,high
PR000630,FL00126,CL00451,Design,689,disputed,2020-11-04,2020-12-06,78,22,Yes,Medium
PR000631,FL00456,CL00522,Data Science,3314,in_progress,2023-01-07,2023-02-23,96,43,false,High
PR000632,FL00365,CL00260,Marketing,3001,completed,2022-07-02,2022-10-12,68,1,No,low
PR000633,FL00042,CL00773,Writing,2973,completed,2021-09-02,2021-09-20,72,26,0,high
PR000634,FL00124,CL00673,Writing,2913,completed,2022-12-11,2023-03-30,162,42,True,High
PR000635,FL00438,CL00599,AI/ML,674,completed,2024-02-15,2024-03-24,103,5,False,high
PR000636,FL00258,CL00748,Design,3768,completed,2022-04-02,,119,26,Yes,medium
PR000637,FL00363,CL00615,AI/ML,245488$,disputed,2020-09-29,,47,11,1,Low
PR000638,FL00430,CL00057,SEO,4482,in_progress,2020-12-23,2021-01-18,142,5,0,Medium
PR000639,FL00154,CL00106,,121,completed,2021-11-01,2022-01-24,92,34,Yes,low
PR000640,FL00444,CL00079,SEO,882,completed,2020-07-03,2020-08-05,137,22,0,high
PR000641,FL00061,CL00829,SEO,2785,completed,2023-06-29,2023-10-17,85,33,False,low
PR000642,FL00389,CL00546,AI/ML,4507,completed,2020-07-17,2020-10-07,67,12,true,High
PR000643,FL00053,CL00782,AI/ML,4804,in_progress,2024-03-04,2024-06-26,24,18,False,Medium
PR000644,,CL00061,Marketing,542,completed,2021-10-18,2021-11-22,105,35,0,High
PR000645,FL00380,CL00760,Video,2602,completed,2021-09-13,2021-10-05,107,5,False,Low
PR000646,,CL00917,Video,3217,disputed,2023-06-15,2023-07-03,104,26,true,Medium
PR000647,FL00325,CL00634,SEO,3394,completed,2023-08-24,2023-12-09,,36,0,low
PR000648,FL00068,CL00048,DevOps,502,disputed,2021-02-16,2021-03-15,143,7,0,Low
PR000649,FL00096,CL00936,Web Development,,disputed,,2020-05-24,,22,No,High
PR000650,,CL00892,Video,2894,completed,2024-01-10,,100,22,true,Medium
PR000651,FL00252,CL00436,DevOps,4281,in_progress,2024-01-30,2024-05-28,33,8,True,Low
PR000652,FL00410,CL00682,Design,174,,2022-09-14,2023-01-05,66,33,0,high
PR000653,FL00087,CL00471,AI/ML,701,cancelled,2023-12-27,2024-04-08,105,40,0,high
PR000654,FL00337,CL00835,Video,4659,completed,2022-11-11,2023-02-23,170,34,true,medium
PR000655,FL00368,CL00215,DevOps,1007,cancelled,2021-03-23,2021-04-18,105,,Yes,High
PR000656,FL00283,CL00589,Design,2302,disputed,2021-07-28,2021-10-16,85,10,No,High
PR000657,FL00235,CL00396,Writing,627,disputed,2023-07-26,2023-09-08,159,16,1,medium
PR000658,FL00404,CL00627,Marketing,3034,,2022-06-11,2022-07-27,130,3,Yes,Medium
PR000659,FL00044,CL00288,Marketing,1371,completed,2021-07-29,2021-08-23,161,16,True,Low
PR000660,FL00448,CL00567,,2349,completed,2021-02-21,2021-03-25,125,22,1,low
PR000661,FL00177,CL00877,Design,3319,completed,2023-06-13,2023-10-11,102,19,False,Low
PR000662,FL00079,CL00700,DevOps,2959,in_progress,2022-06-29,2022-10-08,167,13,True,high
PR000663,FL00175,CL00223,Marketing,831,completed,2022-03-02,2022-04-01,6,21,False,medium
PR000664,FL00234,CL00307,SEO,661,completed,2023-03-18,2023-06-19,134,15,0,high
PR000665,FL00140,CL00038,SEO,2971,in_progress,2024-05-16,2024-07-02,111,42,0,low
PR000666,FL00090,CL00056,Data Science,4869,completed,2024-04-21,2024-07-15,14,7,0,high
PR000667,FL00233,CL00676,Design,2253,completed,2023-09-20,2023-10-06,58,41,No,High
PR000668,FL00274,CL00156,Marketing,3164,in_progress,2021-03-14,2021-06-08,89,38,No,High
PR000669,FL00051,CL00121,Video,1372,cancelled,2024-05-02,,5,16,No,high
PR000670,FL00131,CL00128,SEO,4107,disputed,2023-11-21,2023-12-29,,,Yes,
PR000671,FL00236,CL00768,,355,disputed,2020-03-21,2020-07-03,136,43,true,Low
PR000672,FL00187,CL00600,AI/ML,2036,disputed,2023-01-30,2023-05-15,92,38,No,Low
PR000673,FL00069,CL00840,DevOps,,completed,2021-03-13,2021-04-18,163,39,Yes,high
PR000674,FL00161,CL00065,SEO,4751,in_progress,2022-06-23,2022-10-06,117,14,Yes,High
PR000675,FL00079,CL00686,Video,4307,completed,2021-12-02,2022-01-01,134,37,true,high
PR000676,FL00101,CL00946,Data Science,1463,completed,2020-11-21,2021-03-11,101,20,1,high
PR000677,FL00194,CL00294,Marketing,1581,completed,2023-11-06,2024-02-25,55,28,True,high
PR000678,FL00030,CL00858,Design,4522,completed,2023-11-14,2024-02-04,98,,False,High
PR000679,FL00125,CL00174,Design,,COMPLETED,2020-07-18,2020-08-08,,,Yes,high
PR000680,FL00223,CL00383,,2043,in_progress,2022-02-11,2022-03-08,73,33,True,high
PR000681,FL00257,CL00166,Video,1921,completed,2021-04-08,2021-08-06,,45,false,medium
PR000682,FL00199,CL00499,Writing,4762,completed,2023-03-02,2023-06-09,32,23,False,Medium
PR000683,FL00279,CL00984,Data Science,3905,completed,2022-08-04,2022-09-15,103,8,Yes,medium
PR000684,FL00388,CL00011,Web Development,4278,in_progress,2022-01-21,2022-05-09,50,39,True,low
PR000685,FL00123,CL00223,Marketing,4032,completed,2021-11-23,2022-01-01,39,15,0,High
PR000686,FL00326,CL00777,AI/ML,4738,cancelled,2020-01-25,2020-02-29,129,3,1,Low
PR000687,FL00466,CL00780,Video,98875,in_progress,2021-06-02,2021-08-17,104,42,True,Low
PR000688,FL00115,CL00863,Writing,4909,disputed,2022-07-20,2022-10-21,116,31,1,High
PR000689,FL00001,CL00450,Writing,4469,completed,,2023-05-31,,38,0,medium
PR000690,FL00154,CL00590,SEO,1061,completed,2020-08-08,2020-08-21,117,24,false,High
PR000691,FL00138,CL00702,Web Development,4851,COMPLETED,2023-05-31,2023-08-10,167,26,true,low
PR000692,FL00244,CL00480,Web Development,3727,in_progress,2022-07-23,2022-09-24,114,5,No,Medium
PR000693,FL00064,CL00417,Data Science,3536,completed,2021-01-18,2021-04-19,37,37,1,High
PR000694,FL00404,CL00697,Video,325,in_progress,2023-03-05,2023-04-14,154,8,false,low
PR000695,FL00025,CL00345,Web Development,2270,completed,2022-12-23,2023-04-22,3,23,1,Medium
PR000696,FL00004,CL00374,Marketing,3737$,in_progress,2024-04-05,2024-05-20,8,2,true,Medium
PR000697,FL00455,CL00574,Mobile App,380,completed,2023-06-26,2023-10-02,124,33,False,High
PR000698,FL00413,CL00938,Writing,3448,completed,2023-03-26,2023-07-15,,20,True,Medium
PR000699,FL00160,CL00721,Marketing,1329$,completed,2020-10-28,2021-01-30,128,42,False,Low
PR000700,,CL00101,Video,3921,completed,2023-08-24,2023-12-03,15,21,false,
PR000701,FL00496,CL00408,Marketing,4142,completed,2021-05-02,2021-08-05,35,4,0,medium
PR000702,FL00318,CL00509,SEO,241355,completed,2024-01-19,2024-02-08,144,22,false,high
PR000703,FL00290,CL00489,SEO,2300,cancelled,2023-08-18,2023-12-11,32,13,No,Low
PR000704,FL00085,CL00114,Web Development,3922,completed,2022-07-30,2022-09-13,34,5,false,high
PR000705,FL00154,CL00662,AI/ML,3948,disputed,2022-07-09,2022-08-15,88,39,No,Medium
PR000706,FL00444,CL00315,Video,1003,completed,2022-04-11,2022-07-23,70,,1,Medium
PR000707,FL00298,CL00616,Video,350,disputed,2020-04-12,2020-06-30,178,8,true,Low
PR000708,FL00401,CL00645,AI/ML,4977,completed,2024-01-10,2024-02-20,47,4,0,low
PR000709,FL00404,CL00817,Web Development,638,cancelled,2021-06-28,2021-07-21,164,41,Yes,high
PR000710,FL00356,CL00809,SEO,775,completed,2021-05-25,,52,,True,high
PR000711,FL00029,CL00320,Video,3813,in_progress,2020-05-18,2020-09-12,73,15,No,medium
PR000712,FL00362,CL00202,Web Development,3728,completed,2021-07-02,2021-09-20,47,44,No,medium
PR000713,,CL00493,SEO,4285,completed,2021-03-29,2021-05-06,46,30,True,high
PR000714,FL00192,CL00046,Design,3857,completed,2020-04-22,TBD,23,22,No,Low
PR000715,FL00490,CL00838,Writing,528,completed,2020-11-07,2020-12-03,23,14,True,low
PR000716,FL00039,CL00761,AI/ML,2143,disputed,2021-12-08,2021-12-17,86,20,False,low
PR000717,,CL00803,Data Science,1176,completed,2022-04-18,2022-05-26,111,,True,low
PR000718,FL00038,CL00395,Marketing,1360,completed,2021-10-05,2021-12-28,,32,True,
PR000719,FL00470,CL00222,Writing,3520,disputed,2020-07-15,TBD,101,24,False,low
PR000720,FL00243,CL00954,DevOps,825,cancelled,2023-11-03,2023-12-25,42,11,True,low
PR000721,FL00366,CL00685,SEO,114,disputed,2023-07-31,TBD,133,45,false,Low
PR000722,FL00310,CL00381,SEO,4363,cancelled,2023-04-11,2023-07-07,68,27,Yes,low
PR000723,FL00445,CL00442,DevOps,4125,completed,2020-06-21,2020-08-21,13,41,true,Low
PR000724,FL00069,CL00246,Marketing,2935,in_progress,2021-11-09,2022-02-21,28,10,False,High
PR000725,FL00247,CL00977,Data Science,104261,COMPLETED,2021-06-21,,10,37,false,medium
PR000726,FL00206,CL00402,SEO,4277,in_progress,2020-10-03,,21,20,1,medium
PR000727,FL00010,CL00660,SEO,2377,completed,2022-06-15,2022-09-02,156,10,true,low
PR000728,FL00324,CL00919,Video,1459$,completed,2021-05-26,2021-06-06,169,36,1,Low
PR000729,FL00436,CL00442,Data Science,4252,completed,2021-11-20,2021-12-05,125,2,Yes,Medium
PR000730,FL00168,CL00016,Data Science,2745,cancelled,2021-07-31,2021-09-14,63,15,1,
PR000731,FL00483,CL00696,Mobile App,1000,cancelled,2020-03-05,2020-06-09,99,16,False,medium
PR000732,FL00382,CL00971,Mobile App,4852,cancelled,2020-09-13,2020-12-22,75,2,False,High
PR000733,FL00387,CL00972,Mobile App,1008,cancelled,2023-07-21,2023-08-10,80,2,Yes,Low
PR000734,FL00141,CL00516,Web Development,,in_progress,2020-07-23,2020-09-05,122,9,No,medium
PR000735,FL00028,CL00461,SEO,323,completed,,2021-07-09,28,25,1,Low
PR000736,FL00323,CL00437,Video,680,completed,,2022-03-09,62,2,Yes,high
PR000737,FL00209,CL00022,Mobile App,1950,in_progress,2020-03-17,2020-05-12,150,37,1,medium
PR000738,FL00007,CL00005,Design,972,completed,2020-04-19,2020-06-23,51,2,False,Low
PR000739,FL00038,CL00175,SEO,3566,completed,2020-03-15,2020-04-26,59,42,1,high
PR000740,FL00209,CL00697,,1425,,2023-03-08,2023-03-28,150,24,0,Medium
PR000741,FL00368,CL00466,Mobile App,4012,disputed,2022-07-23,2022-08-29,51,35,Yes,High
PR000742,FL00125,CL00095,AI/ML,4025,disputed,2022-03-05,2022-05-21,156,2,0,High
PR000743,FL00052,CL00735,SEO,,in_progress,2023-05-29,2023-06-21,68,25,No,Low
PR000744,FL00152,CL00678,Marketing,140,completed,2023-05-12,2023-08-18,93,38,True,
PR000745,FL00474,CL00982,Data Science,539,completed,2020-04-08,2020-07-09,118,16,False,Medium
PR000746,FL00438,CL00783,Design,402628,disputed,2023-02-12,2023-04-25,144,30,false,Low
PR000747,FL00341,CL00423,Writing,4145,disputed,2022-08-12,2022-11-07,136,,false,Low
PR000748,FL00204,CL00736,Writing,3249$,completed,2023-07-30,2023-10-25,49,40,False,low
PR000749,FL00223,CL00070,Writing,177830,completed,2021-04-06,2021-07-22,103,6,false,low
PR000750,FL00310,CL00425,AI/ML,1455,completed,2021-10-03,2021-11-02,139,7,False,Low
PR000751,FL00498,CL00026,Design,3590,completed,2020-02-19,2020-05-13,164,44,No,medium
PR000752,FL00313,CL00731,Web Development,3019,cancelled,2020-07-19,2020-10-22,6,12,1,Low
PR000753,FL00004,CL00502,Data Science,2923,disputed,2023-06-22,2023-09-12,149,22,true,High
PR000754,FL00138,CL00467,,4027,disputed,2021-03-19,2021-05-15,42,35,true,Medium
PR000755,FL00408,CL00521,Web Development,3061,in_progress,2021-05-25,2021-06-05,44,2,false,Low
PR000756,FL00226,CL00003,Design,2992$,completed,2023-01-20,2023-03-12,18,45,Yes,Medium
PR000757,FL00168,CL00020,,2780,completed,2021-11-10,2021-11-28,33,11,True,Low
PR000758,FL00006,CL00542,SEO,2071,completed,2020-03-19,2020-04-14,85,36,Yes,medium
PR000759,FL00490,CL00127,DevOps,367794,completed,2022-05-01,2022-08-06,1,17,False,Low
PR000760,FL00224,CL00298,Video,,completed,2020-03-03,2020-06-05,106,10,true,High
PR000761,FL00184,CL00587,Web Development,248,disputed,2023-06-02,2023-09-20,179,10,True,High
PR000762,FL00281,CL00278,Design,3745,disputed,2021-09-14,2021-10-21,51,2,False,Low
PR000763,FL00398,CL00475,Data Science,2716,cancelled,2023-11-05,2024-01-06,,22,True,high
PR000764,FL00242,CL00183,Mobile App,3637,completed,2021-09-25,2022-01-15,,22,No,High
PR000765,FL00307,CL00607,AI/ML,823,completed,2023-10-25,2023-11-25,175,,0,medium
PR000766,FL00467,CL00796,Web Development,993,completed,2023-09-12,2023-10-10,175,8,false,Low
PR000767,FL00472,CL00858,SEO,966,disputed,2020-08-27,2020-12-07,85,3,false,Medium
PR000768,FL00249,CL00987,DevOps,2989,completed,2022-11-17,2023-01-09,148,44,True,
PR000769,FL00122,CL00305,SEO,4870,cancelled,2024-05-22,2024-08-30,12,37,true,high
PR000770,FL00198,CL00582,Marketing,2002,completed,2024-04-23,2024-06-26,157,40,True,low
PR000771,FL00361,CL00229,AI/ML,3080,cancelled,2021-10-05,2021-12-08,56,,false,Low
PR000772,FL00334,CL00703,Mobile App,3917,,2022-03-05,2022-03-24,39,45,0,
PR000773,FL00463,CL00342,Design,4915$,cancelled,2021-11-27,2021-12-20,81,29,0,Low
PR000774,FL00231,CL00494,Data Science,539,completed,2020-10-13,2020-11-05,178,2,true,
PR000775,FL00059,CL00812,SEO,1693,in_progress,2021-09-25,2021-11-04,153,40,True,low
PR000776,FL00225,CL00672,Video,1360$,completed,2020-11-02,2021-01-17,95,21,True,Medium
PR000777,FL00109,CL00822,Marketing,4193,in_progress,2022-09-24,2023-01-07,16,,true,high
PR000778,FL00126,CL00703,Video,1264,in_progress,2023-02-26,2023-03-07,111,,False,High
PR000779,FL00089,CL00469,Web Development,4884,completed,2021-06-01,2021-07-17,176,37,False,high
PR000780,FL00296,CL00026,Video,1301,completed,2020-01-06,2020-04-30,168,17,True,High
PR000781,FL00287,CL00561,Marketing,4535,cancelled,2022-06-30,,21,10,True,High
PR000782,FL00361,CL00503,Video,4848,,2020-10-08,2021-01-17,40,16,0,Medium
PR000783,FL00112,CL00268,,2152$,in_progress,2022-10-10,2022-12-26,112,39,No,Medium
PR000784,FL00080,CL00073,Video,1216,,2020-10-27,2020-12-24,,24,Yes,medium
PR000785,FL00407,CL00592,Design,3388,in_progress,2021-09-17,2021-11-23,68,43,0,high
PR000786,FL00043,CL00570,Video,794,CANCELLED,2023-05-21,2023-06-07,176,6,True,low
PR000787,FL00053,CL00999,Web Development,2436,completed,2021-08-06,2021-09-10,14,4,True,Low
PR000788,,CL00050,Mobile App,3066,completed,2024-01-27,2024-02-25,9,43,No,High
PR000789,FL00405,CL00960,AI/ML,3874,disputed,2023-11-19,2024-02-17,43,24,1,high
PR000790,FL00029,CL00452,Writing,2428,completed,2021-12-16,2022-04-01,157,28,Yes,high
PR000791,FL00402,CL00786,AI/ML,4471,completed,2024-03-02,2024-06-03,93,39,False,High
PR000792,FL00314,CL00753,Web Development,1832,completed,2022-10-27,2022-12-24,96,20,No,high
PR000793,FL00050,CL00883,Mobile App,564,disputed,2022-11-27,2023-01-20,57,4,Yes,Low
PR000794,FL00108,CL00710,Web Development,3818,disputed,2023-11-23,2023-12-25,158,31,true,Low
PR000795,FL00170,CL00496,Writing,1443,cancelled,2022-11-24,2023-03-22,175,34,1,
PR000796,FL00090,CL00259,AI/ML,3832,completed,2022-09-13,2022-12-21,70,9,true,low
PR000797,FL00483,CL00555,Video,4224,cancelled,2023-08-22,2023-11-16,61,7,true,high
PR000798,FL00355,CL00713,Design,126,disputed,2021-11-03,2022-01-26,29,17,1,High
PR000799,FL00125,CL00369,Video,2962,in_progress,2020-08-31,2020-12-29,,26,1,
PR000800,FL00162,CL00946,Design,387,completed,2023-12-18,2024-01-10,126,26,true,High
PR000801,FL00447,CL00557,Marketing,613,completed,2020-09-23,2020-12-19,20,19,0,medium
PR000802,FL00119,CL00876,Marketing,2528,completed,2022-12-06,2022-12-16,,20,1,low
PR000803,FL00366,CL00710,AI/ML,2640,completed,2023-01-04,2023-03-16,43,34,No,Low
PR000804,FL00387,CL00391,Data Science,1405,completed,2021-03-01,2021-06-27,139,21,true,medium
PR000805,FL00194,CL00232,Web Development,1325,completed,2022-11-01,2023-01-08,164,40,No,Medium
PR000806,FL00218,CL00038,Data Science,1157,in_progress,2022-10-20,2023-01-17,57,42,true,medium
PR000807,FL00474,CL00043,SEO,285,completed,2023-12-23,2024-01-19,58,28,No,
PR000808,FL00054,CL00432,Mobile App,4670,cancelled,2020-05-21,2020-07-13,98,19,1,medium
PR000809,FL00460,CL00729,Writing,3632,in_progress,2024-03-08,2024-04-13,,42,true,Medium
PR000810,FL00135,CL00033,Marketing,4956$,disputed,2021-07-25,2021-08-21,63,1,false,high
PR000811,FL00256,CL00435,Mobile App,3179,completed,,2023-02-23,94,13,false,High
PR000812,FL00011,CL00073,Data Science,3785,in_progress,2020-12-05,2021-02-15,76,31,0,medium
PR000813,FL00500,CL00397,Marketing,229622,completed,2023-08-21,2023-09-27,20,39,true,high
PR000814,FL00379,CL01000,Marketing,605,in_progress,2023-10-01,2024-01-15,77,23,1,High
PR000815,FL00412,CL00903,Design,1210,in_progress,2023-07-15,2023-09-09,175,11,False,Medium
PR000816,FL00146,CL00447,Writing,418171,COMPLETED,2023-04-08,2023-05-10,10,42,No,medium
PR000817,FL00291,CL00820,Web Development,2412,,2023-05-29,2023-07-07,30,19,false,High
PR000818,FL00364,CL00443,Marketing,1755,completed,2023-05-15,2023-08-28,30,10,false,medium
PR000819,FL00115,CL00539,Web Development,4950,completed,2023-02-21,2023-03-04,41,36,True,medium
PR000820,FL00344,CL00097,Design,3315,cancelled,2024-01-29,2024-05-19,179,30,false,high
PR000821,FL00289,CL00888,,4246,in_progress,2021-08-18,2021-08-29,152,1,False,High
PR000822,FL00244,CL00367,Video,4162,in_progress,2021-12-11,,51,41,False,Low
PR000823,FL00437,CL00627,Web Development,3700,completed,,2021-05-03,153,25,false,high
PR000824,FL00393,CL00698,Design,3878,completed,2020-02-29,2020-05-09,51,13,True,low
PR000825,FL00274,CL00897,SEO,4537,disputed,2022-12-13,2023-02-28,84,44,0,medium
PR000826,FL00381,CL00590,Writing,1022,completed,2023-06-24,2023-10-07,139,13,No,Medium
PR000827,FL00289,CL00242,Design,2070,cancelled,2020-02-04,2020-02-15,69,14,False,
PR000828,FL00117,CL00039,Mobile App,2927,completed,2023-03-23,2023-05-25,113,7,false,high
PR000829,FL00036,CL00032,Mobile App,3222,completed,2020-07-27,TBD,86,45,Yes,High
PR000830,FL00090,CL00870,Video,2121,in_progress,2022-11-03,TBD,75,43,0,High
PR000831,FL00434,CL00008,AI/ML,3460,in_progress,2020-02-28,2020-03-07,134,37,1,high
PR000832,FL00051,CL00674,SEO,1801,in_progress,,2023-01-27,8,38,Yes,high
PR000833,FL00185,CL00266,Web Development,670,completed,2022-04-23,2022-08-10,122,,Yes,Medium
PR000834,FL00476,CL00186,AI/ML,4821,completed,2023-12-24,2024-01-15,179,44,0,low
PR000835,FL00176,CL00910,Data Science,198,completed,2022-04-29,2022-08-09,82,14,False,low
PR000836,FL00283,CL00736,Design,3561,completed,2024-02-08,2024-04-20,175,18,0,low
PR000837,FL00039,CL00716,Design,2316,cancelled,2021-09-09,2021-11-26,39,34,false,low
PR000838,FL00274,CL00128,SEO,3420$,disputed,2022-10-04,2022-12-23,22,35,False,medium
PR000839,FL00492,CL00959,,4374,cancelled,2021-07-22,2021-08-07,167,6,false,Low
PR000840,FL00235,CL00502,Marketing,1512,disputed,2024-04-20,2024-06-04,62,42,1,medium
PR000841,FL00498,CL00648,SEO,562,in_progress,2023-02-21,2023-05-10,141,10,True,medium
PR000842,FL00208,CL00864,Video,1315,cancelled,2022-05-31,2022-07-23,172,6,True,Low
PR000843,FL00382,CL00458,SEO,446892,disputed,2023-04-30,2023-08-22,112,37,True,low
PR000844,FL00407,CL00159,Web Development,4317,completed,2021-07-13,2021-09-22,,30,1,High
PR000845,FL00227,CL00613,Data Science,3337,completed,2023-10-18,TBD,11,21,true,Low
PR000846,FL00500,CL00399,Data Science,1949,completed,2021-03-19,2021-04-11,9,29,1,Low
PR000847,FL00117,CL00477,Marketing,4318,completed,2020-10-27,2021-01-24,7,22,false,low
PR000848,FL00393,CL00223,Video,1811,completed,2020-10-05,2020-12-14,36,14,true,Medium
PR000849,FL00297,CL00751,Design,,completed,2024-01-09,2024-03-16,53,0,false,Medium
PR000850,FL00101,CL00409,Mobile App,4502,cancelled,2021-03-07,TBD,119,6,0,high
PR000851,FL00245,CL00303,Video,3259,cancelled,2020-02-03,2020-05-03,57,42,1,Low
PR000852,FL00366,CL00543,Data Science,3788,completed,2023-08-19,,155,38,false,high
PR000853,FL00356,CL00596,Marketing,136497,completed,2023-05-01,TBD,,27,Yes,high
PR000854,FL00019,CL00892,Video,1928,completed,2022-10-09,2022-12-08,1,21,true,low
PR000855,FL00079,CL00211,Mobile App,4736,in_progress,2021-05-10,2021-08-11,145,18,Yes,high
PR000856,FL00102,CL00757,Mobile App,4306$,in_progress,2021-03-20,2021-03-31,43,24,No,Medium
PR000857,FL00424,CL00219,Data Science,1775,COMPLETED,2022-10-31,2023-01-03,133,1,false,high
PR000858,FL00159,CL00681,Writing,3764,cancelled,2023-03-15,2023-06-10,158,38,False,low
PR000859,FL00481,CL00503,Marketing,4681,completed,2020-01-30,2020-03-13,60,35,0,Medium
PR000860,FL00294,CL00454,Web Development,3286,in_progress,2021-12-07,2021-12-25,114,16,Yes,medium
PR000861,FL00110,CL00047,DevOps,1392,disputed,2021-10-24,2021-11-07,57,14,Yes,medium
PR000862,FL00058,CL00463,Data Science,3013,in_progress,2020-03-06,,77,3,Yes,High
PR000863,FL00236,CL00437,Video,4874,completed,2023-09-07,2023-12-17,81,35,False,high
PR000864,FL00328,CL00221,Web Development,2579,completed,,2021-12-16,81,1,0,low
PR000865,FL00266,CL00363,Web Development,355,completed,2021-01-12,2021-05-08,154,36,False,Medium
PR000866,FL00321,CL00833,Marketing,236773,completed,2020-09-04,2020-11-23,20,,1,medium
PR000867,FL00306,CL00375,,4675,disputed,2024-05-19,2024-09-11,20,17,true,
PR000868,FL00447,CL00959,Writing,527,completed,2022-09-05,2023-01-01,28,11,true,
PR000869,FL00118,CL00690,Web Development,4948,completed,2020-05-30,2020-07-30,34,45,false,high
PR000870,FL00312,CL00521,Design,1591,completed,2022-01-01,2022-03-23,88,35,False,Low
PR000871,FL00361,CL00368,,4775,in_progress,2023-01-26,TBD,32,17,True,High
PR000872,FL00408,CL00929,Video,4532$,disputed,2020-06-03,2020-09-06,,,0,
PR000873,FL00424,CL00571,Data Science,3841,completed,,2022-01-24,71,9,True,High
PR000874,FL00233,CL00547,SEO,1567,completed,2021-01-25,2021-04-28,74,33,Yes,Low
PR000875,FL00151,CL00986,Video,2722,cancelled,2020-01-30,2020-02-23,139,0,1,medium
PR000876,FL00139,CL00667,Video,4970,disputed,2024-05-28,2024-08-29,94,31,false,Low
PR000877,FL00076,CL00761,Marketing,1568$,completed,2021-11-27,2021-12-23,116,23,True,High
PR000878,FL00005,CL00737,Marketing,1965,COMPLETED,2021-02-11,2021-05-27,63,45,True,medium
PR000879,FL00076,CL00834,AI/ML,2214,disputed,2021-04-08,2021-07-16,57,12,No,low
PR000880,FL00279,CL00118,Data Science,2588,completed,2024-03-28,2024-04-23,21,,True,high
PR000881,FL00078,CL00773,Writing,3445,completed,2022-08-06,2022-10-18,33,44,true,Medium
PR000882,FL00253,CL00208,Data Science,2520,disputed,2021-01-15,TBD,12,16,false,medium
PR000883,FL00096,CL00446,DevOps,1401,completed,2021-06-20,2021-08-22,129,42,No,High
PR000884,FL00351,CL00381,Design,3295,cancelled,2022-01-07,2022-04-01,22,16,False,Low
PR000885,FL00042,CL00392,Writing,3012,completed,2023-04-25,2023-08-10,25,43,false,Medium
PR000886,FL00455,CL00479,,3793$,completed,2023-06-28,2023-08-29,94,34,Yes,high
PR000887,FL00272,CL00953,DevOps,4000,cancelled,2022-04-06,2022-04-19,57,31,True,Medium
PR000888,FL00083,CL00450,,2733,completed,2023-02-14,2023-02-26,102,19,No,
PR000889,,CL00991,Design,3467,completed,2022-04-03,2022-04-11,176,8,false,medium
PR000890,FL00491,CL00268,DevOps,4651,completed,2024-04-10,2024-06-12,111,42,Yes,low
PR000891,FL00204,CL00259,Web Development,4548,completed,2021-04-19,2021-05-08,134,27,true,High
PR000892,FL00015,CL00725,,3931,cancelled,2023-10-29,2023-11-16,106,37,0,high
PR000893,FL00283,CL00588,Marketing,2213,completed,2020-05-30,2020-08-24,126,27,No,low
PR000894,FL00108,CL00092,Marketing,3582,completed,2021-03-03,TBD,141,19,No,Medium
PR000895,FL00312,CL00029,,475413,in_progress,2022-04-11,2022-05-02,51,16,true,Low
PR000896,FL00300,CL00957,AI/ML,51329,disputed,,2023-02-05,169,5,No,Medium
PR000897,FL00473,CL00463,Web Development,4788$,in_progress,2022-08-03,2022-11-03,58,3,Yes,medium
PR000898,FL00082,CL00373,Writing,3941,completed,2023-09-23,2024-01-16,79,6,No,high
PR000899,FL00321,CL00417,Data Science,3489,completed,2023-04-15,2023-06-15,173,12,Yes,low
PR000900,FL00419,CL00279,AI/ML,1841,disputed,2021-02-02,2021-05-29,90,16,No,high
PR000901,FL00198,CL00358,AI/ML,4878,disputed,2021-06-26,,164,1,false,low
PR000902,FL00308,CL00323,Web Development,2335,disputed,2024-03-11,2024-05-24,9,30,0,Medium
PR000903,FL00102,CL00124,DevOps,3400,cancelled,2021-01-21,,57,3,1,Low
PR000904,FL00370,CL00756,Video,2209,completed,2021-10-05,2021-10-25,102,41,Yes,low
PR000905,FL00127,CL00635,Design,1218,in_progress,2021-02-06,2021-05-29,14,1,No,
PR000906,FL00412,CL00531,DevOps,4985,completed,2020-08-23,2020-10-19,110,16,0,low
PR000907,FL00191,CL00024,Writing,3975,cancelled,2023-04-23,2023-05-26,104,30,No,Low
PR000908,FL00326,CL00737,DevOps,1080,completed,2023-05-13,2023-06-12,134,43,false,Medium
PR000909,FL00479,CL00502,DevOps,2839,disputed,2022-10-31,2023-02-14,,2,false,medium
PR000910,,CL00261,SEO,2302,cancelled,2021-02-05,,75,39,true,medium
PR000911,FL00006,CL00805,Design,3800,cancelled,2022-11-02,2022-12-10,69,17,0,high
PR000912,FL00013,CL00006,Design,375,in_progress,2023-07-06,2023-11-03,,8,Yes,low
PR000913,FL00011,CL00362,AI/ML,1452$,completed,2022-01-03,2022-04-28,16,43,true,Low
PR000914,,CL00132,AI/ML,865,cancelled,2021-10-30,2021-11-06,15,7,True,medium
PR000915,FL00496,CL00223,Web Development,2939,completed,2022-12-22,2023-02-03,39,45,0,Medium
PR000916,FL00054,CL00193,Marketing,4489,completed,2022-09-22,2022-10-17,48,23,Yes,medium
PR000917,FL00339,CL00526,Mobile App,2872,cancelled,2020-03-25,2020-05-02,27,,1,medium
PR000918,FL00300,CL00671,Mobile App,2765,disputed,2020-03-03,2020-05-14,93,22,false,High
PR000919,FL00261,CL00157,DevOps,607,cancelled,2024-03-29,2024-07-05,47,45,false,medium
PR000920,FL00436,CL00018,Writing,2134,in_progress,2023-05-05,2023-07-11,107,16,False,low
PR000921,FL00102,CL00373,AI/ML,,disputed,2022-09-27,2022-10-19,97,9,true,low
PR000922,FL00248,CL00207,Video,614,completed,2022-01-23,2022-02-13,75,39,0,low
PR000923,FL00491,CL00994,Mobile App,4673,disputed,2021-03-15,2021-04-17,2,37,Yes,high
PR000924,FL00103,CL00785,Mobile App,3135,completed,2023-10-25,2023-12-31,158,15,Yes,Low
PR000925,,CL00091,,4575,completed,2023-08-16,2023-11-17,42,,false,high
PR000926,FL00122,CL00932,,3650,completed,2022-10-20,2023-01-10,144,13,1,low
PR000927,FL00386,CL00902,Video,,in_progress,2021-05-23,2021-09-02,104,30,Yes,High
PR000928,FL00016,CL00780,Writing,4677,completed,2024-04-18,2024-07-21,122,19,true,High
PR000929,FL00229,CL00583,Mobile App,2207,in_progress,2023-06-02,2023-07-06,,9,True,medium
PR000930,FL00413,CL00828,Video,4926,in_progress,2022-03-10,2022-05-09,171,40,true,High
PR000931,FL00252,CL00724,Data Science,529,completed,2022-08-15,2022-09-17,134,31,True,High
PR000932,FL00168,CL00668,AI/ML,2766,disputed,2024-05-07,2024-07-10,91,8,No,high
PR000933,FL00328,CL00038,Writing,2262,completed,2022-04-28,2022-06-02,39,43,No,High
PR000934,FL00052,CL00586,Marketing,2144,COMPLETED,2020-06-18,2020-09-13,141,34,1,Medium
PR000935,FL00427,CL00210,Data Science,4201,in_progress,2022-05-16,2022-07-14,,32,False,high
PR000936,FL00023,CL00471,Web Development,1139,cancelled,2020-06-15,,34,45,Yes,Low
PR000937,FL00411,CL00007,Writing,4227,completed,,2020-05-17,40,8,No,High
PR000938,FL00480,CL00159,Design,1003,completed,2022-07-04,2022-08-10,102,11,Yes,Low
PR000939,FL00496,CL00334,Marketing,281,in_progress,2024-04-11,2024-05-06,15,20,True,High
PR000940,FL00433,CL00980,Video,441,in_progress,2023-03-31,2023-04-07,47,23,false,medium
PR000941,FL00390,CL00718,Design,244288,completed,2022-12-20,2023-02-01,28,,1,Medium
PR000942,FL00136,CL00588,,2838,disputed,2023-11-02,2023-12-21,9,6,false,Medium
PR000943,FL00397,CL00324,Marketing,1937,in_progress,2021-02-19,2021-06-03,73,16,No,Low
PR000944,FL00076,CL00839,Mobile App,187,disputed,2021-07-06,2021-09-07,161,30,0,low
PR000945,FL00233,CL00975,Video,3171,completed,2021-12-27,2022-03-21,93,37,Yes,medium
PR000946,FL00097,CL00385,Design,703,in_progress,2023-04-20,2023-05-24,162,22,0,medium
PR000947,FL00431,CL00402,Marketing,4175$,in_progress,2022-01-25,2022-02-01,149,10,true,high
PR000948,FL00404,CL00621,Mobile App,3672,CANCELLED,2020-02-10,,143,29,false,Medium
PR000949,FL00208,CL00477,Data Science,2923,disputed,2023-09-27,2023-12-31,26,21,Yes,High
PR000950,FL00494,CL00577,SEO,2704,cancelled,2022-01-11,2022-03-08,95,36,No,High
PR000951,FL00401,CL00479,AI/ML,467,completed,2022-10-12,2022-12-03,29,31,No,High
PR000952,FL00311,CL00241,Design,2828,disputed,2023-01-31,TBD,21,3,1,low
PR000953,FL00064,CL00986,Data Science,4121,completed,2023-03-28,2023-04-15,,41,true,medium
PR000954,FL00371,CL00176,SEO,2028,completed,2021-11-09,2021-12-08,41,42,1,high
PR000955,FL00232,CL00452,Design,1453,completed,2020-10-08,2020-12-28,113,41,0,High
PR000956,FL00355,CL00937,SEO,4708,completed,2022-07-28,2022-09-11,85,2,true,low
PR000957,FL00317,CL00462,Writing,1640,in_progress,2023-04-26,2023-07-31,118,33,0,Low
PR000958,FL00389,CL00062,Writing,4844,disputed,2021-07-12,2021-08-22,72,9,True,Low
PR000959,FL00410,CL00983,Mobile App,3505,cancelled,2023-06-28,2023-09-25,129,4,0,high
PR000960,FL00438,CL00858,Design,3126,in_progress,2020-04-18,2020-07-16,107,0,False,Medium
PR000961,FL00129,CL00005,Video,1489,completed,2023-09-21,2023-10-29,160,16,True,high
PR000962,FL00214,CL00053,Web Development,2146,cancelled,2022-12-12,2023-04-07,,10,False,low
PR000963,FL00035,CL00542,Video,2864,in_progress,2021-06-02,2021-09-02,36,38,False,High
PR000964,FL00357,CL00745,Marketing,3698,disputed,2023-06-08,2023-06-27,150,41,1,Medium
PR000965,,CL00087,AI/ML,1024,completed,2020-08-13,2020-09-25,44,,False,Medium
PR000966,FL00016,CL00663,Mobile App,451,completed,2020-04-15,2020-07-10,19,9,False,Medium
PR000967,FL00235,CL00591,Marketing,933,in_progress,2021-10-01,TBD,25,3,true,Medium
PR000968,FL00207,CL00733,DevOps,2031,completed,2021-01-09,2021-03-26,21,,true,High
PR000969,,CL00459,Writing,4498$,in_progress,2022-06-22,2022-10-09,152,31,Yes,high
PR000970,FL00241,CL00077,,4516,disputed,,2022-12-27,95,1,No,Medium
PR000971,FL00237,CL00448,Data Science,1597,in_progress,2021-12-10,2022-01-23,60,20,false,medium
PR000972,FL00413,CL00994,DevOps,4288,cancelled,,2021-03-21,11,41,0,low
PR000973,FL00119,CL00743,Mobile App,3108,cancelled,2021-04-26,2021-05-12,,30,True,low
PR000974,FL00004,CL00627,DevOps,2537,cancelled,2021-08-01,2021-10-31,61,0,0,Low
PR000975,FL00422,CL00380,Writing,3040,completed,,2024-04-09,76,26,0,Low
PR000976,FL00361,CL00236,Mobile App,265336,in_progress,2021-09-24,2021-11-13,8,31,true,Medium
PR000977,FL00069,CL00984,Video,4088,cancelled,2024-05-30,2024-09-17,133,4,false,High
PR000978,FL00158,CL00452,SEO,2722,completed,2020-09-02,2020-09-18,53,6,Yes,Medium
PR000979,FL00028,CL00028,Video,2838,cancelled,2021-06-15,2021-09-16,24,2,true,High
PR000980,FL00130,CL00433,Web Development,3767,completed,2020-10-02,2020-12-14,156,0,true,Low
PR000981,FL00330,CL00133,Writing,2195,,2024-01-23,TBD,4,7,false,High
PR000982,FL00492,CL00151,SEO,1190,completed,2024-01-16,2024-03-23,22,4,No,high
PR000983,FL00435,CL00223,SEO,4000,disputed,2022-06-15,2022-08-08,117,10,No,
PR000984,FL00185,CL00523,Mobile App,2713,completed,2024-02-23,2024-05-04,8,37,1,high
PR000985,FL00127,CL00929,Mobile App,4068,completed,2022-11-10,TBD,72,38,false,medium
PR000986,FL00042,CL00431,AI/ML,354$,in_progress,2021-04-11,2021-06-23,169,3,0,High
PR000987,FL00179,CL00461,Marketing,2718,completed,2021-08-01,2021-11-13,151,10,true,Low
PR000988,FL00017,CL00023,Web Development,1245,disputed,2023-09-26,2023-10-04,114,31,True,High
PR000989,FL00455,CL00535,Web Development,2644,cancelled,2022-05-25,2022-07-23,179,35,False,Low
PR000990,FL00061,CL00796,DevOps,212,,2021-05-11,2021-06-07,109,36,No,high
PR000991,FL00308,CL00823,Web Development,567,completed,2021-04-11,2021-06-22,73,18,False,Low
PR000992,FL00349,CL00254,Design,4291,in_progress,2024-04-21,2024-06-03,153,30,false,High
PR000993,FL00389,CL00304,,1366,completed,2022-02-19,2022-06-09,40,4,1,Low
PR000994,FL00059,CL00501,AI/ML,321,disputed,2020-10-08,2020-10-18,173,10,Yes,low
PR000995,FL00485,CL00324,Design,3094,completed,2023-02-21,2023-04-02,80,9,False,medium
PR000996,FL00424,CL00131,Marketing,3692,completed,2023-01-01,2023-01-27,9,12,0,medium
PR000997,FL00118,CL00661,Marketing,1789,disputed,,2024-05-14,23,40,false,High
PR000998,FL00405,CL00505,Writing,3033,completed,2021-07-28,2021-11-02,73,3,Yes,medium
PR000999,FL00262,CL00373,Data Science,4575,in_progress,2020-09-14,2020-12-24,75,,False,Medium
PR001000,FL00454,CL00749,Writing,132397,completed,2021-06-02,2021-09-20,37,16,No,medium
PR001001,FL00488,CL00703,Data Science,953,disputed,2022-09-03,2022-10-17,77,40,1,High
PR001002,FL00236,CL00872,DevOps,1372,disputed,2021-05-12,2021-07-12,91,22,False,Medium
PR001003,FL00099,CL00148,Mobile App,2458,disputed,2024-01-30,TBD,55,13,true,low
PR001004,FL00237,CL00042,Video,2316,disputed,2020-03-03,2020-06-16,32,,true,high
PR001005,FL00068,CL00696,DevOps,1426,completed,2022-09-03,2022-12-18,108,17,false,High
PR001006,FL00112,CL00452,Design,3842,completed,2024-02-06,2024-05-23,36,31,true,Low
PR001007,FL00458,CL00995,Writing,4375,in_progress,2023-03-11,2023-06-11,92,35,false,Low
PR001008,FL00114,CL00862,Web Development,4755,completed,2020-04-15,2020-06-21,71,19,True,Medium
PR001009,FL00233,CL00019,,319,CANCELLED,2020-11-01,2020-12-30,32,17,false,medium
PR001010,FL00359,CL00336,Marketing,409,completed,2021-04-25,2021-05-28,,10,True,low
PR001011,FL00454,CL00815,AI/ML,649,IN_PROGRESS,2021-11-19,2021-11-27,133,31,0,Low
PR001012,FL00295,CL00181,Mobile App,453,completed,2023-06-20,2023-10-11,139,18,true,Low
PR001013,FL00496,CL00706,Design,2315,disputed,2021-10-25,2021-11-06,147,6,Yes,low
PR001014,FL00018,CL00754,SEO,4685,disputed,2023-11-24,2024-01-23,,41,Yes,low
PR001015,FL00220,CL00461,Writing,4228,in_progress,2023-07-03,2023-08-09,29,17,true,High
PR001016,,CL00644,SEO,2315,in_progress,2020-01-06,2020-02-19,179,8,false,high
PR001017,FL00372,CL00373,Data Science,1806,completed,,2024-07-17,169,36,False,High
PR001018,FL00362,CL00804,Writing,3281$,in_progress,2020-02-10,2020-02-17,,17,false,high
PR001019,FL00335,CL00274,Design,4323,completed,2022-06-07,2022-09-15,12,1,Yes,Low
PR001020,FL00404,CL00606,Design,3746,completed,2020-04-14,2020-07-30,164,24,No,low
PR001021,FL00041,CL00996,Marketing,4112,completed,2020-01-13,2020-04-23,44,23,False,High
PR001022,FL00376,CL00703,AI/ML,3951,completed,2022-05-06,2022-06-08,41,36,True,low
PR001023,FL00063,CL00280,Design,1235,disputed,2023-11-26,2023-12-03,69,29,Yes,
PR001024,FL00162,CL00839,Video,1989,cancelled,2020-06-22,2020-07-11,96,27,1,low
PR001025,FL00024,CL00871,DevOps,168,cancelled,2023-10-06,2024-01-15,160,31,No,Medium
PR001026,FL00154,CL00371,Writing,140,in_progress,2020-06-06,2020-09-08,176,3,No,Medium
PR001027,FL00441,CL00264,Video,406,completed,2020-11-28,,21,7,1,
PR001028,FL00182,CL00137,Writing,2749,completed,2022-12-07,2023-02-15,89,33,False,low
PR001029,FL00451,CL00337,DevOps,4209,in_progress,2023-12-30,2024-01-17,139,36,Yes,high
PR001030,FL00238,CL00615,DevOps,2778,disputed,2022-03-03,2022-03-15,79,26,true,medium
PR001031,FL00411,CL00990,DevOps,3635,cancelled,2022-01-11,2022-05-05,34,31,True,high
PR001032,FL00318,CL00466,Marketing,1142,completed,2021-01-19,2021-04-05,91,24,1,high
PR001033,FL00353,CL00648,Data Science,868,in_progress,2021-11-20,2022-01-20,83,34,1,Low
PR001034,FL00330,CL00916,SEO,4976,cancelled,2021-08-04,2021-08-19,154,15,True,medium
PR001035,FL00452,CL00310,AI/ML,,completed,2020-10-13,2020-11-22,85,15,true,low
PR001036,FL00330,CL00449,Design,3004,completed,2021-06-10,2021-08-12,47,26,0,high
PR001037,FL00112,CL00053,AI/ML,1144,cancelled,2021-06-29,2021-07-28,64,27,0,medium
PR001038,FL00148,CL00618,SEO,1863,disputed,2023-03-03,2023-03-18,63,23,False,High
PR001039,FL00044,CL00401,Mobile App,1631,,2020-03-09,2020-06-30,56,18,true,high
PR001040,FL00414,CL00946,Video,2171,completed,2020-11-16,2021-02-19,82,32,No,medium
PR001041,FL00247,CL00041,,1888,completed,2023-01-11,2023-04-24,109,30,0,High
PR001042,FL00283,CL00670,,1457,cancelled,2023-09-09,2023-10-25,172,33,False,High
PR001043,FL00211,CL00775,Design,3913,completed,2022-10-10,2022-11-12,145,37,Yes,
PR001044,FL00476,CL00864,Design,3767,,2021-10-06,2021-11-01,24,21,0,high
PR001045,FL00329,CL00148,Data Science,3348,in_progress,2020-04-02,2020-05-13,46,9,false,High
PR001046,FL00077,CL00379,,1658,cancelled,2020-11-08,2020-12-06,118,43,0,Medium
PR001047,FL00472,CL00413,DevOps,1840,disputed,2023-09-06,2023-10-20,97,44,Yes,high
PR001048,FL00349,CL00699,AI/ML,,cancelled,2022-04-16,2022-06-26,123,24,true,Medium
PR001049,FL00399,CL00736,Data Science,1401,in_progress,2021-05-16,2021-08-11,120,43,1,high
PR001050,FL00450,CL00306,Video,963,completed,2021-12-24,2022-01-12,99,33,No,medium
PR001051,FL00140,CL00816,Writing,2187,completed,2024-03-24,2024-05-01,59,17,false,high
PR001052,FL00445,CL00196,Mobile App,4560,completed,2020-09-05,2020-11-01,64,39,True,Low
PR001053,FL00449,CL00783,Data Science,327$,completed,2022-02-28,2022-04-03,102,43,False,High
PR001054,FL00304,CL00563,DevOps,1475,in_progress,2020-04-03,TBD,63,29,0,low
PR001055,FL00358,CL00770,Web Development,52990,disputed,2020-08-03,2020-11-01,80,16,No,Low
PR001056,FL00038,CL00477,Marketing,4137,,2022-06-10,2022-09-04,9,3,false,high
PR001057,FL00369,CL00582,DevOps,335902,disputed,,2021-04-01,55,44,false,Medium
PR001058,FL00387,CL00890,Marketing,3793,in_progress,2020-11-24,2021-01-16,56,24,True,Low
PR001059,FL00043,CL00760,Video,1007,COMPLETED,2022-06-05,2022-08-10,44,14,true,
PR001060,,CL00969,Writing,2868,completed,2023-08-05,,83,0,0,Medium
PR001061,FL00212,CL00625,SEO,2006,in_progress,2022-10-29,2022-12-07,11,32,0,high
PR001062,FL00044,CL00454,SEO,3719,completed,2022-07-19,2022-10-16,93,10,false,
PR001063,FL00459,CL00041,Design,4475,completed,2020-05-29,2020-09-26,122,5,Yes,High
PR001064,FL00481,CL00092,SEO,4279,cancelled,2022-04-10,TBD,163,43,false,medium
PR001065,FL00267,CL00931,Mobile App,1118,completed,2024-03-22,2024-07-15,69,1,True,medium
PR001066,FL00049,CL00777,SEO,2812,,2022-09-16,2023-01-12,116,10,true,High
PR001067,FL00374,CL00545,Data Science,2994,disputed,2023-04-19,2023-07-17,159,12,0,high
PR001068,FL00351,CL00411,Web Development,2188,completed,2023-06-08,2023-07-16,117,35,Yes,high
PR001069,FL00364,CL00415,Design,4630,disputed,2023-02-06,2023-04-07,1,40,False,low
PR001070,FL00126,CL00384,Writing,1055,completed,2023-11-16,2024-03-14,136,11,false,High
PR001071,FL00146,CL00669,Writing,3074,disputed,2020-08-28,2020-12-07,68,36,1,Medium
PR001072,FL00042,CL00244,DevOps,2551,completed,2023-07-04,2023-10-17,157,16,1,Medium
PR001073,FL00450,CL00220,DevOps,1521,completed,2022-06-22,2022-09-30,1,20,1,High
PR001074,FL00334,CL00940,Mobile App,1904,completed,2022-09-10,2023-01-08,,32,1,low
PR001075,FL00463,CL00963,Design,4483,disputed,2023-10-25,2024-02-14,152,1,Yes,Medium
PR001076,FL00468,CL00717,Writing,,completed,2022-11-28,,28,,false,Low
PR001077,FL00001,CL00636,Writing,1633,in_progress,2020-12-04,2021-02-20,101,16,1,Medium
PR001078,FL00436,CL00989,SEO,3218,cancelled,2023-05-23,2023-09-11,66,41,No,Medium
PR001079,FL00433,CL00532,DevOps,654,disputed,2021-12-25,2022-03-16,112,31,true,medium
PR001080,FL00175,CL00548,Marketing,4808,IN_PROGRESS,2023-09-13,2024-01-03,155,43,0,Low
PR001081,,CL00137,Design,2036,completed,2022-06-07,TBD,159,22,No,
PR001082,FL00249,CL00133,Marketing,1504,completed,2020-04-26,TBD,34,22,True,medium
PR001083,FL00403,CL00821,AI/ML,2734,in_progress,2022-02-03,2022-03-12,107,23,0,low
PR001084,FL00249,CL00175,Writing,2988,disputed,2024-03-15,2024-04-10,22,20,true,low
PR001085,FL00325,CL00336,Data Science,4708,disputed,2024-04-07,2024-07-31,37,14,0,
PR001086,FL00001,CL00132,Web Development,834,completed,2023-03-14,2023-06-20,52,38,Yes,high
PR001087,FL00083,CL00172,,676,COMPLETED,2020-09-24,2021-01-01,135,33,No,Medium
PR001088,FL00334,CL00294,Video,1644,disputed,2021-03-23,2021-06-26,174,32,1,High
PR001089,FL00333,CL00646,Writing,3621,completed,2023-09-23,2023-10-23,149,26,Yes,low
PR001090,FL00401,CL00366,SEO,3508,completed,2024-04-16,2024-06-20,179,22,False,Low
PR001091,FL00072,CL00051,Video,4803,completed,2022-01-30,2022-03-04,18,41,0,high
PR001092,FL00238,CL00433,,2151,completed,2022-06-04,2022-06-28,123,6,Yes,High
PR001093,FL00126,CL00179,Writing,3812,disputed,2023-03-31,2023-06-04,93,13,False,Medium
PR001094,FL00093,CL00848,DevOps,4682,cancelled,2020-06-22,2020-09-12,18,44,0,low
PR001095,FL00151,CL00031,Writing,2733,completed,2021-05-02,2021-08-22,138,16,True,Low
PR001096,FL00241,CL00463,SEO,2939,completed,2020-09-12,2020-12-15,12,32,True,high
PR001097,FL00040,CL00872,SEO,365,disputed,,2022-11-17,176,24,0,low
PR001098,FL00091,CL00895,SEO,1567,disputed,2022-10-26,2023-02-01,,25,False,High
PR001099,FL00240,CL00432,Mobile App,3088,in_progress,2023-10-19,2023-12-18,105,21,0,High
PR001100,FL00212,CL00193,Mobile App,687,completed,2021-02-28,2021-05-21,21,41,No,high
PR001101,FL00286,CL00848,Video,4633,completed,2022-12-12,2023-02-18,,45,true,Medium
PR001102,,CL00124,AI/ML,3556,,2020-09-29,2020-11-05,156,32,false,low
PR001103,FL00334,CL00005,Web Development,3072,disputed,2021-12-09,2022-01-13,117,39,true,medium
PR001104,FL00410,CL00763,Mobile App,206221,completed,2023-12-24,2024-01-04,98,20,false,High
PR001105,FL00042,CL00004,Mobile App,1339,completed,2021-05-12,2021-09-02,170,21,False,high
PR001106,FL00336,CL00829,Data Science,743,in_progress,2022-09-19,2023-01-05,130,15,0,medium
PR001107,FL00173,CL00680,Web Development,,cancelled,2020-04-10,2020-07-17,28,9,0,Medium
PR001108,FL00230,CL00826,Marketing,903,cancelled,2023-07-17,2023-09-05,102,18,1,medium
PR001109,FL00257,CL00932,,4239,completed,2022-11-05,2023-01-15,103,26,No,low
PR001110,FL00071,CL00112,DevOps,1464,completed,2023-12-11,2024-03-30,145,16,1,Medium
PR001111,FL00382,CL00420,Writing,2720,in_progress,2022-09-10,,9,37,0,medium
PR001112,FL00205,CL00760,SEO,1260,completed,2023-03-01,2023-06-05,73,40,Yes,low
PR001113,FL00397,CL00043,Marketing,,completed,2023-12-15,2024-02-27,141,6,true,Low
PR001114,FL00296,CL00018,AI/ML,4005,in_progress,2021-03-26,2021-05-28,118,37,True,High
PR001115,FL00439,CL00035,Marketing,2451,completed,2023-04-21,2023-06-19,88,27,No,high
PR001116,FL00368,CL00871,Web Development,4339,cancelled,2022-05-28,2022-08-11,70,32,True,medium
PR001117,FL00027,CL00623,Writing,,COMPLETED,2022-03-01,2022-03-23,116,32,1,low
PR001118,FL00389,CL00587,Design,4164,completed,2021-05-14,2021-09-06,148,4,true,Low
PR001119,FL00007,CL00180,Marketing,4536,disputed,2021-06-02,2021-08-31,4,10,1,Low
PR001120,FL00161,CL00791,AI/ML,4930,completed,2024-02-01,2024-05-05,100,33,0,Low
PR001121,FL00400,CL00564,Writing,161386,cancelled,2023-06-07,2023-09-26,42,36,No,
PR001122,FL00198,CL00317,Video,1466,completed,2022-08-24,2022-09-15,88,28,No,low
PR001123,FL00070,CL00544,DevOps,1204,completed,2021-04-11,2021-04-25,174,13,Yes,low
PR001124,FL00247,CL00952,Mobile App,1490,completed,2024-04-04,2024-06-26,67,6,1,High
PR001125,FL00183,CL00531,Data Science,2561,completed,2023-10-20,2024-02-07,29,23,False,Low
PR001126,FL00222,CL00439,SEO,2002,cancelled,2021-12-06,2021-12-22,3,34,false,Low
PR001127,FL00115,CL00976,Writing,595,completed,2024-04-04,2024-06-12,139,15,0,Medium
PR001128,FL00165,CL00544,SEO,731,,2021-11-21,2022-02-28,174,9,Yes,Low
PR001129,FL00383,CL00982,Video,4288,disputed,2022-02-12,2022-05-04,143,17,No,high
PR001130,FL00270,CL00586,Mobile App,1650,completed,2023-06-04,2023-06-30,1,25,false,high
PR001131,FL00445,CL00864,Mobile App,3053,completed,2021-11-30,,60,,true,medium
PR001132,FL00244,CL00594,Design,2580,cancelled,2020-01-19,2020-03-05,36,9,0,Low
PR001133,FL00089,CL00216,DevOps,4492,completed,2022-03-01,2022-04-14,93,11,1,low
PR001134,,CL00568,Design,739$,in_progress,2021-02-18,2021-03-28,54,25,True,medium
PR001135,FL00146,CL00246,SEO,761,disputed,2020-07-03,2020-09-03,26,15,Yes,Medium
PR001136,FL00498,CL00003,Data Science,3072,completed,2021-09-18,2021-10-04,27,32,Yes,
PR001137,FL00375,CL00606,,592,completed,2022-03-08,2022-03-15,98,8,1,Low
PR001138,FL00214,CL00895,Video,4570,cancelled,2021-08-12,2021-09-28,55,36,1,high
PR001139,FL00428,CL00176,Web Development,654,,2020-02-01,,109,6,0,Medium
PR001140,FL00337,CL00325,Design,4192,completed,2021-06-05,2021-08-09,149,0,true,medium
PR001141,FL00462,CL00697,DevOps,1582,,2022-11-08,2023-01-29,43,2,True,low
PR001142,FL00365,CL00253,Data Science,619,completed,2023-05-15,2023-06-28,62,32,1,Low
PR001143,FL00477,CL00607,Design,3319,completed,2021-06-10,2021-07-13,164,6,Yes,high
PR001144,FL00066,CL00773,AI/ML,4321,completed,2020-02-11,2020-03-31,33,29,False,Low
PR001145,FL00248,CL00709,Writing,3954,,2023-11-15,2023-12-21,174,44,Yes,High
PR001146,FL00250,CL00006,Design,2378,cancelled,2022-02-13,2022-04-12,2,,Yes,medium
PR001147,FL00257,CL00005,Data Science,1187,,2023-10-21,2024-01-10,113,44,Yes,medium
PR001148,FL00287,CL00072,Web Development,908,in_progress,2021-02-06,2021-04-05,157,32,false,Low
PR001149,FL00320,CL00407,Marketing,3103,completed,2024-02-25,2024-05-31,8,16,No,high
PR001150,FL00169,CL00038,Writing,1752,disputed,2023-09-01,2023-11-04,100,21,No,Medium
PR001151,FL00049,CL00919,Web Development,2154,completed,2021-12-03,TBD,29,31,0,low
PR001152,FL00143,CL00702,Design,498521,disputed,2020-11-26,2021-03-16,26,32,false,low
PR001153,FL00391,CL00940,Mobile App,2260,cancelled,2021-11-10,2022-01-12,18,9,False,Medium
PR001154,FL00389,CL00592,DevOps,4474,cancelled,2022-01-21,2022-04-21,144,23,false,Low
PR001155,FL00143,CL00580,Design,3510,completed,2020-09-10,2020-11-23,25,,True,high
PR001156,FL00019,CL00126,SEO,469,completed,2021-05-03,2021-08-17,42,35,0,high
PR001157,FL00079,CL00843,SEO,2290,completed,2023-04-20,2023-07-27,106,20,No,high
PR001158,FL00261,CL00860,SEO,2093,disputed,2022-09-18,2022-10-03,127,35,Yes,Low
PR001159,FL00055,CL00947,SEO,1938,disputed,2020-02-11,2020-03-21,127,9,True,low
PR001160,FL00080,CL00981,SEO,3939,completed,2022-06-18,2022-08-19,7,13,False,low
PR001161,FL00209,CL00320,SEO,1475,in_progress,2020-03-11,2020-04-05,124,26,1,low
PR001162,FL00457,CL00401,DevOps,467,disputed,2021-02-22,2021-04-25,,39,No,Medium
PR001163,FL00070,CL00416,Data Science,,disputed,2022-06-03,2022-07-29,178,36,0,Medium
PR001164,,CL00568,DevOps,700,in_progress,2023-01-31,2023-05-03,114,41,1,High
PR001165,,CL00753,Data Science,2682,completed,2020-03-02,2020-05-04,137,17,true,Medium
PR001166,FL00345,CL00957,AI/ML,4574,cancelled,,2022-09-05,171,23,No,high
PR001167,FL00039,CL00856,AI/ML,4367,completed,2023-04-19,,17,31,true,Low
PR001168,FL00138,CL00153,Video,3349,completed,2023-10-31,2023-12-25,,43,True,Low
PR001169,FL00354,CL00045,Mobile App,3726,completed,2023-06-14,2023-08-31,166,7,Yes,medium
PR001170,FL00387,CL00826,AI/ML,216,cancelled,,,56,1,True,medium
PR001171,FL00058,CL00674,Web Development,1913,completed,2023-08-06,2023-10-18,180,19,true,high
PR001172,FL00468,CL00118,Writing,3770,in_progress,2024-05-07,2024-06-16,69,35,1,medium
PR001173,FL00371,CL00001,Marketing,1510,in_progress,2020-01-10,2020-05-06,31,25,False,
PR001174,FL00295,CL00772,AI/ML,569,completed,2021-04-26,2021-07-06,83,8,false,Low
PR001175,FL00076,CL00191,Writing,4626,in_progress,2022-02-28,2022-04-08,140,32,0,medium
PR001176,FL00126,CL00836,Writing,396,cancelled,2021-03-25,2021-05-18,,39,Yes,medium
PR001177,FL00190,CL00246,AI/ML,1263,in_progress,2022-06-11,2022-09-14,156,22,No,medium
PR001178,FL00399,CL00510,Web Development,1199,cancelled,2020-02-06,2020-02-24,147,29,0,high
PR001179,FL00049,CL00245,Writing,699,completed,2024-03-01,2024-04-04,109,31,1,low
PR001180,FL00325,CL00002,Data Science,899,completed,2023-09-17,2024-01-13,115,30,0,high
PR001181,FL00444,CL00133,Writing,2758,completed,2023-04-26,2023-05-31,173,10,0,Medium
PR001182,FL00480,CL00544,Writing,3638,completed,2021-04-10,2021-07-17,5,42,0,high
PR001183,FL00453,CL00319,AI/ML,2120,completed,2023-09-20,2023-11-30,88,41,true,High
PR001184,FL00042,CL00456,Video,3984,cancelled,2021-08-16,2021-10-14,21,36,1,high
PR001185,FL00403,CL00449,AI/ML,629,completed,2023-12-29,2024-03-16,109,43,Yes,High
PR001186,FL00492,CL00491,AI/ML,4142,,2022-08-09,,8,16,Yes,high
PR001187,FL00030,CL00111,Video,802,completed,2022-09-27,2022-11-14,4,,1,high
PR001188,FL00264,CL00690,SEO,2335,completed,2023-09-11,2023-10-10,77,12,0,Low
PR001189,FL00301,CL00932,SEO,2818,completed,2021-01-03,2021-04-03,114,8,0,medium
PR001190,FL00166,CL00449,Web Development,670,completed,2021-09-05,2021-12-11,106,42,True,low
PR001191,FL00202,CL00280,Video,3477,cancelled,2024-04-11,2024-06-20,95,32,false,high
PR001192,FL00079,CL00372,Marketing,3269,cancelled,2022-01-31,2022-05-09,24,42,false,high
PR001193,FL00416,CL00963,SEO,2295,disputed,2022-04-30,2022-08-10,61,36,No,High
PR001194,FL00153,CL00857,Writing,413,cancelled,2021-10-14,2021-10-29,31,3,False,low
PR001195,FL00229,CL00759,DevOps,554,completed,2022-10-23,2022-11-12,162,26,true,low
PR001196,FL00455,CL00452,Data Science,4979,completed,2023-04-04,TBD,23,44,Yes,medium
PR001197,FL00477,CL00131,Mobile App,4598,completed,2022-09-06,2022-09-14,68,10,Yes,medium
PR001198,FL00148,CL00070,Mobile App,4048,completed,2023-11-20,2023-12-14,112,23,true,Medium
PR001199,FL00189,CL00891,Marketing,,completed,2023-02-13,2023-04-23,58,22,No,medium
PR001200,FL00054,CL00497,Marketing,1688,completed,2023-05-10,2023-08-08,117,33,True,Low
