review_id,project_id,reviewer_id,rating,review_text,review_date,helpful_votes,verified_purchase
RV000001,PR000724,CL00958,1,Communication was poor.,2023-05-14,22,0
RV000002,PR001112,CL00112,,Not as described in the proposal.,2022-03-18,26,false
RV000003,PR000533,CL00458,4,Would hire again without hesitation.,2020-11-10,24,false
RV000004,PR000606,CL00240,3,Communication was poor.,2021-10-10,26,False
RV000005,PR001183,CL00954,2,Quality was below expectations.,2021-04-16,39,true
RV000005,PR001183,CL00954,2,Quality was below expectations.,2021-04-16,39,true
RV000006,PR000448,CL00511,2,Missed the deadline significantly.,2023-07-01,10,true
RV000006,PR000448,CL00511,2,Missed the deadline significantly.,2023-07-01,10,true
RV000007,PR000008,CL00640,2,Not as described in the proposal.,2024-08-18,38,true
RV000008,,CL00546,4,Would hire again without hesitation.,2022-07-14,35,true
RV000009,PR000475,CL00662,3,Had to redo parts of the work.,2021-07-25,32,0
RV000010,PR000742,CL00627,2,Communication was poor.,2021-01-18,46,false
RV000011,PR000892,CL00491,5,Excellent communication throughout.,2022-03-18,40,False
RV000012,PR000562,CL00835,4,Would hire again without hesitation.,2022-06-27,35,1
RV000013,PR000765,CL00192,5,,2021-08-27,3,True
RV000014,PR000719,CL00564,4,,2021-09-15,4,true
RV000015,PR000379,CL00481,2,Not as described in the proposal.,2024-02-07,3,false
RV000016,PR000415,CL00968,2,Not as described in the proposal.,2024-06-01,1,False
RV000017,PR000246,CL00501,1,Had to redo parts of the work.,2023-05-12,35,0
RV000018,PR000390,CL00955,4,Outstanding quality and fast turnaround.,2021-10-20,46,false
RV000019,PR000844,CL00511,9,Excellent communication throughout.,2024-02-07,50,True
RV000020,PR000599,CL00722,3,Not as described in the proposal.,2024-02-16,46,0
RV000021,PR000168,CL00187,9,Excellent communication throughout.,2023-11-06,33,true
RV000022,PR000033,CL00360,3,Had to redo parts of the work.,2024-03-05,13,0
RV000023,PR000906,CL00901,3,Not as described in the proposal.,2023-07-09,2,0
RV000024,PR000015,CL00564,3,Had to redo parts of the work.,2024-09-14,40,false
RV000025,PR000760,CL00025,9,"Great work, highly recommend!",2024-07-27,26,True
RV000026,PR001096,CL00461,4,Delivered on time and exceeded expectations.,2023-06-27,33,False
RV000027,PR001141,CL00743,1,Quality was below expectations.,2022-01-13,30,false
RV000028,PR001160,CL00035,10,Would hire again without hesitation.,2022-07-02,27,1
RV000029,PR000868,CL00345,2,,2023-06-03,30,true
RV000030,PR000920,CL00004,3,Had to redo parts of the work.,2022-01-17,42,True
RV000031,PR000367,CL00515,5,,2024-01-25,20,1
RV000032,PR000433,CL00804,5,Would hire again without hesitation.,,18,True
RV000033,PR000176,CL00782,4,Very professional and skilled.,2024-07-15,33,false
RV000034,PR000235,CL00448,3,Missed the deadline significantly.,2023-12-12,28,true
RV000035,PR000085,CL00035,3,Quality was below expectations.,2022-04-19,,1
RV000036,PR000077,CL00316,4,Outstanding quality and fast turnaround.,2022-02-26,44,0
RV000037,PR000084,CL00217,2,Had to redo parts of the work.,2024-11-01,10,true
RV000038,PR000200,CL00358,5,Excellent communication throughout.,2024-07-04,42,true
RV000039,PR000834,CL00789,,,2024-03-06,37,0
RV000040,PR000560,CL00755,5,Excellent communication throughout.,2024-09-05,0,false
RV000041,PR000897,CL00216,5,Would hire again without hesitation.,2023-03-26,7,false
RV000042,PR001149,CL00559,1,Quality was below expectations.,2021-09-14,,false
RV000043,PR000535,CL00238,4,Delivered on time and exceeded expectations.,2021-04-11,8,1
RV000044,PR000809,CL00908,2,Not as described in the proposal.,2024-10-29,31,True
RV000045,PR001156,CL00478,5,"Great work, highly recommend!",2024-10-22,49,false
RV000046,PR000569,CL00789,1,Had to redo parts of the work.,2021-11-25,16,True
RV000047,PR000881,CL00758,3,Had to redo parts of the work.,2024-03-29,18,true
RV000048,PR001175,CL00838,1,,2021-08-23,31,False
RV000048,PR001175,CL00838,1,,2021-08-23,31,False
RV000049,PR000388,CL00402,2,Communication was poor.,2022-11-27,30,True
RV000050,PR000996,CL00866,1,Quality was below expectations.,2022-02-27,7,False
RV000051,PR000667,CL00147,4,Delivered on time and exceeded expectations.,2020-11-24,13,True
RV000052,PR000738,CL00280,1,Communication was poor.,2023-08-23,30,true
RV000053,PR001109,CL00663,1,Missed the deadline significantly.,2023-04-12,30,false
RV000054,PR000629,CL00501,7,Delivered on time and exceeded expectations.,2024-02-05,30,False
RV000055,PR000839,CL00299,4,Would hire again without hesitation.,2024-06-16,7,true
RV000056,PR001101,CL00703,4,Excellent communication throughout.,2024-08-20,12,False
RV000057,PR000710,CL00850,4,Very professional and skilled.,2021-04-18,45,True
RV000058,PR000677,CL00215,4,,2022-11-17,7,0
RV000059,PR000220,CL00310,,Outstanding quality and fast turnaround.,2020-07-01,12,0
RV000060,PR000197,CL00554,1,Had to redo parts of the work.,2022-08-25,3,1
RV000061,PR001083,CL00978,5,Excellent communication throughout.,2024-01-11,42,1
RV000062,PR000194,CL00881,2,Missed the deadline significantly.,2021-11-15,49,1
RV000063,PR000376,CL00407,,Outstanding quality and fast turnaround.,2022-05-25,9,false
RV000064,PR000270,CL00564,3,Had to redo parts of the work.,2021-01-01,6,False
RV000065,PR000852,CL00080,1,Not as described in the proposal.,2023-05-21,31,True
RV000066,PR001073,CL00363,5,Would hire again without hesitation.,2023-11-05,,1
RV000067,PR001132,CL00690,4,"Great work, highly recommend!",2023-07-17,14,False
RV000068,PR000929,CL00019,3,,2024-08-24,,True
RV000069,,CL00182,1,Had to redo parts of the work.,2023-02-13,20,false
RV000070,PR001095,CL00173,5,Excellent communication throughout.,2021-05-18,9,False
RV000071,PR001178,CL00039,2,Quality was below expectations.,2024-09-26,18,true
RV000072,PR000175,CL00615,4,"Great work, highly recommend!",2024-10-30,40,1
RV000073,PR000553,CL00614,2,Communication was poor.,2022-08-28,40,0
RV000073,PR000553,CL00614,2,Communication was poor.,2022-08-28,40,0
RV000074,PR000689,CL00014,5,Very professional and skilled.,2023-03-07,39,0
RV000075,PR000909,CL00813,1,Not as described in the proposal.,2023-12-13,0,False
RV000076,PR000768,CL00119,,"Great work, highly recommend!",2022-10-10,39,False
RV000077,PR000015,CL00829,4,,2021-05-07,4,0
RV000078,PR000792,CL00097,2,Quality was below expectations.,2021-09-17,0,True
RV000079,PR000248,CL00944,5,,2022-01-26,38,1
RV000080,PR001135,CL00776,1,Had to redo parts of the work.,2020-06-12,14,False
RV000081,PR000463,CL00443,3,Missed the deadline significantly.,2020-11-26,1,False
RV000082,PR001080,CL00056,4,Very professional and skilled.,,18,False
RV000083,PR000913,CL00594,,Had to redo parts of the work.,2020-11-14,9,false
RV000084,PR001011,CL00125,3,Not as described in the proposal.,2021-05-01,33,0
RV000085,PR001135,CL00325,1,Missed the deadline significantly.,2023-02-03,46,False
RV000086,PR001026,CL00451,3,Quality was below expectations.,2022-02-16,47,0
RV000087,PR001175,CL00612,1,Communication was poor.,2024-03-29,34,0
RV000088,PR000394,CL00093,1,Missed the deadline significantly.,2024-01-22,24,0
RV000089,PR000233,CL00227,2,Not as described in the proposal.,2022-12-13,41,False
RV000090,PR000501,CL00978,4,"Great work, highly recommend!",2023-09-16,4,0
RV000091,PR000650,CL00059,2,Not as described in the proposal.,2024-10-17,9,True
RV000092,PR000574,CL00725,2,,2022-02-11,30,true
RV000093,PR000894,CL00976,5,Excellent communication throughout.,2021-03-26,4,false
RV000094,PR000536,CL00965,2,Communication was poor.,2023-04-28,15,0
RV000095,PR000653,CL00333,4,"Great work, highly recommend!",2022-01-09,48,1
RV000096,PR000020,CL00106,3,Had to redo parts of the work.,2024-01-14,41,False
RV000097,PR000596,CL00701,,Not as described in the proposal.,2023-12-18,2,1
RV000098,PR000658,CL00820,4,"Great work, highly recommend!",2020-09-18,44,0
RV000099,PR000570,CL00247,4,Excellent communication throughout.,2022-02-18,41,false
RV000100,PR000979,CL00160,9,Delivered on time and exceeded expectations.,2023-03-26,44,true
RV000101,,CL00934,2,Not as described in the proposal.,2023-01-27,36,true
RV000102,PR000735,CL00673,1,,2022-04-02,36,True
RV000103,PR000916,CL00407,4,Would hire again without hesitation.,2022-08-25,11,false
RV000104,,CL00707,3,Had to redo parts of the work.,2021-12-04,31,1
RV000105,PR001092,CL00207,1,Missed the deadline significantly.,2022-08-16,37,False
RV000106,PR000305,CL00084,2,Had to redo parts of the work.,2021-08-04,0,0
RV000107,PR001064,CL00706,4,Excellent communication throughout.,2021-02-08,17,false
RV000108,PR001013,CL00239,2,Quality was below expectations.,2022-03-09,6,true
RV000109,PR000025,CL00245,2,Communication was poor.,2020-08-11,29,0
RV000110,PR000294,CL00983,3,Missed the deadline significantly.,2023-08-05,36,0
RV000111,PR001122,CL00622,5,Delivered on time and exceeded expectations.,2024-11-26,29,false
RV000112,PR001067,CL00804,1,Quality was below expectations.,2022-10-13,20,0
RV000113,PR000151,CL00487,2,Missed the deadline significantly.,2020-09-12,16,1
RV000114,PR001076,CL00107,3,Quality was below expectations.,2024-05-28,10,1
RV000115,PR000511,CL00486,3,Not as described in the proposal.,2024-05-12,37,True
RV000116,PR000025,CL00982,3,Quality was below expectations.,2023-07-26,7,0
RV000117,,CL00830,1,Communication was poor.,2023-04-23,14,false
RV000118,PR000618,CL00792,5,Delivered on time and exceeded expectations.,2023-06-21,17,false
RV000119,PR000474,CL00457,1,Communication was poor.,2021-09-01,19,true
RV000120,PR000901,CL00239,1,Not as described in the proposal.,2020-07-02,13,1
RV000121,PR000255,CL00184,1,Not as described in the proposal.,2024-02-28,3,False
RV000122,PR001096,CL00783,4,Very professional and skilled.,2023-09-25,14,true
RV000123,PR000604,CL00457,2,Had to redo parts of the work.,2021-08-18,31,0
RV000124,PR000437,CL00808,2,Missed the deadline significantly.,2020-12-03,37,0
RV000125,PR000502,CL00059,1,Missed the deadline significantly.,2021-06-25,0,False
RV000126,PR000433,CL00901,6,,2023-06-08,23,True
RV000127,PR000198,CL00306,3,Communication was poor.,2022-12-07,15,true
RV000128,PR000870,CL00025,2,Had to redo parts of the work.,2023-08-23,28,True
RV000129,PR000923,CL00562,1,Missed the deadline significantly.,2023-11-25,20,0
RV000130,PR001101,CL00991,5,Outstanding quality and fast turnaround.,2024-08-22,20,0
RV000131,PR001104,CL00190,,"Great work, highly recommend!",2021-11-22,40,True
RV000132,PR000758,CL00288,,Missed the deadline significantly.,2022-10-08,25,true
RV000133,PR000498,CL00264,6,,2020-10-25,22,1
RV000134,PR000981,CL00279,6,Would hire again without hesitation.,2021-11-04,,true
RV000135,PR000600,CL00474,3,Communication was poor.,2022-06-05,34,true
RV000136,PR000833,CL00881,10,Excellent communication throughout.,2023-09-03,3,False
RV000137,PR000964,CL00115,1,Had to redo parts of the work.,2020-11-30,43,True
RV000138,,CL00247,3,Had to redo parts of the work.,2023-10-16,4,true
RV000139,PR000887,CL00994,4,Delivered on time and exceeded expectations.,2023-02-17,6,0
RV000140,PR000469,CL00598,2,Quality was below expectations.,2024-05-05,24,1
RV000141,PR000600,CL00780,5,Delivered on time and exceeded expectations.,2022-10-07,19,0
RV000142,PR000380,CL00815,1,Quality was below expectations.,2020-11-28,47,true
RV000143,PR000322,CL00589,4,Excellent communication throughout.,2024-08-11,36,True
RV000144,PR001177,CL00885,4,Delivered on time and exceeded expectations.,2022-04-27,50,0
RV000145,PR001148,CL00660,5,Very professional and skilled.,2023-03-10,40,false
RV000146,PR000522,CL00047,4,Delivered on time and exceeded expectations.,2021-07-27,36,1
RV000147,PR000868,CL00453,5,Very professional and skilled.,2023-08-15,25,0
RV000148,PR000247,CL00260,3,Not as described in the proposal.,2021-05-02,28,1
RV000149,PR000032,CL00459,3,Communication was poor.,2022-10-10,27,False
RV000150,PR000852,CL00489,3,Missed the deadline significantly.,2021-12-21,22,false
RV000151,,CL00088,3,Communication was poor.,2024-08-14,2,1
RV000152,PR001103,CL00646,3,Communication was poor.,2021-02-26,35,true
RV000153,PR000970,CL00347,4,"Great work, highly recommend!",2021-08-06,,1
RV000154,PR000442,CL00752,4,Outstanding quality and fast turnaround.,2021-04-25,9,1
RV000155,PR001040,CL00569,4,Delivered on time and exceeded expectations.,2020-10-02,41,false
RV000155,PR001040,CL00569,4,Delivered on time and exceeded expectations.,2020-10-02,41,false
RV000156,,CL00652,5,Outstanding quality and fast turnaround.,2023-06-12,16,0
RV000157,PR000585,CL00494,3,Missed the deadline significantly.,2020-09-03,14,false
RV000158,PR000525,CL00295,4,,2021-01-04,12,false
RV000159,PR000045,CL00622,4,,2024-12-01,4,1
RV000160,PR000127,CL00490,5,,2021-03-18,13,0
RV000161,PR001187,CL00238,7,Would hire again without hesitation.,2024-09-26,11,true
RV000162,PR000201,CL00592,1,Not as described in the proposal.,2024-04-27,41,1
RV000163,PR000862,CL00110,1,Not as described in the proposal.,2021-10-20,16,true
RV000164,PR000197,CL00847,2,Missed the deadline significantly.,2020-07-27,38,false
RV000165,PR001188,CL00298,2,Quality was below expectations.,2023-08-20,22,0
RV000166,PR000588,CL00249,5,Excellent communication throughout.,2023-03-23,40,True
RV000167,PR000020,CL00140,2,,2022-12-06,13,false
RV000168,PR000096,CL00435,3,Communication was poor.,2022-05-23,41,0
RV000169,PR001047,CL00572,4,Very professional and skilled.,2021-03-22,15,0
RV000170,PR000550,CL00540,1,Not as described in the proposal.,2024-11-28,16,1
RV000171,PR000171,CL00893,1,Had to redo parts of the work.,2022-11-25,50,False
RV000172,PR000577,CL00682,3,Communication was poor.,,4,True
RV000173,PR000210,CL00287,2,Had to redo parts of the work.,2023-10-02,11,false
RV000174,PR000205,CL00326,,Excellent communication throughout.,2021-08-29,4,True
RV000175,PR000663,CL00231,3,Quality was below expectations.,2022-08-20,,0
RV000176,PR000945,CL00462,2,Had to redo parts of the work.,2020-12-06,0,True
RV000177,PR000912,CL00493,2,Missed the deadline significantly.,2021-09-27,0,true
RV000178,PR000848,CL00942,5,Outstanding quality and fast turnaround.,2023-11-15,0,false
RV000179,PR001074,CL00949,3,Communication was poor.,2024-04-19,17,1
RV000180,PR000567,CL00729,1,Missed the deadline significantly.,2020-10-10,,true
RV000181,PR000144,CL00934,5,Outstanding quality and fast turnaround.,2022-04-03,9,1
RV000182,PR000562,CL00428,,Would hire again without hesitation.,2023-02-18,21,true
RV000183,PR000017,CL00886,2,,2021-06-03,16,0
RV000184,PR000225,CL00901,4,Very professional and skilled.,2022-04-23,6,true
RV000185,,CL00078,3,Communication was poor.,2023-07-15,,False
RV000186,PR001124,CL00752,3,Communication was poor.,2020-09-04,39,true
RV000187,PR000829,CL00717,1,,2023-05-22,7,0
RV000188,PR000851,CL00899,2,Missed the deadline significantly.,2022-09-20,16,0
RV000189,PR001035,CL00392,2,,2020-06-12,2,True
RV000190,PR000451,CL00955,5,Very professional and skilled.,2023-01-24,47,True
RV000191,,CL00816,1,,2022-03-23,29,True
RV000192,PR001100,CL00567,1,Communication was poor.,2022-12-07,27,0
RV000193,PR000990,CL00135,1,Quality was below expectations.,2022-11-05,11,False
RV000194,PR000241,CL00155,1,Quality was below expectations.,2023-12-23,39,False
RV000195,PR000950,CL00917,3,Quality was below expectations.,2024-10-25,2,1
RV000196,PR000587,CL00547,4,"Great work, highly recommend!",2023-09-24,49,false
RV000197,PR000125,CL00881,4,,2020-12-14,,True
RV000198,PR000345,CL00064,4,Excellent communication throughout.,2024-06-11,39,True
RV000199,PR000776,CL00587,4,Excellent communication throughout.,2024-05-15,25,0
RV000200,PR000112,CL00385,3,Quality was below expectations.,2021-10-12,39,true
RV000201,PR000737,CL00275,,Very professional and skilled.,2020-07-11,41,false
RV000202,PR001098,CL00053,3,Communication was poor.,2021-01-27,32,False
RV000203,,CL00441,1,Communication was poor.,2024-08-28,45,0
RV000204,PR001017,CL00870,4,Would hire again without hesitation.,2021-12-18,18,1
RV000205,PR000645,CL00016,2,Not as described in the proposal.,,29,true
RV000206,PR000386,CL00815,,Would hire again without hesitation.,2022-03-19,20,true
RV000207,,CL00290,5,Very professional and skilled.,2024-10-04,10,True
RV000208,PR000706,CL00144,2,Communication was poor.,2020-06-27,3,true
RV000209,PR000959,CL00689,4,"Great work, highly recommend!",2023-07-08,7,1
RV000210,PR000247,CL00368,3,Missed the deadline significantly.,2020-11-27,45,True
RV000211,PR000086,CL00595,3,Quality was below expectations.,2020-10-17,9,0
RV000212,PR000784,CL00524,5,"Great work, highly recommend!",2021-11-26,9,False
RV000213,PR000100,CL00422,1,Quality was below expectations.,2022-06-22,7,False
RV000214,PR000609,CL00834,2,Had to redo parts of the work.,2024-01-13,18,false
RV000215,PR000876,CL00923,2,Not as described in the proposal.,2020-11-20,17,false
RV000216,PR000241,CL00112,5,Delivered on time and exceeded expectations.,2023-09-09,6,1
RV000217,PR000981,CL00778,,Communication was poor.,2021-10-05,13,False
RV000218,PR001076,CL00396,,Missed the deadline significantly.,2020-12-30,45,false
RV000218,PR001076,CL00396,,Missed the deadline significantly.,2020-12-30,45,false
RV000219,PR000012,CL00560,8,Very professional and skilled.,2021-10-16,,false
RV000220,PR000797,CL00752,2,Had to redo parts of the work.,2023-01-07,,False
RV000221,PR000995,CL01000,1,Missed the deadline significantly.,2023-07-12,1,1
RV000222,PR000604,CL00371,1,Had to redo parts of the work.,2023-12-15,0,0
RV000223,PR000848,CL00703,4,"Great work, highly recommend!",2022-12-30,34,false
RV000223,PR000848,CL00703,4,"Great work, highly recommend!",2022-12-30,34,false
RV000224,PR000775,CL00930,4,Delivered on time and exceeded expectations.,2024-11-10,3,False
RV000225,PR001115,CL00024,4,Outstanding quality and fast turnaround.,2022-03-23,8,true
RV000226,PR000935,CL00043,4,Excellent communication throughout.,2020-06-18,0,true
RV000227,PR000530,CL00046,5,Excellent communication throughout.,2022-12-21,34,true
RV000228,PR000652,CL00397,4,"Great work, highly recommend!",2024-07-17,32,false
RV000229,PR000850,CL00592,3,Quality was below expectations.,2024-01-02,33,1
RV000229,PR000850,CL00592,3,Quality was below expectations.,2024-01-02,33,1
RV000230,PR000434,CL00723,2,Missed the deadline significantly.,2024-01-07,47,1
RV000231,PR000048,CL00328,1,Missed the deadline significantly.,2022-04-15,46,0
RV000232,PR000343,CL00398,1,Not as described in the proposal.,2023-02-04,46,False
RV000233,PR001018,CL00827,,Not as described in the proposal.,2022-12-08,27,1
RV000234,PR000029,CL00938,4,"Great work, highly recommend!",2023-05-03,28,false
RV000235,PR000995,CL00129,3,Communication was poor.,2022-10-24,21,false
RV000236,PR000358,CL00475,5,Very professional and skilled.,2023-10-27,,0
RV000236,PR000358,CL00475,5,Very professional and skilled.,2023-10-27,,0
RV000237,PR000644,CL00168,3,Quality was below expectations.,2020-12-31,42,False
RV000238,PR000277,CL00538,5,Outstanding quality and fast turnaround.,2024-02-25,27,0
RV000239,PR001154,CL00370,4,Outstanding quality and fast turnaround.,2020-11-25,35,False
RV000240,PR000163,CL00493,5,Outstanding quality and fast turnaround.,2021-04-26,3,False
RV000241,PR000845,CL00600,4,,2023-12-26,2,True
RV000241,PR000845,CL00600,4,,2023-12-26,2,True
RV000242,PR000218,CL00331,3,Quality was below expectations.,,6,1
RV000243,PR000820,CL00778,4,"Great work, highly recommend!",2024-06-29,20,0
RV000244,PR001127,CL00203,4,Delivered on time and exceeded expectations.,2024-04-06,26,true
RV000245,PR000819,CL00061,1,Had to redo parts of the work.,2020-09-02,4,false
RV000246,,CL00023,7,Very professional and skilled.,2022-06-03,50,true
RV000247,PR000628,CL00442,4,"Great work, highly recommend!",2022-04-25,12,false
RV000248,PR000540,CL00383,4,Delivered on time and exceeded expectations.,2020-07-01,35,false
RV000249,PR001149,CL00192,3,Communication was poor.,2023-07-30,10,1
RV000250,PR000338,CL00965,1,Quality was below expectations.,2020-12-20,8,false
RV000251,PR000572,CL00735,3,Communication was poor.,2021-09-09,29,false
RV000252,PR000579,CL00920,1,Communication was poor.,2022-01-26,48,true
RV000253,PR000985,CL00303,5,Very professional and skilled.,2021-08-07,50,True
RV000253,PR000985,CL00303,5,Very professional and skilled.,2021-08-07,50,True
RV000254,PR001173,CL00629,3,Quality was below expectations.,2022-01-19,40,True
RV000255,PR000260,CL00482,5,,2022-05-16,49,1
RV000256,PR000004,CL00582,3,Not as described in the proposal.,2023-01-18,14,true
RV000257,PR000718,CL00210,2,Had to redo parts of the work.,2024-09-26,32,false
RV000258,PR000444,CL00665,2,Had to redo parts of the work.,2023-09-24,50,true
RV000259,PR000043,CL00127,2,Missed the deadline significantly.,2024-04-16,11,0
RV000260,PR001047,CL00999,3,Had to redo parts of the work.,2021-11-20,,True
RV000261,PR000058,CL00739,,Delivered on time and exceeded expectations.,2022-06-30,13,false
RV000262,PR000523,CL00464,2,Had to redo parts of the work.,2021-02-22,3,false
RV000263,PR001052,CL00530,2,Quality was below expectations.,2022-11-21,41,1
RV000264,PR000400,CL00284,1,Not as described in the proposal.,2023-04-30,14,true
RV000265,PR001165,CL00761,2,Communication was poor.,2022-08-28,38,true
RV000266,PR000582,CL00981,5,Outstanding quality and fast turnaround.,2024-07-27,13,0
RV000267,PR000467,CL00507,2,Missed the deadline significantly.,2024-01-05,27,false
RV000268,,CL00045,1,Communication was poor.,2024-11-29,49,1
RV000269,PR000951,CL00129,1,Missed the deadline significantly.,2022-05-20,50,True
RV000270,PR000006,CL00393,2,Not as described in the proposal.,2023-03-13,36,0
RV000271,PR001020,CL00405,4,Very professional and skilled.,2024-10-04,5,true
RV000272,PR000533,CL00880,2,Had to redo parts of the work.,2023-06-09,46,0
RV000273,PR000549,CL00385,1,Not as described in the proposal.,2023-09-29,48,false
RV000274,,CL00589,5,Delivered on time and exceeded expectations.,2021-12-22,28,True
RV000275,PR000923,CL00541,2,Missed the deadline significantly.,2024-02-24,7,False
RV000276,PR000243,CL00445,2,Had to redo parts of the work.,2020-12-01,6,0
RV000277,PR000880,CL00413,1,Missed the deadline significantly.,2023-11-21,46,0
RV000278,PR000558,CL00402,1,Had to redo parts of the work.,2020-06-03,29,0
RV000279,PR000809,CL00603,4,Excellent communication throughout.,2021-06-30,3,false
RV000280,PR000044,CL00627,2,Had to redo parts of the work.,2021-10-08,11,0
RV000281,PR000048,CL00343,1,Had to redo parts of the work.,2022-07-09,,False
RV000282,PR000607,CL00727,5,Very professional and skilled.,2020-06-01,12,1
RV000283,PR000774,CL00863,1,Had to redo parts of the work.,2023-02-06,14,false
RV000284,PR001181,CL00861,1,Had to redo parts of the work.,2021-01-31,27,True
RV000285,PR000584,CL00397,1,Communication was poor.,2023-08-07,4,False
RV000286,PR001048,CL00555,5,Very professional and skilled.,2024-03-03,34,1
RV000287,PR000444,CL00759,5,Delivered on time and exceeded expectations.,2022-09-04,16,False
RV000288,PR000480,CL00067,6,Excellent communication throughout.,2023-08-12,,False
RV000289,PR000443,CL00068,2,Not as described in the proposal.,2024-06-28,,False
RV000290,PR000374,CL00658,4,"Great work, highly recommend!",2022-02-22,28,true
RV000291,PR000571,CL00222,2,Not as described in the proposal.,2024-02-20,15,1
RV000292,PR000457,CL00525,5,Very professional and skilled.,2020-10-07,,false
RV000293,PR000623,CL00062,3,Not as described in the proposal.,2021-12-29,6,False
RV000294,PR000319,CL00721,5,,2020-12-08,10,1
RV000295,PR000044,CL00433,4,Excellent communication throughout.,2024-03-20,5,0
RV000296,PR000797,CL00156,4,"Great work, highly recommend!",2024-09-02,,True
RV000297,PR001063,CL00695,,Had to redo parts of the work.,2023-07-11,43,0
RV000298,PR000992,CL00203,1,,2020-08-08,26,true
RV000299,PR000892,CL00312,2,Communication was poor.,2024-04-06,6,1
RV000300,PR000710,CL00078,2,,,25,true
RV000301,PR000275,CL00779,4,Would hire again without hesitation.,2024-08-18,43,1
RV000302,PR000739,CL00263,3,Quality was below expectations.,2021-07-12,0,true
RV000303,PR000695,CL00689,5,"Great work, highly recommend!",2021-12-19,34,true
RV000304,PR000509,CL00517,2,Quality was below expectations.,2023-01-20,20,true
RV000305,PR000452,CL00099,2,Had to redo parts of the work.,2021-10-28,27,false
RV000306,,CL00431,2,Communication was poor.,2022-07-06,46,true
RV000307,PR000350,CL00696,3,Quality was below expectations.,2020-08-25,22,0
RV000308,PR000388,CL00898,4,Excellent communication throughout.,2020-07-18,29,false
RV000308,PR000388,CL00898,4,Excellent communication throughout.,2020-07-18,29,false
RV000309,PR000124,CL00140,5,Outstanding quality and fast turnaround.,2021-02-28,26,true
RV000310,PR000131,CL00461,2,Quality was below expectations.,2021-03-05,49,true
RV000311,PR000909,CL00715,3,Had to redo parts of the work.,2024-08-29,31,false
RV000312,PR001101,CL00707,5,Would hire again without hesitation.,2020-08-03,37,True
RV000313,PR000308,CL00400,2,Communication was poor.,2024-02-10,48,false
RV000314,PR000591,CL00393,2,Missed the deadline significantly.,2023-12-05,42,true
RV000315,PR000526,CL00752,2,Missed the deadline significantly.,2023-09-18,35,false
RV000316,PR000886,CL00349,2,Not as described in the proposal.,2023-10-23,46,False
RV000317,PR000299,CL00314,5,Excellent communication throughout.,2024-07-06,50,True
RV000318,PR000391,CL00667,3,Quality was below expectations.,2022-07-12,2,false
RV000319,PR000151,CL00560,3,Missed the deadline significantly.,2021-05-11,35,1
RV000320,PR000064,CL00290,1,Quality was below expectations.,2020-06-08,1,false
RV000321,PR001040,CL00268,5,Very professional and skilled.,2024-02-17,7,False
RV000322,PR001013,CL00801,4,"Great work, highly recommend!",2021-08-10,4,1
RV000323,PR000624,CL00790,3,Had to redo parts of the work.,2024-05-01,49,0
RV000324,PR000362,CL00034,1,Had to redo parts of the work.,2023-07-14,10,0
RV000325,PR000468,CL00709,2,Quality was below expectations.,2022-08-01,43,False
RV000326,PR001081,CL00251,1,Communication was poor.,2022-02-22,35,True
RV000327,PR000342,CL00120,7,Very professional and skilled.,2020-07-20,25,1
RV000328,,CL00921,1,Quality was below expectations.,2020-08-27,4,0
RV000329,PR000400,CL00460,1,Not as described in the proposal.,2020-11-01,35,True
RV000330,PR000639,CL00085,8,Very professional and skilled.,,29,false
RV000331,,CL00754,5,Outstanding quality and fast turnaround.,2023-07-05,22,False
RV000332,PR000230,CL00998,2,Not as described in the proposal.,2022-10-11,7,True
RV000333,PR000744,CL00674,3,Had to redo parts of the work.,2020-12-23,37,False
RV000334,PR000001,CL00347,1,Had to redo parts of the work.,2023-12-29,15,False
RV000335,PR000462,CL00206,5,Excellent communication throughout.,2022-06-12,1,True
RV000336,PR000612,CL00370,,Had to redo parts of the work.,2024-03-28,41,false
RV000337,PR000037,CL00380,3,Communication was poor.,2024-09-21,47,False
RV000338,PR001029,CL00174,,Excellent communication throughout.,2020-07-14,33,1
RV000338,PR001029,CL00174,,Excellent communication throughout.,2020-07-14,33,1
RV000339,PR000033,CL00034,1,Not as described in the proposal.,2023-02-22,24,false
RV000340,PR000726,CL00401,3,Not as described in the proposal.,2022-08-31,18,0
RV000341,PR000884,CL00572,5,Delivered on time and exceeded expectations.,,0,1
RV000342,PR000165,CL00348,2,Communication was poor.,2022-07-26,18,0
RV000343,PR000961,CL00346,5,Excellent communication throughout.,2022-11-14,,1
RV000344,PR000102,CL00737,5,Delivered on time and exceeded expectations.,2020-07-08,27,true
RV000345,PR000920,CL00645,5,Would hire again without hesitation.,,33,true
RV000346,PR001069,CL00043,4,"Great work, highly recommend!",2024-02-22,7,false
RV000346,PR001069,CL00043,4,"Great work, highly recommend!",2024-02-22,7,false
RV000347,PR000356,CL00208,3,Communication was poor.,2022-03-24,28,False
RV000348,PR001180,CL00696,,Had to redo parts of the work.,2023-03-05,22,true
RV000349,PR001134,CL00774,2,Not as described in the proposal.,2023-11-09,,1
RV000350,PR001199,CL00140,3,Had to redo parts of the work.,2022-11-06,17,false
RV000351,PR000950,CL00921,,Communication was poor.,2022-07-24,43,true
RV000352,PR001175,CL00016,2,Quality was below expectations.,2022-05-31,,1
RV000353,PR000686,CL00693,1,Communication was poor.,2021-10-27,15,0
RV000354,PR001110,CL00781,3,Not as described in the proposal.,2023-07-31,,true
RV000355,PR000421,CL00995,1,Missed the deadline significantly.,2022-04-25,34,True
RV000356,PR001080,CL00487,1,Quality was below expectations.,2024-07-20,4,0
RV000357,PR000036,CL00036,4,Excellent communication throughout.,2020-12-25,48,0
RV000358,PR000894,CL00466,1,Not as described in the proposal.,2022-02-24,15,0
RV000359,PR000651,CL00623,3,Not as described in the proposal.,2022-09-25,24,false
RV000360,PR000975,CL00044,3,Not as described in the proposal.,2021-09-11,42,true
RV000361,PR000658,CL00240,1,,2021-11-26,33,False
RV000362,PR001183,CL00561,4,Very professional and skilled.,,22,0
RV000363,PR000212,CL00191,1,Quality was below expectations.,2021-04-24,46,false
RV000364,PR000093,CL00198,1,Had to redo parts of the work.,2023-05-13,27,False
RV000365,PR000134,CL00919,3,Communication was poor.,2023-01-01,30,False
RV000366,PR000640,CL00428,3,Quality was below expectations.,2022-05-16,6,1
RV000367,PR000361,CL00020,,Not as described in the proposal.,2023-01-26,17,False
RV000368,PR000611,CL00912,3,Had to redo parts of the work.,,33,0
RV000369,PR000542,CL00770,5,Excellent communication throughout.,2024-04-01,45,1
RV000370,PR000886,CL00035,2,Had to redo parts of the work.,2021-11-20,27,True
RV000371,PR000400,CL00933,5,Outstanding quality and fast turnaround.,2020-11-22,47,true
RV000372,PR000470,CL00284,10,Very professional and skilled.,2024-10-30,26,False
RV000373,PR000405,CL00209,4,Very professional and skilled.,2023-07-12,44,false
RV000374,PR001144,CL00213,1,Not as described in the proposal.,2022-06-16,2,True
RV000375,PR000997,CL00516,1,Had to redo parts of the work.,2024-01-26,29,False
RV000376,PR000635,CL00936,1,Not as described in the proposal.,2023-01-23,21,False
RV000377,PR000855,CL00686,1,Quality was below expectations.,2021-05-22,34,0
RV000378,PR000119,CL00459,2,Communication was poor.,2024-11-10,22,true
RV000379,PR000864,CL00795,2,Communication was poor.,2021-10-11,26,0
RV000380,PR000885,CL00838,2,Missed the deadline significantly.,2021-09-17,36,false
RV000381,PR000174,CL00001,1,Quality was below expectations.,,35,false
RV000382,PR001124,CL00220,5,Would hire again without hesitation.,2022-04-07,4,False
RV000383,,CL00426,4,Outstanding quality and fast turnaround.,2022-09-13,40,False
RV000384,PR001166,CL00486,1,Not as described in the proposal.,2022-10-22,41,false
RV000385,PR000500,CL00381,4,Would hire again without hesitation.,2024-07-28,14,false
RV000386,PR001016,CL00625,3,Quality was below expectations.,2023-07-28,34,1
RV000387,PR000393,CL00926,3,Had to redo parts of the work.,,8,true
RV000387,PR000393,CL00926,3,Had to redo parts of the work.,,8,true
RV000388,PR000720,CL00160,4,Would hire again without hesitation.,2023-03-14,21,1
RV000389,,CL00240,1,Quality was below expectations.,2024-06-21,0,1
RV000390,PR000064,CL00161,4,Would hire again without hesitation.,2021-11-06,32,true
RV000391,PR000247,CL00630,9,"Great work, highly recommend!",2024-10-08,46,False
RV000392,PR000424,CL00034,2,Communication was poor.,2021-02-17,11,True
RV000393,PR000827,CL00309,3,Quality was below expectations.,2022-06-18,0,0
RV000394,PR000007,CL00346,4,Would hire again without hesitation.,2020-09-30,48,true
RV000395,PR001172,CL00389,1,Missed the deadline significantly.,2024-08-07,12,false
RV000396,PR000043,CL00384,2,Not as described in the proposal.,2022-01-22,5,False
RV000397,PR000793,CL00868,4,"Great work, highly recommend!",2022-04-04,12,False
RV000398,PR000764,CL00645,5,Very professional and skilled.,2023-06-25,24,1
RV000399,PR000237,CL00296,3,Quality was below expectations.,2023-04-26,14,1
RV000400,PR000684,CL00901,4,"Great work, highly recommend!",2021-02-03,10,1
RV000401,PR000046,CL00963,3,Quality was below expectations.,2022-01-24,45,false
RV000402,PR000063,CL00397,4,Would hire again without hesitation.,2021-06-15,,0
RV000403,PR000859,CL00076,5,"Great work, highly recommend!",2021-07-11,15,false
RV000404,PR000778,CL00673,5,Delivered on time and exceeded expectations.,2022-06-10,8,1
RV000405,PR000447,CL00337,5,"Great work, highly recommend!",2022-10-12,1,true
RV000406,PR000049,CL00705,5,Would hire again without hesitation.,2024-05-14,33,1
RV000407,PR001171,CL00397,1,Not as described in the proposal.,2021-09-26,32,1
RV000408,PR000017,CL00579,4,Excellent communication throughout.,2023-04-28,44,1
RV000409,PR000585,CL00478,3,Had to redo parts of the work.,2024-11-04,19,0
RV000410,PR001149,CL00472,1,Had to redo parts of the work.,2023-10-16,3,True
RV000411,PR000504,CL00245,3,Not as described in the proposal.,2022-07-22,1,false
RV000412,PR000236,CL00382,1,Missed the deadline significantly.,2023-07-22,30,True
RV000413,PR000442,CL00331,5,Would hire again without hesitation.,2023-12-08,30,true
RV000414,PR000808,CL00797,1,Quality was below expectations.,2024-09-10,46,1
RV000415,PR000827,CL00213,2,Missed the deadline significantly.,2024-09-15,9,false
RV000416,PR001057,CL00407,1,Not as described in the proposal.,2023-11-02,1,False
RV000417,PR000551,CL00666,2,Missed the deadline significantly.,2021-11-08,24,1
RV000418,PR000157,CL00261,5,"Great work, highly recommend!",2023-11-14,50,False
RV000419,,CL00649,4,Would hire again without hesitation.,2022-03-21,,True
RV000420,PR000448,CL00015,3,Missed the deadline significantly.,2021-02-28,40,1
RV000421,PR000298,CL00096,5,Very professional and skilled.,2022-10-03,46,1
RV000422,PR000405,CL00447,2,Quality was below expectations.,,35,true
RV000423,PR000775,CL00936,2,Had to redo parts of the work.,2023-08-23,0,1
RV000424,PR000998,CL00847,2,Had to redo parts of the work.,2023-12-30,23,0
RV000425,PR000127,CL00422,5,Excellent communication throughout.,2021-12-27,3,1
RV000426,PR001051,CL00308,5,Delivered on time and exceeded expectations.,2023-10-16,40,False
RV000427,PR000881,CL00826,5,,2024-02-29,32,False
RV000428,PR001038,CL00075,4,"Great work, highly recommend!",2024-11-15,17,1
RV000429,PR000650,CL00054,10,Excellent communication throughout.,2021-03-11,26,True
RV000430,PR000823,CL00970,4,Would hire again without hesitation.,2021-01-09,40,true
RV000431,PR000003,CL00317,3,Communication was poor.,2023-06-01,48,True
RV000432,PR000521,CL00799,1,Missed the deadline significantly.,2023-09-10,3,1
RV000433,PR000031,CL00028,3,Communication was poor.,2024-04-02,48,False
RV000434,PR000326,CL00698,2,Communication was poor.,2020-07-22,46,False
RV000435,PR000618,CL00751,3,Quality was below expectations.,2022-07-28,14,1
RV000436,PR000593,CL00082,1,Communication was poor.,2023-08-29,35,False
RV000437,PR001085,CL00349,1,Not as described in the proposal.,2024-03-22,28,True
RV000438,PR000146,CL00647,5,Outstanding quality and fast turnaround.,2022-11-03,25,0
RV000439,PR000037,CL00162,3,Had to redo parts of the work.,2022-05-01,0,False
RV000440,PR001095,CL00463,5,,2022-12-03,2,True
RV000441,PR000260,CL00934,,Excellent communication throughout.,2024-11-11,1,true
RV000442,PR000515,CL00043,4,Excellent communication throughout.,2021-06-25,49,0
RV000443,PR000208,CL00767,1,Quality was below expectations.,2023-06-14,12,false
RV000444,PR000148,CL00129,5,Outstanding quality and fast turnaround.,2023-12-13,25,false
RV000445,PR000136,CL00355,4,Excellent communication throughout.,2024-04-23,44,1
RV000446,PR000395,CL00082,6,Delivered on time and exceeded expectations.,2020-11-02,10,True
RV000447,PR001009,CL00275,4,,2022-07-14,18,0
RV000448,PR000815,CL00308,2,Communication was poor.,2021-02-23,2,false
RV000449,PR000931,CL00542,2,Missed the deadline significantly.,2023-03-04,34,True
RV000450,PR000053,CL00967,3,Missed the deadline significantly.,2023-01-21,29,true
RV000451,PR000556,CL00645,4,Very professional and skilled.,2024-07-25,14,False
RV000452,PR000945,CL00746,3,Not as described in the proposal.,2023-12-19,1,1
RV000453,PR001196,CL00495,2,Had to redo parts of the work.,2024-07-30,13,1
RV000453,PR001196,CL00495,2,Had to redo parts of the work.,2024-07-30,13,1
RV000454,PR000647,CL00026,2,Quality was below expectations.,,29,True
RV000454,PR000647,CL00026,2,Quality was below expectations.,,29,True
RV000455,PR000805,CL00458,4,Would hire again without hesitation.,2022-05-17,18,True
RV000456,PR000432,CL00875,3,Quality was below expectations.,2020-11-13,22,True
RV000457,PR000359,CL00030,2,Communication was poor.,2024-04-04,40,True
RV000458,PR001056,CL00377,1,Quality was below expectations.,2021-01-06,20,false
RV000459,PR000260,CL00415,2,,2022-11-29,6,0
RV000460,PR000852,CL00342,2,Quality was below expectations.,2022-06-23,28,True
RV000461,PR000014,CL00444,5,Excellent communication throughout.,2022-09-19,30,true
RV000462,PR000637,CL00478,5,Delivered on time and exceeded expectations.,2022-04-19,28,1
RV000463,PR001167,CL00772,4,Excellent communication throughout.,2024-06-09,40,True
RV000464,PR000330,CL00849,,Missed the deadline significantly.,2024-02-05,22,True
RV000465,PR000158,CL00390,1,Quality was below expectations.,2023-11-24,3,false
RV000466,PR000310,CL00094,5,Would hire again without hesitation.,2022-10-06,22,0
RV000467,PR000472,CL00403,5,Outstanding quality and fast turnaround.,2024-10-02,43,True
RV000468,PR001122,CL00713,5,Outstanding quality and fast turnaround.,2020-11-26,,1
RV000469,PR000720,CL00205,5,Very professional and skilled.,2021-08-16,27,0
RV000470,PR001070,CL00990,5,Delivered on time and exceeded expectations.,2023-12-11,44,0
RV000471,PR000794,CL00248,,Very professional and skilled.,2023-03-03,38,False
RV000472,,CL00737,5,Excellent communication throughout.,2023-02-15,43,0
RV000473,PR001140,CL00387,3,Quality was below expectations.,2023-05-14,11,True
RV000474,PR001148,CL00008,4,Very professional and skilled.,2022-09-03,47,false
RV000475,PR000373,CL00626,2,Missed the deadline significantly.,2022-02-12,11,true
RV000476,PR000214,CL00336,2,Communication was poor.,,1,false
RV000477,PR000682,CL00320,1,Missed the deadline significantly.,2023-02-18,42,False
RV000478,PR000096,CL00294,2,Quality was below expectations.,2021-07-08,23,1
RV000479,PR000793,CL00317,2,Communication was poor.,2022-06-17,6,True
RV000480,PR001186,CL00690,1,Not as described in the proposal.,2024-01-31,43,0
RV000481,PR001182,CL00289,2,Missed the deadline significantly.,2022-03-04,8,True
RV000482,PR000907,CL00514,1,Not as described in the proposal.,,37,false
RV000483,PR000999,CL00003,3,,2020-06-29,48,0
RV000484,PR001160,CL00620,4,Would hire again without hesitation.,2021-11-18,2,1
RV000485,PR000862,CL00569,2,Missed the deadline significantly.,2022-09-30,15,false
RV000486,PR000366,CL00374,1,,2020-06-28,33,1
RV000486,PR000366,CL00374,1,,2020-06-28,33,1
RV000487,PR000507,CL00158,8,Would hire again without hesitation.,2021-07-05,40,0
RV000488,PR000317,CL00063,2,Had to redo parts of the work.,2020-06-21,10,False
RV000489,PR000958,CL00276,4,Outstanding quality and fast turnaround.,2021-05-09,37,True
RV000490,PR000260,CL00852,2,Quality was below expectations.,2023-11-22,26,1
RV000491,PR000487,CL00206,2,Not as described in the proposal.,2024-05-11,41,true
RV000492,PR000182,CL00236,2,Not as described in the proposal.,2024-09-27,29,False
RV000493,PR000453,CL00624,2,Not as described in the proposal.,,20,1
RV000494,PR000426,CL00279,7,"Great work, highly recommend!",2023-09-16,43,1
RV000495,PR000878,CL00668,,Not as described in the proposal.,2023-12-07,46,true
RV000496,PR000540,CL00631,1,Quality was below expectations.,2020-10-24,21,true
RV000497,PR000991,CL00591,3,Not as described in the proposal.,2020-08-27,33,true
RV000498,PR000046,CL00022,4,Outstanding quality and fast turnaround.,,29,True
RV000499,PR001020,CL00330,2,Not as described in the proposal.,2024-09-09,22,0
RV000500,PR000864,CL00615,5,,2021-12-02,41,False
RV000501,PR000779,CL00636,3,Had to redo parts of the work.,2024-05-12,0,true
RV000502,PR000082,CL00276,4,,2021-03-12,30,False
RV000503,PR001091,CL00976,3,,2022-12-26,13,False
RV000504,PR000061,CL00038,1,Quality was below expectations.,2024-10-24,29,0
RV000505,PR000030,CL00161,2,Not as described in the proposal.,2020-09-02,22,False
RV000506,PR000887,CL00388,2,Communication was poor.,2023-03-24,21,1
RV000507,PR000787,CL00437,3,Not as described in the proposal.,2020-07-21,10,true
RV000508,PR001045,CL00180,2,Communication was poor.,2020-09-01,15,false
RV000509,PR000716,CL00521,3,Communication was poor.,2023-12-24,44,true
RV000510,PR000790,CL00618,2,Missed the deadline significantly.,2023-02-13,37,True
RV000511,PR000903,CL00334,3,Not as described in the proposal.,2024-02-02,6,False
RV000512,PR000311,CL00868,5,"Great work, highly recommend!",2024-02-28,0,0
RV000513,PR000905,CL00199,4,Would hire again without hesitation.,2022-01-25,0,1
RV000514,PR000318,CL00588,3,Not as described in the proposal.,2021-09-01,40,false
RV000515,PR001059,CL00084,2,Not as described in the proposal.,2024-06-04,29,0
RV000516,PR000115,CL00425,2,Missed the deadline significantly.,2020-11-14,28,0
RV000517,PR000057,CL00430,,Had to redo parts of the work.,2024-02-19,8,1
RV000518,PR000619,CL00992,5,Excellent communication throughout.,2022-06-23,6,false
RV000519,PR000466,CL00215,10,Outstanding quality and fast turnaround.,2021-10-09,37,True
RV000520,PR000484,CL00177,3,Not as described in the proposal.,2022-04-03,47,true
RV000521,PR001024,CL00184,1,Quality was below expectations.,2024-09-16,50,False
RV000522,PR000844,CL00211,4,"Great work, highly recommend!",2024-05-06,47,false
RV000522,PR000844,CL00211,4,"Great work, highly recommend!",2024-05-06,47,false
RV000523,PR000993,CL00287,3,,2021-12-13,47,False
RV000524,PR000751,CL00184,1,Had to redo parts of the work.,,10,True
RV000525,PR000181,CL00098,2,Had to redo parts of the work.,2022-05-20,,0
RV000526,PR000639,CL00905,2,Quality was below expectations.,2022-08-05,41,False
RV000527,PR000655,CL00243,,Missed the deadline significantly.,2024-12-01,14,True
RV000528,PR001088,CL00650,2,Not as described in the proposal.,2023-01-26,48,1
RV000529,PR000462,CL00522,3,Not as described in the proposal.,2022-06-03,35,False
RV000530,PR000899,CL00045,4,Very professional and skilled.,2023-09-01,13,False
RV000531,PR000007,CL00001,2,Communication was poor.,2022-09-10,,false
RV000532,PR000032,CL00529,4,Outstanding quality and fast turnaround.,,25,false
RV000533,PR001018,CL00297,2,Missed the deadline significantly.,2021-05-02,15,1
RV000534,PR000077,CL00104,5,Delivered on time and exceeded expectations.,2023-01-18,5,True
RV000535,PR000302,CL00137,2,Not as described in the proposal.,2023-06-27,48,True
RV000536,PR000270,CL00268,3,Communication was poor.,2022-02-01,9,False
RV000537,PR000115,CL00540,6,Outstanding quality and fast turnaround.,2021-06-26,16,true
RV000538,PR001001,CL00166,2,Missed the deadline significantly.,2022-04-19,31,False
RV000539,PR001064,CL00058,4,Would hire again without hesitation.,2024-11-25,29,true
RV000540,PR000142,CL00658,1,Had to redo parts of the work.,2023-07-06,15,False
RV000541,PR000385,CL00742,3,,2022-10-15,49,False
RV000542,PR000597,CL00482,5,Delivered on time and exceeded expectations.,2024-03-01,47,true
RV000543,PR001030,CL00164,3,Not as described in the proposal.,2022-11-03,12,True
RV000544,PR000667,CL00029,2,Missed the deadline significantly.,2021-08-20,45,True
RV000545,PR000197,CL00347,3,Quality was below expectations.,2020-10-31,23,0
RV000546,PR001162,CL00036,2,Not as described in the proposal.,2024-04-29,12,false
RV000547,PR000722,CL00745,3,Quality was below expectations.,2023-07-08,28,1
RV000548,PR000164,CL00781,,Excellent communication throughout.,2020-07-15,30,true
RV000549,PR000380,CL00759,4,"Great work, highly recommend!",2021-02-20,35,True
RV000550,PR000622,CL00292,3,Communication was poor.,2022-08-16,39,1
RV000551,PR000752,CL00654,4,Outstanding quality and fast turnaround.,2022-06-14,29,0
RV000551,PR000752,CL00654,4,Outstanding quality and fast turnaround.,2022-06-14,29,0
RV000552,PR000354,CL00823,2,Communication was poor.,2024-03-19,6,0
RV000553,PR000754,CL00074,4,Very professional and skilled.,2021-05-31,41,0
RV000554,PR000544,CL00496,,Communication was poor.,2023-08-09,18,true
RV000555,PR000320,CL00751,8,Outstanding quality and fast turnaround.,2021-12-07,14,True
RV000556,PR000426,CL00729,3,Missed the deadline significantly.,2021-04-02,21,false
RV000557,PR000062,CL00971,3,Quality was below expectations.,2021-10-07,10,false
RV000558,PR000910,CL00449,5,Excellent communication throughout.,2023-01-06,32,False
RV000559,,CL00071,1,Communication was poor.,2024-07-14,18,True
RV000560,PR000609,CL00494,1,Missed the deadline significantly.,,16,True
RV000561,PR000127,CL00861,2,Quality was below expectations.,2024-04-09,18,False
RV000561,PR000127,CL00861,2,Quality was below expectations.,2024-04-09,18,False
RV000562,PR000849,CL00061,3,Communication was poor.,2020-11-23,13,true
RV000563,PR000020,CL00467,3,,2024-06-30,49,true
RV000564,PR000548,CL00074,5,,2021-09-10,17,false
RV000565,PR000320,CL00108,2,Missed the deadline significantly.,2023-06-11,27,0
RV000566,PR000198,CL00115,,Had to redo parts of the work.,2023-11-15,0,0
RV000567,PR000383,CL00716,,Missed the deadline significantly.,2021-08-16,0,true
RV000568,PR001118,CL00766,3,Not as described in the proposal.,2022-03-20,46,0
RV000569,PR000263,CL00102,2,Not as described in the proposal.,2021-09-24,39,True
RV000570,PR000202,CL00831,3,Missed the deadline significantly.,2024-09-30,46,false
RV000571,PR000227,CL00866,5,Would hire again without hesitation.,2021-03-05,19,true
RV000572,PR000527,CL00306,3,Quality was below expectations.,2021-11-25,16,false
RV000573,PR000888,CL00562,4,Excellent communication throughout.,2022-11-13,49,0
RV000574,,CL00437,3,Not as described in the proposal.,2021-06-23,24,1
RV000575,PR001011,CL00516,7,Excellent communication throughout.,2021-10-28,44,False
RV000576,PR000199,CL00576,4,Very professional and skilled.,2023-08-25,45,False
RV000576,PR000199,CL00576,4,Very professional and skilled.,2023-08-25,45,False
RV000577,PR000914,CL00334,2,Had to redo parts of the work.,2023-09-21,,0
RV000578,PR000858,CL00090,4,,2024-10-07,43,True
RV000579,PR000370,CL00222,4,,2022-08-10,14,False
RV000580,PR001195,CL00720,3,Had to redo parts of the work.,,45,True
RV000581,PR000055,CL00055,3,,2020-09-08,11,0
RV000582,PR001035,CL00951,3,Not as described in the proposal.,2022-06-30,18,False
RV000583,,CL00185,1,Not as described in the proposal.,2022-07-02,2,True
RV000584,PR001034,CL00216,3,Not as described in the proposal.,,8,True
RV000585,PR000572,CL00446,1,Missed the deadline significantly.,2021-01-30,31,False
RV000586,PR000216,CL00681,4,Would hire again without hesitation.,2022-05-27,45,1
RV000587,PR000406,CL00299,1,Communication was poor.,2021-08-11,30,False
RV000588,PR000666,CL00716,3,Quality was below expectations.,2021-10-22,8,1
RV000589,PR000117,CL00027,1,Missed the deadline significantly.,2024-09-09,15,True
RV000590,PR000491,CL00612,1,,2024-09-21,31,1
RV000591,PR000725,CL00019,4,Excellent communication throughout.,2022-08-26,,False
RV000592,PR000592,CL00982,4,Delivered on time and exceeded expectations.,2024-06-09,44,false
RV000593,PR000215,CL00878,8,Very professional and skilled.,,11,true
RV000594,PR000845,CL00094,3,Had to redo parts of the work.,2023-09-11,25,1
RV000595,PR000445,CL00361,5,"Great work, highly recommend!",2022-12-09,11,true
RV000596,PR000841,CL00750,3,Had to redo parts of the work.,2022-02-12,24,0
RV000597,PR000127,CL00756,4,Very professional and skilled.,2022-04-27,6,False
RV000598,PR000369,CL00955,1,Not as described in the proposal.,2020-06-27,21,False
RV000599,PR000161,CL00437,2,Not as described in the proposal.,2021-01-15,,True
RV000600,PR000875,CL00694,5,Outstanding quality and fast turnaround.,2023-11-26,26,False
RV000601,PR000448,CL00939,,Communication was poor.,2021-10-27,1,1
RV000602,PR000397,CL00972,2,Missed the deadline significantly.,2024-08-07,16,1
RV000603,PR000090,CL00231,4,Delivered on time and exceeded expectations.,2024-11-12,22,False
RV000603,PR000090,CL00231,4,Delivered on time and exceeded expectations.,2024-11-12,22,False
RV000604,PR000035,CL00633,,Would hire again without hesitation.,2024-11-21,33,True
RV000605,PR000128,CL00284,2,,2021-10-02,9,0
RV000606,PR000711,CL00798,1,Communication was poor.,2023-04-07,48,true
RV000607,PR000717,CL00137,,Excellent communication throughout.,2021-08-30,3,True
RV000608,,CL00796,3,Communication was poor.,2022-04-16,40,false
RV000609,PR000451,CL00399,4,Excellent communication throughout.,2021-08-02,5,True
RV000610,PR000459,CL00066,3,Quality was below expectations.,2022-11-12,16,false
RV000611,PR000701,CL00698,5,Delivered on time and exceeded expectations.,2021-04-28,24,false
RV000612,PR001009,CL00027,1,,2023-10-03,37,false
RV000613,PR000415,CL00437,3,Quality was below expectations.,2023-10-13,35,false
RV000614,PR000534,CL00483,7,"Great work, highly recommend!",2022-01-31,28,True
RV000615,PR001089,CL00817,2,Communication was poor.,2022-10-05,14,false
RV000616,PR000796,CL00691,3,,2024-09-07,37,1
RV000617,PR001173,CL00338,4,Outstanding quality and fast turnaround.,2022-06-10,11,1
RV000618,PR000069,CL00367,3,Quality was below expectations.,2023-03-11,49,True
RV000619,PR001152,CL00895,4,"Great work, highly recommend!",2022-07-29,15,true
RV000620,PR000301,CL00898,5,Delivered on time and exceeded expectations.,2022-12-11,41,False
RV000620,PR000301,CL00898,5,Delivered on time and exceeded expectations.,2022-12-11,41,False
RV000621,PR001194,CL00326,4,Delivered on time and exceeded expectations.,2024-06-08,3,true
RV000622,PR001097,CL00538,3,Not as described in the proposal.,2024-05-02,35,True
RV000623,PR000925,CL00170,3,Missed the deadline significantly.,2024-02-06,28,False
RV000624,PR001100,CL00414,4,Delivered on time and exceeded expectations.,2021-02-07,30,False
RV000625,PR001015,CL00221,3,Missed the deadline significantly.,2020-07-12,26,0
RV000626,PR000348,CL00536,4,Very professional and skilled.,2023-11-17,25,0
RV000627,PR000284,CL00646,4,Very professional and skilled.,2023-08-11,35,True
RV000628,PR000934,CL00532,4,Would hire again without hesitation.,2020-12-06,29,0
RV000629,PR000647,CL00027,5,"Great work, highly recommend!",2023-03-27,28,true
RV000630,PR000586,CL00323,1,Quality was below expectations.,2020-10-13,35,1
RV000631,PR000911,CL00027,5,Very professional and skilled.,2020-06-04,38,True
RV000632,PR000802,CL00202,3,Quality was below expectations.,2022-03-03,0,true
RV000633,PR000359,CL00346,1,Had to redo parts of the work.,2020-08-07,38,1
RV000634,PR000734,CL00098,4,Excellent communication throughout.,2023-01-22,42,true
RV000635,PR000383,CL00338,3,Quality was below expectations.,2024-11-28,30,1
RV000636,PR000472,CL00873,4,Excellent communication throughout.,2021-09-25,37,True
RV000637,PR000827,CL00423,2,Not as described in the proposal.,2024-08-18,1,0
RV000638,PR000563,CL00625,5,"Great work, highly recommend!",2022-01-25,11,true
RV000639,PR000699,CL00922,5,Outstanding quality and fast turnaround.,2024-02-20,30,True
RV000640,PR000038,CL00518,2,Not as described in the proposal.,2024-06-21,2,True
RV000641,PR000753,CL00081,3,Missed the deadline significantly.,2023-03-01,24,False
RV000642,PR000064,CL00277,8,"Great work, highly recommend!",2024-03-29,49,true
RV000643,PR000493,CL00191,3,Missed the deadline significantly.,2023-03-08,22,true
RV000644,PR000267,CL00111,4,Would hire again without hesitation.,2023-10-03,3,True
RV000645,PR000600,CL00583,4,Excellent communication throughout.,2022-03-12,19,False
RV000646,PR000052,CL00533,,Communication was poor.,2020-10-31,42,0
RV000647,PR000789,CL00865,5,Would hire again without hesitation.,2022-02-04,,1
RV000648,PR000239,CL00998,3,Quality was below expectations.,2021-07-18,22,0
RV000649,PR000632,CL00576,5,Would hire again without hesitation.,,19,false
RV000650,PR000844,CL00100,3,Quality was below expectations.,2022-03-23,,true
RV000651,PR000923,CL00656,3,Not as described in the proposal.,2020-12-22,0,0
RV000652,PR000151,CL00028,4,Excellent communication throughout.,2023-03-17,32,true
RV000653,PR000776,CL00194,1,Missed the deadline significantly.,,50,0
RV000654,PR000293,CL00527,5,Would hire again without hesitation.,2023-12-22,,false
RV000655,PR000170,CL00420,3,Not as described in the proposal.,2023-07-06,44,true
RV000656,PR001129,CL00741,2,Missed the deadline significantly.,2021-11-07,0,0
RV000657,PR000207,CL00035,,Would hire again without hesitation.,2020-11-01,19,True
RV000658,PR000277,CL00009,3,Communication was poor.,2023-04-03,20,0
RV000659,PR000300,CL00276,3,Not as described in the proposal.,2022-11-01,3,True
RV000660,PR000265,CL00509,2,Missed the deadline significantly.,2023-09-19,19,False
RV000661,PR000078,CL00694,3,,2024-08-29,50,0
RV000662,PR001058,CL00169,1,Missed the deadline significantly.,2020-06-04,29,false
RV000663,PR000756,CL00252,4,Outstanding quality and fast turnaround.,2024-01-24,12,true
RV000664,PR000494,CL00518,,Outstanding quality and fast turnaround.,2021-05-14,3,False
RV000665,PR001171,CL00377,,Communication was poor.,2022-05-03,41,1
RV000666,PR000313,CL00027,4,Very professional and skilled.,2023-03-05,7,true
RV000667,PR000717,CL00768,5,Excellent communication throughout.,2023-04-09,19,0
RV000668,PR000754,CL00326,4,Delivered on time and exceeded expectations.,2021-11-07,19,1
RV000669,PR000352,CL00913,1,,2024-02-19,11,True
RV000670,PR000500,CL00344,2,Missed the deadline significantly.,2020-08-07,15,true
RV000671,PR000778,CL00062,3,Missed the deadline significantly.,2021-09-09,0,False
RV000672,PR000869,CL00255,3,Missed the deadline significantly.,2021-06-14,23,1
RV000673,PR000273,CL00130,4,Would hire again without hesitation.,2020-07-19,39,false
RV000674,PR001062,CL00606,2,Missed the deadline significantly.,2022-05-21,,false
RV000675,PR000594,CL00458,4,Would hire again without hesitation.,2022-12-13,1,false
RV000676,PR000218,CL00674,3,Quality was below expectations.,2023-03-20,6,false
RV000677,PR000017,CL00379,2,Quality was below expectations.,2021-02-19,8,1
RV000678,PR000624,CL00973,1,Not as described in the proposal.,2022-09-11,30,true
RV000679,PR000847,CL00619,1,Not as described in the proposal.,2023-02-24,4,True
RV000680,PR001117,CL00936,2,Communication was poor.,2021-10-05,33,False
RV000681,PR000267,CL00348,2,Communication was poor.,2024-06-22,47,False
RV000682,PR000576,CL00027,5,,2023-03-15,29,True
RV000683,PR001020,CL00160,3,Not as described in the proposal.,2021-12-24,10,False
RV000684,PR000420,CL00552,4,Outstanding quality and fast turnaround.,2020-09-15,7,True
RV000685,PR001078,CL00226,4,Excellent communication throughout.,2024-06-08,28,0
RV000686,PR000257,CL00658,2,Not as described in the proposal.,2024-04-17,33,false
RV000687,PR000584,CL00643,2,Communication was poor.,2024-11-07,38,True
RV000688,PR000125,CL00317,4,Delivered on time and exceeded expectations.,,1,False
RV000689,PR000537,CL00602,4,Would hire again without hesitation.,2021-05-19,22,0
RV000690,PR000108,CL00642,3,Missed the deadline significantly.,2024-11-01,18,true
RV000691,PR000320,CL00778,4,Very professional and skilled.,2022-02-21,32,False
RV000691,PR000320,CL00778,4,Very professional and skilled.,2022-02-21,32,False
RV000692,PR000261,CL00927,1,,2020-06-08,21,True
RV000693,PR000219,CL00638,5,Very professional and skilled.,2023-01-01,,False
RV000694,PR000241,CL00638,3,Communication was poor.,2022-08-08,27,True
RV000695,PR001164,CL00344,1,Communication was poor.,2024-03-10,8,true
RV000696,,CL00910,1,,2024-11-26,31,True
RV000697,PR000844,CL00123,2,Communication was poor.,2020-12-15,24,False
RV000698,PR000836,CL00083,10,Delivered on time and exceeded expectations.,2022-10-30,11,false
RV000699,PR000588,CL00170,1,Not as described in the proposal.,2022-12-20,38,1
RV000700,PR000820,CL00408,,Had to redo parts of the work.,2021-05-03,44,0
RV000701,PR000923,CL00059,5,,2024-09-10,41,0
RV000702,PR000309,CL00989,5,Very professional and skilled.,2021-08-30,17,1
RV000703,PR000815,CL00698,2,Had to redo parts of the work.,,7,0
RV000704,PR000215,CL00133,3,Not as described in the proposal.,2022-03-28,3,true
RV000705,PR000159,CL00320,5,"Great work, highly recommend!",2024-08-03,39,0
RV000706,PR000752,CL00776,1,Had to redo parts of the work.,2023-09-16,10,false
RV000707,PR000068,CL00847,2,Had to redo parts of the work.,2022-03-21,48,0
RV000708,PR000667,CL00779,4,"Great work, highly recommend!",2020-06-20,,false
RV000709,PR000805,CL00497,2,Missed the deadline significantly.,2021-06-17,32,False
RV000710,PR000351,CL00080,2,Quality was below expectations.,2024-11-18,8,1
RV000711,PR000714,CL00339,3,Had to redo parts of the work.,2020-10-23,25,false
RV000712,PR000530,CL00533,3,Had to redo parts of the work.,2023-05-03,31,False
RV000713,PR000579,CL00200,2,Missed the deadline significantly.,2024-07-11,40,false
RV000714,PR000832,CL00023,5,Excellent communication throughout.,2020-07-19,,False
RV000715,PR000747,CL00834,,"Great work, highly recommend!",2024-04-18,,False
RV000716,PR000179,CL00296,1,Not as described in the proposal.,2021-08-17,11,0
RV000717,PR001031,CL00511,5,Delivered on time and exceeded expectations.,2022-04-03,46,False
RV000718,PR001176,CL00317,,Would hire again without hesitation.,2021-08-13,39,1
RV000719,PR000853,CL00519,5,,2020-07-23,46,True
RV000720,PR000474,CL00276,2,Quality was below expectations.,2022-11-14,23,False
RV000721,PR000477,CL00152,4,Excellent communication throughout.,2021-06-03,,True
RV000722,PR001185,CL00454,2,Had to redo parts of the work.,2023-08-05,44,True
RV000723,PR001120,CL00900,3,Had to redo parts of the work.,2023-09-28,,0
RV000724,PR000951,CL00405,2,Had to redo parts of the work.,2024-01-05,43,True
RV000725,PR000276,CL00588,4,Would hire again without hesitation.,2021-04-14,25,true
RV000726,PR000842,CL00879,4,"Great work, highly recommend!",2023-09-02,29,false
RV000727,PR000739,CL00965,5,Very professional and skilled.,2024-08-19,25,False
RV000728,PR000775,CL00813,3,Communication was poor.,2023-08-16,,true
RV000729,PR000516,CL00429,3,Had to redo parts of the work.,2023-10-27,48,true
RV000730,PR000298,CL00991,2,Not as described in the proposal.,2024-03-24,12,True
RV000731,PR001181,CL00107,7,Outstanding quality and fast turnaround.,2021-11-10,23,0
RV000732,PR000031,CL00104,,Communication was poor.,2021-09-25,13,false
RV000733,PR000604,CL00080,1,Missed the deadline significantly.,2024-04-27,24,False
RV000734,PR000535,CL00267,1,Not as described in the proposal.,2024-05-07,10,True
RV000735,PR000841,CL00034,2,Not as described in the proposal.,2024-04-12,37,true
RV000736,PR001129,CL00355,2,Had to redo parts of the work.,2023-04-16,43,1
RV000737,PR001054,CL00965,4,"Great work, highly recommend!",2024-08-01,20,false
RV000738,PR000411,CL00229,5,Very professional and skilled.,2022-11-06,6,True
RV000739,PR000494,CL00813,1,Had to redo parts of the work.,2023-02-17,31,false
RV000739,PR000494,CL00813,1,Had to redo parts of the work.,2023-02-17,31,false
RV000740,PR000768,CL00809,1,Communication was poor.,2021-05-23,42,1
RV000741,PR000288,CL00875,4,Very professional and skilled.,2022-12-02,12,True
RV000742,PR000909,CL00959,4,Very professional and skilled.,2022-03-05,0,True
RV000743,PR000295,CL00464,3,Missed the deadline significantly.,2021-10-19,6,true
RV000744,PR001109,CL00894,3,Had to redo parts of the work.,2020-09-09,22,1
RV000745,PR001192,CL00676,3,Had to redo parts of the work.,2021-02-21,43,False
RV000746,PR000660,CL00964,5,Very professional and skilled.,2021-06-17,13,true
RV000747,PR000736,CL00893,3,Had to redo parts of the work.,2023-11-17,32,false
RV000748,PR001179,CL00277,3,Quality was below expectations.,2024-05-30,11,True
RV000749,PR000238,CL00989,4,Excellent communication throughout.,2022-06-30,12,true
RV000750,PR000871,CL00798,5,Would hire again without hesitation.,2023-11-13,50,1
RV000751,PR000946,CL00643,5,Delivered on time and exceeded expectations.,2022-04-15,49,False
RV000752,PR001160,CL00365,3,Missed the deadline significantly.,2021-04-22,29,False
RV000753,PR000293,CL00317,,Quality was below expectations.,2023-03-10,44,0
RV000754,PR000041,CL00957,3,Missed the deadline significantly.,2023-01-02,50,false
RV000755,,CL00721,1,Missed the deadline significantly.,2023-09-07,,False
RV000756,PR000468,CL00043,4,"Great work, highly recommend!",2020-12-28,32,False
RV000757,PR000294,CL00634,,Communication was poor.,2024-08-29,50,true
RV000758,PR000913,CL00380,5,Would hire again without hesitation.,2020-09-21,,1
RV000759,PR001013,CL00558,3,Had to redo parts of the work.,2022-03-04,13,False
RV000760,PR001143,CL00351,3,Quality was below expectations.,2024-07-05,35,True
RV000761,PR000604,CL00051,1,Communication was poor.,2021-01-27,47,1
RV000762,PR000750,CL00298,5,Very professional and skilled.,2021-10-11,47,False
RV000763,PR000479,CL00939,1,Quality was below expectations.,2024-08-31,6,1
RV000764,PR000785,CL00169,4,,2024-02-23,29,0
RV000765,PR000174,CL00952,1,Quality was below expectations.,2023-06-20,35,false
RV000766,PR000983,CL00813,2,Communication was poor.,2024-11-20,22,true
RV000767,PR000143,CL00800,2,Had to redo parts of the work.,2022-05-16,36,False
RV000768,PR000035,CL00992,2,,2023-03-26,40,True
RV000769,,CL00196,5,Very professional and skilled.,2024-01-08,24,1
RV000770,PR001181,CL00736,1,Not as described in the proposal.,2020-07-21,24,true
RV000771,PR000606,CL00591,1,Not as described in the proposal.,2021-05-31,15,true
RV000772,,CL00945,1,Communication was poor.,2020-10-29,19,1
RV000773,PR001007,CL00376,1,Not as described in the proposal.,2022-12-02,,False
RV000774,PR000349,CL00627,4,Excellent communication throughout.,2022-12-22,40,1
RV000775,,CL00281,7,,2021-05-27,8,True
RV000776,PR000308,CL00350,5,Excellent communication throughout.,2022-12-17,7,False
RV000777,PR000115,CL00955,5,Outstanding quality and fast turnaround.,,11,True
RV000778,PR000880,CL00121,5,Very professional and skilled.,2023-11-28,13,true
RV000779,PR000712,CL00960,5,Would hire again without hesitation.,2022-06-23,38,true
RV000780,PR000068,CL00077,5,Delivered on time and exceeded expectations.,2022-02-13,27,false
RV000781,PR000360,CL00363,4,Very professional and skilled.,2022-01-20,37,0
RV000782,PR001018,CL00417,1,Missed the deadline significantly.,2022-03-21,38,1
RV000783,PR000574,CL00657,,Communication was poor.,2020-12-21,,False
RV000784,PR000774,CL00869,4,,2023-11-17,44,True
RV000785,PR000799,CL00734,2,Had to redo parts of the work.,2023-03-31,40,True
RV000786,PR000324,CL00795,2,Quality was below expectations.,2021-01-12,43,true
RV000787,PR000783,CL00332,2,Communication was poor.,2023-03-06,16,false
RV000788,PR000646,CL00337,2,Not as described in the proposal.,2024-03-10,46,true
RV000789,PR000465,CL00857,3,Missed the deadline significantly.,2023-08-13,22,true
RV000790,PR000696,CL00696,5,"Great work, highly recommend!",2024-06-05,2,True
RV000791,PR000619,CL00126,4,Very professional and skilled.,2021-10-24,27,1
RV000792,PR000198,CL00289,1,Not as described in the proposal.,2022-03-07,40,1
RV000793,PR000552,CL00796,3,Communication was poor.,2023-11-16,47,True
RV000793,PR000552,CL00796,3,Communication was poor.,2023-11-16,47,True
RV000794,PR000614,CL00898,5,Very professional and skilled.,2022-01-24,,false
RV000795,PR000357,CL00123,1,Not as described in the proposal.,2024-05-17,13,false
RV000796,PR000005,CL00389,4,,2024-10-23,25,0
RV000797,PR000565,CL00555,3,Quality was below expectations.,2020-12-23,38,true
RV000798,PR000747,CL00064,2,Quality was below expectations.,2023-02-18,26,0
RV000799,,CL00908,,Quality was below expectations.,2023-10-08,,False
RV000800,PR000726,CL00782,2,Not as described in the proposal.,2020-07-26,24,true
RV000801,PR000962,CL00200,3,Had to redo parts of the work.,2023-10-14,30,1
RV000802,PR000551,CL00754,1,Had to redo parts of the work.,2021-10-11,7,True
RV000803,PR000180,CL00625,2,Quality was below expectations.,2021-09-22,6,False
RV000804,PR000906,CL00149,9,Would hire again without hesitation.,2024-09-01,15,false
RV000805,PR000084,CL00177,1,,2021-06-29,9,True
RV000806,PR001064,CL00503,2,Not as described in the proposal.,2022-03-14,16,false
RV000807,PR000071,CL00638,2,,2024-03-01,40,true
RV000808,PR000564,CL00553,4,Delivered on time and exceeded expectations.,2020-08-29,50,false
RV000809,PR000565,CL00930,1,Had to redo parts of the work.,2021-09-03,21,0
RV000810,PR000458,CL00419,3,Missed the deadline significantly.,2023-05-03,21,1
RV000811,PR000997,CL00414,5,Very professional and skilled.,,3,True
RV000812,PR000217,CL00794,3,Communication was poor.,2020-06-21,13,1
RV000813,PR000503,CL00103,3,Not as described in the proposal.,2020-08-29,44,1
RV000814,PR000272,CL00964,1,Communication was poor.,2023-05-15,46,0
RV000815,PR000289,CL00782,4,Excellent communication throughout.,2021-03-28,43,true
RV000816,PR001166,CL00334,1,Communication was poor.,2021-11-21,44,false
RV000817,PR000140,CL00721,3,Not as described in the proposal.,2021-04-24,25,true
RV000818,PR001148,CL00085,1,Quality was below expectations.,2021-10-26,38,false
RV000819,PR001023,CL00500,5,Delivered on time and exceeded expectations.,2021-08-23,28,true
RV000820,PR000311,CL00994,1,Quality was below expectations.,2021-05-03,43,True
RV000821,PR000973,CL00045,2,Not as described in the proposal.,2022-12-20,13,True
RV000822,PR000107,CL00940,2,Not as described in the proposal.,2021-04-27,29,true
RV000823,PR000002,CL00472,5,Would hire again without hesitation.,2021-06-23,50,false
RV000824,PR000326,CL00790,5,Outstanding quality and fast turnaround.,2023-10-20,33,1
RV000825,PR001185,CL00103,1,Communication was poor.,2023-05-17,7,0
RV000826,PR000585,CL00206,1,Communication was poor.,2022-09-22,19,true
RV000827,PR000930,CL00013,5,Would hire again without hesitation.,2022-11-28,13,False
RV000828,PR000402,CL00083,1,Had to redo parts of the work.,2020-07-21,24,False
RV000829,PR000466,CL00510,10,Excellent communication throughout.,2024-02-03,15,0
RV000830,PR000996,CL00172,2,Not as described in the proposal.,2020-11-19,27,True
RV000831,PR000622,CL00675,5,Excellent communication throughout.,2023-03-28,39,True
RV000832,PR001169,CL00928,1,Not as described in the proposal.,2022-05-30,32,True
RV000833,PR000734,CL00050,1,Missed the deadline significantly.,2021-01-05,29,True
RV000834,PR000259,CL00483,4,,,13,false
RV000835,PR000715,CL00954,3,Quality was below expectations.,2021-10-03,28,True
RV000836,PR001120,CL00398,3,,2023-03-27,11,True
RV000837,PR000394,CL00116,4,Would hire again without hesitation.,2021-03-02,47,0
RV000838,,CL00038,2,Communication was poor.,2022-11-20,11,False
RV000839,PR000313,CL00821,3,Communication was poor.,2021-12-29,14,false
RV000840,PR000609,CL00347,5,Excellent communication throughout.,2020-09-18,13,true
RV000841,PR000926,CL00715,2,,2021-05-09,28,true
RV000842,PR000687,CL00175,2,Had to redo parts of the work.,2022-01-24,9,1
RV000843,PR000108,CL00863,2,Had to redo parts of the work.,2023-02-13,41,1
RV000844,PR000455,CL00390,4,Would hire again without hesitation.,2020-09-04,11,True
RV000845,,CL00356,,Quality was below expectations.,2021-11-05,29,True
RV000846,PR000852,CL00247,1,Communication was poor.,2023-05-24,32,False
RV000847,PR000657,CL00628,5,Outstanding quality and fast turnaround.,2022-12-06,8,true
RV000848,PR001190,CL00311,1,Had to redo parts of the work.,2024-07-07,32,false
RV000849,PR001082,CL00895,4,Delivered on time and exceeded expectations.,2023-05-07,,1
RV000850,PR001086,CL00797,9,Excellent communication throughout.,2022-11-17,38,0
RV000851,PR000326,CL00732,4,Delivered on time and exceeded expectations.,2023-02-13,10,True
RV000851,PR000326,CL00732,4,Delivered on time and exceeded expectations.,2023-02-13,10,True
RV000852,PR000018,CL00628,5,"Great work, highly recommend!",2024-11-08,35,true
RV000853,PR000751,CL00252,2,Missed the deadline significantly.,2020-08-25,19,true
RV000854,PR000222,CL00852,4,Outstanding quality and fast turnaround.,2021-04-19,27,1
RV000855,PR000794,CL00791,2,Not as described in the proposal.,2021-04-11,4,false
RV000856,PR000389,CL00634,2,Had to redo parts of the work.,2024-05-18,,false
RV000857,PR000480,CL00814,1,Quality was below expectations.,2022-10-01,26,True
RV000858,PR000819,CL00002,4,"Great work, highly recommend!",2023-01-20,8,0
RV000859,,CL00097,,Quality was below expectations.,2023-06-20,,True
RV000860,PR000206,CL00743,7,Would hire again without hesitation.,2024-08-15,,True
RV000861,PR000074,CL00560,1,Not as described in the proposal.,2024-09-07,17,True
RV000861,PR000074,CL00560,1,Not as described in the proposal.,2024-09-07,17,True
RV000862,PR000783,CL00489,4,,2023-11-14,18,True
RV000863,PR000872,CL00156,2,Communication was poor.,2023-07-20,37,1
RV000864,PR000249,CL00896,2,Quality was below expectations.,2021-01-09,16,1
RV000865,PR000670,CL00757,7,Would hire again without hesitation.,2024-05-17,50,true
RV000866,PR000540,CL00971,1,Communication was poor.,,10,true
RV000867,PR000284,CL00119,2,Communication was poor.,2022-07-08,31,0
RV000868,PR000315,CL00212,6,"Great work, highly recommend!",2022-08-30,49,false
RV000869,PR000947,CL00764,5,,2021-05-09,39,true
RV000870,PR000472,CL00888,10,Delivered on time and exceeded expectations.,2022-08-01,2,0
RV000871,PR000890,CL00929,3,,2023-11-02,31,false
RV000872,PR000672,CL00272,3,Communication was poor.,2023-12-29,45,False
RV000873,PR000923,CL00515,2,Quality was below expectations.,2021-11-04,29,False
RV000874,PR000356,CL00264,4,Excellent communication throughout.,2022-10-21,19,true
RV000875,PR000626,CL00914,3,Quality was below expectations.,2024-01-18,19,false
RV000876,PR001154,CL00177,2,Quality was below expectations.,2023-07-10,21,False
RV000877,PR000855,CL00537,2,Had to redo parts of the work.,2021-02-27,49,true
RV000878,PR000305,CL00001,2,Had to redo parts of the work.,2024-05-04,4,True
RV000879,PR000936,CL00898,1,Communication was poor.,2020-12-21,33,false
RV000880,PR000434,CL00562,2,Had to redo parts of the work.,2023-11-01,25,1
RV000881,PR000771,CL00374,,Outstanding quality and fast turnaround.,2022-12-06,50,True
RV000882,PR000760,CL00064,,Excellent communication throughout.,2023-07-16,,false
RV000883,PR000284,CL00297,4,Outstanding quality and fast turnaround.,2022-04-19,0,1
RV000884,PR000405,CL00232,4,Excellent communication throughout.,2022-11-29,47,true
RV000885,PR001031,CL00273,4,Very professional and skilled.,2020-11-08,18,False
RV000886,PR000771,CL00115,3,Quality was below expectations.,2024-07-06,46,0
RV000887,PR001019,CL00610,2,Missed the deadline significantly.,2024-04-15,18,true
RV000888,PR001196,CL00972,3,Quality was below expectations.,2021-03-01,21,false
RV000889,PR001139,CL00817,5,Excellent communication throughout.,,41,False
RV000890,PR000020,CL00113,5,Very professional and skilled.,2023-11-04,17,1
RV000891,PR000065,CL00390,4,Outstanding quality and fast turnaround.,2024-05-11,11,False
RV000892,PR000694,CL00644,1,Communication was poor.,2020-08-06,38,0
RV000893,PR000757,CL00500,2,Quality was below expectations.,2022-12-18,10,1
RV000894,PR001003,CL00756,1,,2021-08-27,31,False
RV000895,PR000402,CL00128,3,Not as described in the proposal.,2023-07-29,14,1
RV000896,PR000938,CL00906,2,Not as described in the proposal.,2022-03-25,5,true
RV000897,PR000571,CL00739,2,Had to redo parts of the work.,2022-04-09,12,False
RV000898,PR000882,CL00632,2,Not as described in the proposal.,2020-06-01,45,true
RV000899,PR000967,CL00674,1,Not as described in the proposal.,2022-03-07,47,True
RV000900,PR000770,CL00132,1,Had to redo parts of the work.,2024-04-01,36,true
RV000901,PR000585,CL00927,2,Not as described in the proposal.,2021-07-26,1,0
RV000902,PR000204,CL00804,,Very professional and skilled.,2024-06-07,14,0
RV000903,PR000667,CL00438,2,Quality was below expectations.,2023-10-01,3,0
RV000904,PR001056,CL00524,1,Communication was poor.,2024-01-19,,false
RV000905,PR000691,CL00943,4,Excellent communication throughout.,2024-07-21,47,true
RV000906,PR001027,CL00180,4,Delivered on time and exceeded expectations.,2021-10-14,,false
RV000907,PR000949,CL00465,4,Excellent communication throughout.,,46,false
RV000908,PR000792,CL00370,3,Missed the deadline significantly.,2020-07-10,39,true
RV000909,PR000429,CL00110,3,Quality was below expectations.,2023-03-14,0,true
RV000910,PR000893,CL00807,5,,,4,0
RV000911,PR001052,CL00909,4,Outstanding quality and fast turnaround.,2023-12-17,40,false
RV000912,PR000195,CL00877,5,Very professional and skilled.,2021-08-26,8,true
RV000912,PR000195,CL00877,5,Very professional and skilled.,2021-08-26,8,true
RV000913,PR001075,CL00432,4,"Great work, highly recommend!",2024-07-19,27,0
RV000914,PR000257,CL00089,2,Not as described in the proposal.,2022-02-18,32,false
RV000915,PR000691,CL00206,1,Not as described in the proposal.,2023-02-24,29,1
RV000916,PR000491,CL00820,4,Excellent communication throughout.,2024-03-17,31,true
RV000917,PR001063,CL00435,3,Had to redo parts of the work.,2022-11-13,7,false
RV000918,PR000676,CL00096,2,Quality was below expectations.,2022-09-25,14,True
RV000919,PR000581,CL00426,4,Very professional and skilled.,2022-02-28,19,true
RV000920,PR000646,CL00528,3,Had to redo parts of the work.,2023-06-09,35,True
RV000921,PR000676,CL00982,5,Excellent communication throughout.,2023-06-18,49,True
RV000922,PR000777,CL00331,5,Very professional and skilled.,2024-05-14,14,true
RV000923,PR001008,CL00763,3,Quality was below expectations.,2020-11-25,,true
RV000924,PR000278,CL00392,5,Outstanding quality and fast turnaround.,2022-11-30,26,0
RV000925,PR000484,CL00452,2,Communication was poor.,2021-08-13,,0
RV000926,PR001145,CL00768,5,Delivered on time and exceeded expectations.,2023-01-17,3,False
RV000927,PR000564,CL00524,7,"Great work, highly recommend!",2022-04-18,31,0
RV000928,PR000109,CL00289,1,Missed the deadline significantly.,2022-11-13,32,false
RV000929,PR001041,CL00525,5,Would hire again without hesitation.,2023-01-13,46,0
RV000930,PR000953,CL00895,4,Would hire again without hesitation.,2020-11-22,26,1
RV000931,PR000770,CL00735,2,Missed the deadline significantly.,2024-11-25,41,0
RV000932,PR000419,CL00408,4,Would hire again without hesitation.,2024-03-05,38,true
RV000933,PR000043,CL00234,4,Delivered on time and exceeded expectations.,2022-04-09,6,False
RV000934,PR000908,CL00229,3,Not as described in the proposal.,2020-12-12,23,True
RV000935,PR001167,CL00806,1,Not as described in the proposal.,2020-08-02,45,True
RV000936,PR000650,CL00072,4,Very professional and skilled.,2023-06-17,24,0
RV000937,PR000402,CL00288,3,Missed the deadline significantly.,2022-09-06,12,1
RV000938,PR000623,CL00372,5,Delivered on time and exceeded expectations.,2023-09-14,,true
RV000939,PR000088,CL00694,1,Communication was poor.,2021-05-26,15,0
RV000940,PR000159,CL00906,2,Not as described in the proposal.,2022-02-28,30,false
RV000941,PR000154,CL00676,4,Excellent communication throughout.,2023-10-24,41,True
RV000942,PR000213,CL00137,4,"Great work, highly recommend!",2021-11-30,49,True
RV000943,PR001005,CL00148,4,,2021-09-27,17,True
RV000944,PR000860,CL00402,3,Communication was poor.,2020-12-06,27,0
RV000945,PR000888,CL00946,4,Excellent communication throughout.,2021-04-30,28,0
RV000946,PR000949,CL00991,1,Not as described in the proposal.,2023-08-23,31,0
RV000947,PR001003,CL00450,1,Quality was below expectations.,2021-02-16,19,false
RV000948,PR000595,CL00225,1,Missed the deadline significantly.,2024-05-03,50,false
RV000949,PR000698,CL00675,3,Not as described in the proposal.,2024-07-20,19,1
RV000950,PR000557,CL00215,2,Had to redo parts of the work.,2024-05-02,25,True
RV000951,PR000424,CL00545,3,Communication was poor.,2024-07-21,44,true
RV000952,PR001188,CL00933,4,Delivered on time and exceeded expectations.,2022-01-11,29,true
RV000953,PR000336,CL00817,3,Not as described in the proposal.,2024-08-20,20,0
RV000954,PR000909,CL00676,3,Quality was below expectations.,2024-09-25,16,false
RV000954,PR000909,CL00676,3,Quality was below expectations.,2024-09-25,16,false
RV000955,PR001138,CL00072,5,Excellent communication throughout.,2020-09-30,45,false
RV000956,PR000942,CL00399,2,Quality was below expectations.,2023-10-08,39,False
RV000957,PR000402,CL00565,4,Would hire again without hesitation.,2023-07-10,9,True
RV000958,PR000431,CL00388,4,Delivered on time and exceeded expectations.,2023-06-08,31,0
RV000959,PR000483,CL00369,4,Would hire again without hesitation.,,33,1
RV000960,PR000404,CL00858,3,Missed the deadline significantly.,2021-05-28,29,0
RV000961,PR000889,CL00451,1,Not as described in the proposal.,2020-09-24,28,False
RV000962,PR000988,CL00668,1,Had to redo parts of the work.,2023-10-30,50,1
RV000963,PR000068,CL00435,4,Very professional and skilled.,2021-12-27,45,False
RV000964,PR001139,CL00112,4,Would hire again without hesitation.,2021-06-20,34,false
RV000965,PR000290,CL00374,1,Had to redo parts of the work.,2022-08-29,13,true
RV000966,,CL00477,5,Outstanding quality and fast turnaround.,2022-03-24,14,0
RV000967,PR001075,CL00832,1,Had to redo parts of the work.,2020-07-26,44,0
RV000968,PR000642,CL00632,,Had to redo parts of the work.,2020-10-11,22,false
RV000969,PR000463,CL00862,3,Missed the deadline significantly.,2021-09-24,31,1
RV000970,PR000911,CL00440,2,Missed the deadline significantly.,2021-04-26,20,False
RV000971,PR000022,CL00373,1,Had to redo parts of the work.,2021-03-06,39,0
RV000972,,CL00327,5,Would hire again without hesitation.,2024-04-17,38,True
RV000973,PR001057,CL00908,,Missed the deadline significantly.,2021-04-14,25,1
RV000974,PR000713,CL00600,3,Quality was below expectations.,2023-08-09,16,false
RV000975,PR000435,CL00549,1,Missed the deadline significantly.,2022-02-12,49,true
RV000976,PR000916,CL00054,5,,2021-07-13,20,True
RV000977,PR000716,CL00067,,Delivered on time and exceeded expectations.,2023-10-08,7,True
RV000978,PR001063,CL00515,3,,2020-08-24,1,1
RV000979,PR000470,CL00136,2,Not as described in the proposal.,2020-10-20,48,1
RV000980,PR001035,CL00192,2,,2020-06-16,32,true
RV000981,PR000107,CL00099,2,Communication was poor.,2024-08-02,34,1
RV000982,PR000668,CL00279,5,,2020-10-18,34,false
RV000983,PR000631,CL00512,5,Outstanding quality and fast turnaround.,2024-09-26,16,true
RV000984,PR000076,CL00879,4,Excellent communication throughout.,2021-04-10,0,true
RV000985,PR000802,CL00142,3,Quality was below expectations.,2020-06-22,3,0
RV000986,,CL00358,1,Communication was poor.,2022-06-08,44,true
RV000987,PR001177,CL00255,4,Excellent communication throughout.,2023-08-18,14,1
RV000988,PR000086,CL00810,3,Had to redo parts of the work.,2021-04-09,1,True
RV000989,PR000866,CL00783,3,Communication was poor.,2023-03-16,14,True
RV000990,PR001190,CL00690,4,Delivered on time and exceeded expectations.,2024-01-19,35,False
RV000991,PR000511,CL00270,10,Very professional and skilled.,2021-10-12,49,False
RV000992,PR000445,CL00649,2,Communication was poor.,2023-04-21,35,1
RV000993,PR000684,CL00369,1,Communication was poor.,2020-08-04,44,1
RV000994,PR000961,CL00277,1,Communication was poor.,2020-12-07,6,True
RV000995,PR000930,CL00942,3,Not as described in the proposal.,2023-11-21,7,0
RV000996,PR000234,CL00910,3,Communication was poor.,2022-10-24,,false
RV000997,PR000850,CL00567,4,Excellent communication throughout.,2022-08-10,15,0
RV000998,PR000451,CL00619,4,Would hire again without hesitation.,2022-10-20,42,true
RV000999,PR000272,CL00186,5,Excellent communication throughout.,2020-12-27,19,True
RV001000,PR000803,CL00240,4,Would hire again without hesitation.,2021-04-25,42,False
RV001001,PR000739,CL00202,2,Missed the deadline significantly.,2020-11-06,0,1
RV001002,PR000385,CL00457,4,Would hire again without hesitation.,2023-08-28,47,false
RV001003,PR000835,CL00350,2,Communication was poor.,2022-05-11,7,0
RV001004,PR001015,CL00281,,Would hire again without hesitation.,2022-12-04,36,True
RV001005,PR000712,CL00830,4,Would hire again without hesitation.,2023-02-19,47,False
RV001006,PR000177,CL00321,5,Outstanding quality and fast turnaround.,2022-03-10,6,False
RV001007,,CL00986,5,Outstanding quality and fast turnaround.,2021-10-28,41,true
RV001008,PR000241,CL00505,3,Quality was below expectations.,,23,True
RV001009,PR000224,CL00486,3,Not as described in the proposal.,2020-11-04,46,False
RV001010,,CL00114,1,Missed the deadline significantly.,2023-11-19,19,True
RV001011,PR000735,CL00335,5,Very professional and skilled.,2024-04-15,24,false
RV001012,PR000808,CL00264,1,Missed the deadline significantly.,2023-04-26,34,False
RV001013,PR000348,CL00467,1,Had to redo parts of the work.,2023-10-01,,True
RV001014,PR000774,CL00128,3,Not as described in the proposal.,2022-06-03,32,False
RV001015,PR000364,CL00143,4,Delivered on time and exceeded expectations.,2021-10-03,31,false
RV001016,PR000664,CL00396,2,Missed the deadline significantly.,2021-03-27,14,true
RV001017,PR000337,CL00054,3,Communication was poor.,2021-11-15,36,False
RV001018,PR000757,CL00304,3,,2023-11-11,3,1
RV001019,PR000939,CL00092,3,Missed the deadline significantly.,2020-06-23,24,True
RV001020,PR000183,CL00735,,Delivered on time and exceeded expectations.,2022-06-22,18,False
RV001021,PR000087,CL00675,5,Excellent communication throughout.,2024-08-20,29,1
RV001022,PR000654,CL00576,3,Missed the deadline significantly.,2022-06-23,17,true
RV001023,PR000555,CL00323,4,Would hire again without hesitation.,2022-05-29,39,false
RV001024,PR000386,CL00465,4,"Great work, highly recommend!",2022-10-16,8,False
RV001025,PR001057,CL00805,2,,2024-01-04,32,true
RV001026,PR000680,CL00540,4,Very professional and skilled.,2022-01-12,12,False
RV001027,PR000762,CL00197,2,Communication was poor.,2020-08-13,4,false
RV001028,PR000587,CL00443,4,Outstanding quality and fast turnaround.,2020-07-14,45,False
RV001029,PR000524,CL00426,3,,2023-01-31,,False
RV001030,PR000333,CL00597,1,Quality was below expectations.,2024-06-05,26,False
RV001031,PR000314,CL00130,3,Quality was below expectations.,2020-12-20,26,0
RV001032,PR000605,CL00662,,Not as described in the proposal.,2023-01-29,34,false
RV001033,PR000067,CL00362,1,Quality was below expectations.,2024-03-22,19,False
RV001034,PR000806,CL00626,3,Had to redo parts of the work.,2024-11-11,36,True
RV001035,PR000699,CL00206,5,Excellent communication throughout.,2022-12-19,8,1
RV001036,PR000896,CL00901,2,Had to redo parts of the work.,2023-12-13,43,True
RV001037,PR001094,CL00383,,Very professional and skilled.,2020-11-08,36,1
RV001038,PR001160,CL00662,5,Would hire again without hesitation.,2021-01-08,43,false
RV001039,PR000481,CL00009,,Communication was poor.,2023-10-09,31,true
RV001040,PR000812,CL00208,4,Delivered on time and exceeded expectations.,2021-08-06,37,false
RV001041,PR001028,CL00854,5,"Great work, highly recommend!",2022-06-26,,0
RV001042,PR000727,CL00260,1,Not as described in the proposal.,2022-02-15,46,true
RV001043,PR000161,CL00679,,"Great work, highly recommend!",2022-11-16,49,true
RV001044,PR000085,CL00562,5,Delivered on time and exceeded expectations.,2023-08-29,33,true
RV001045,PR000386,CL00172,5,Outstanding quality and fast turnaround.,2021-12-19,35,false
RV001046,PR000011,CL00699,5,Outstanding quality and fast turnaround.,2021-01-07,39,true
RV001047,PR000619,CL00062,3,,2020-06-05,15,false
RV001048,PR000331,CL00261,4,Very professional and skilled.,2021-08-23,8,true
RV001049,PR001178,CL00615,2,Communication was poor.,2022-01-06,1,True
RV001050,PR000567,CL00843,2,Not as described in the proposal.,2023-08-14,48,false
RV001051,PR000886,CL00562,2,Quality was below expectations.,2020-07-10,49,True
RV001052,PR000327,CL00500,,,2020-08-20,29,True
RV001053,PR000506,CL00080,1,Quality was below expectations.,2024-04-06,,0
RV001054,,CL00399,5,Delivered on time and exceeded expectations.,2023-01-27,30,1
RV001055,PR000754,CL00702,1,Quality was below expectations.,,12,False
RV001056,PR000784,CL00258,4,,2021-12-09,15,True
RV001057,PR000850,CL00769,5,Delivered on time and exceeded expectations.,2022-01-17,27,true
RV001058,PR000435,CL00658,10,Outstanding quality and fast turnaround.,2020-07-31,15,false
RV001059,PR000402,CL00213,4,Outstanding quality and fast turnaround.,2022-11-02,5,true
RV001060,PR000377,CL00333,2,Not as described in the proposal.,2021-08-10,46,0
RV001061,PR001164,CL00364,3,Not as described in the proposal.,2023-10-04,41,False
RV001062,,CL00444,9,Outstanding quality and fast turnaround.,2022-01-24,47,true
RV001063,PR000319,CL00905,4,"Great work, highly recommend!",2023-03-28,12,0
RV001063,PR000319,CL00905,4,"Great work, highly recommend!",2023-03-28,12,0
RV001064,PR000389,CL00887,,Very professional and skilled.,2021-01-22,40,false
RV001065,PR000343,CL00934,2,Communication was poor.,2024-07-05,18,false
RV001066,PR000986,CL00400,4,Delivered on time and exceeded expectations.,2023-02-06,32,False
RV001066,PR000986,CL00400,4,Delivered on time and exceeded expectations.,2023-02-06,32,False
RV001067,PR000183,CL00630,2,Not as described in the proposal.,2021-08-26,6,True
RV001068,PR000855,CL00395,4,Excellent communication throughout.,2021-02-03,34,true
RV001069,PR000727,CL00816,1,Communication was poor.,2022-09-30,9,false
RV001070,PR000377,CL00728,5,"Great work, highly recommend!",2022-12-26,36,false
RV001071,PR000755,CL00346,5,Would hire again without hesitation.,2021-06-25,35,True
RV001072,PR000031,CL00979,2,Missed the deadline significantly.,2022-01-06,3,False
RV001072,PR000031,CL00979,2,Missed the deadline significantly.,2022-01-06,3,False
RV001073,PR000285,CL00372,5,Outstanding quality and fast turnaround.,2023-12-03,6,False
RV001074,PR000316,CL00202,,Communication was poor.,2023-01-08,9,1
RV001075,PR000736,CL00635,1,Had to redo parts of the work.,2021-10-07,15,0
RV001076,PR000323,CL00965,4,Very professional and skilled.,,35,False
RV001077,PR000785,CL00262,4,Very professional and skilled.,2022-04-05,17,false
RV001078,PR000048,CL00997,1,Not as described in the proposal.,2022-02-24,7,0
RV001079,PR000104,CL00214,,,2023-04-19,41,True
RV001080,PR000173,CL00078,5,Would hire again without hesitation.,2021-01-24,,true
RV001081,PR000931,CL00055,3,Quality was below expectations.,2023-08-15,37,1
RV001082,PR000013,CL00666,5,Very professional and skilled.,2021-12-28,24,0
RV001083,PR000367,CL00786,1,Had to redo parts of the work.,2023-05-01,15,False
RV001084,,CL00488,3,Had to redo parts of the work.,2020-11-04,21,True
RV001085,PR000264,CL00086,5,Very professional and skilled.,2021-08-05,7,true
RV001086,PR000841,CL00195,3,Missed the deadline significantly.,2023-02-06,6,False
RV001087,PR000207,CL00878,5,"Great work, highly recommend!",2024-09-29,35,True
RV001088,PR000109,CL00785,4,Excellent communication throughout.,2020-09-02,37,1
RV001089,PR000031,CL00870,3,Had to redo parts of the work.,2020-09-07,5,false
RV001090,PR000293,CL00475,4,Would hire again without hesitation.,2023-07-24,29,0
RV001091,PR000184,CL00545,5,Very professional and skilled.,2021-07-13,22,True
RV001092,PR000524,CL00190,1,Missed the deadline significantly.,2023-12-07,45,true
RV001093,PR000354,CL00240,,Communication was poor.,2024-07-24,29,1
RV001094,PR000672,CL00857,2,Missed the deadline significantly.,2022-02-06,26,0
RV001095,PR000506,CL00634,1,Quality was below expectations.,2020-10-04,,false
RV001096,PR000145,CL00398,4,Outstanding quality and fast turnaround.,2024-05-10,26,0
RV001097,PR000278,CL00130,1,Missed the deadline significantly.,2023-10-11,34,false
RV001098,PR000464,CL00379,3,Communication was poor.,2021-11-07,29,False
RV001099,,CL00996,4,Outstanding quality and fast turnaround.,2021-04-09,37,true
RV001100,PR000978,CL00640,,Had to redo parts of the work.,2021-07-02,33,False
RV001101,PR000275,CL00569,5,Would hire again without hesitation.,2024-11-12,46,0
RV001102,PR000625,CL00847,3,Had to redo parts of the work.,2024-04-21,22,0
RV001103,PR000878,CL00344,4,"Great work, highly recommend!",2022-10-08,7,false
RV001103,PR000878,CL00344,4,"Great work, highly recommend!",2022-10-08,7,false
RV001104,PR001070,CL00540,1,Communication was poor.,2024-04-19,31,False
RV001105,PR000839,CL00432,3,,2021-03-09,15,1
RV001106,PR001052,CL00428,5,Outstanding quality and fast turnaround.,2020-09-05,33,False
RV001107,PR000518,CL00896,2,Communication was poor.,2021-04-26,7,True
RV001108,PR000493,CL00223,,,,15,false
RV001109,PR000634,CL00109,5,,2024-02-15,21,False
RV001110,PR000922,CL00821,1,Not as described in the proposal.,2024-03-09,43,0
RV001111,PR000015,CL00070,2,Missed the deadline significantly.,2022-08-18,12,false
RV001112,PR001087,CL00601,2,Had to redo parts of the work.,2022-07-20,24,0
RV001113,PR000137,CL00421,4,Outstanding quality and fast turnaround.,2022-03-14,43,0
RV001114,PR000204,CL00629,3,Missed the deadline significantly.,2024-05-19,16,False
RV001115,PR000336,CL00812,4,Excellent communication throughout.,2020-08-12,2,False
RV001116,PR001095,CL00937,5,Would hire again without hesitation.,2023-05-28,1,1
RV001117,PR001182,CL00286,4,Delivered on time and exceeded expectations.,,15,1
RV001118,PR001102,CL00766,2,Missed the deadline significantly.,2023-07-06,,false
RV001119,PR000973,CL00451,2,Had to redo parts of the work.,2024-11-16,30,False
RV001120,PR001169,CL00318,8,Delivered on time and exceeded expectations.,2022-03-15,11,0
RV001121,PR000087,CL00616,5,Very professional and skilled.,2022-03-22,45,True
RV001122,PR000968,CL00712,1,Not as described in the proposal.,2023-08-18,17,false
RV001123,PR000040,CL00041,3,Had to redo parts of the work.,2021-01-28,10,0
RV001124,PR000142,CL00027,5,Would hire again without hesitation.,2020-08-08,21,True
RV001125,PR000526,CL00864,1,Quality was below expectations.,2022-05-07,23,False
RV001126,PR000889,CL00462,2,Not as described in the proposal.,2020-07-15,,False
RV001127,PR000241,CL00759,,Very professional and skilled.,2024-05-22,42,False
RV001128,PR000572,CL00145,5,Very professional and skilled.,2021-07-01,26,1
RV001129,PR000770,CL00191,5,Excellent communication throughout.,2022-03-28,9,1
RV001130,PR001128,CL00890,4,Excellent communication throughout.,2022-11-21,43,1
RV001131,PR000613,CL00460,5,Would hire again without hesitation.,2021-06-03,41,1
RV001132,PR000187,CL00503,2,Missed the deadline significantly.,2021-06-11,29,false
RV001133,PR000140,CL00452,5,Delivered on time and exceeded expectations.,2023-02-05,42,True
RV001134,PR001073,CL00583,2,Had to redo parts of the work.,2023-03-16,32,0
RV001135,PR000580,CL00720,,Communication was poor.,2020-06-19,18,False
RV001136,PR000830,CL00739,4,"Great work, highly recommend!",2022-04-08,5,true
RV001137,PR000479,CL00658,2,Not as described in the proposal.,2023-12-10,46,1
RV001138,PR000222,CL00828,3,Had to redo parts of the work.,,49,1
RV001139,PR000850,CL00709,1,Communication was poor.,2024-04-09,8,false
RV001140,PR000767,CL00575,5,Delivered on time and exceeded expectations.,2022-06-10,7,False
RV001141,PR000369,CL00220,4,"Great work, highly recommend!",2024-06-07,47,1
RV001142,PR001093,CL00701,3,Quality was below expectations.,2022-04-13,11,1
RV001143,PR000261,CL00650,1,Communication was poor.,2023-07-01,15,1
RV001144,PR001074,CL00510,5,Very professional and skilled.,2023-04-23,32,true
RV001145,PR000972,CL00148,2,Not as described in the proposal.,2023-01-11,22,1
RV001146,PR000126,CL00538,1,,2023-08-19,27,0
RV001147,PR001029,CL00182,5,Excellent communication throughout.,2023-09-22,15,0
RV001148,PR000574,CL00470,1,Not as described in the proposal.,2023-08-31,37,0
RV001149,PR000284,CL00142,6,"Great work, highly recommend!",2022-04-30,32,true
RV001150,PR000222,CL00501,,Had to redo parts of the work.,2021-05-05,23,True
RV001151,PR000422,CL00294,4,Outstanding quality and fast turnaround.,2020-07-25,10,true
RV001152,PR000635,CL00837,2,Quality was below expectations.,2020-11-06,34,true
RV001153,PR000498,CL00765,4,Delivered on time and exceeded expectations.,2023-02-11,27,true
RV001154,PR000860,CL00934,2,Missed the deadline significantly.,2021-12-08,23,1
RV001155,PR000401,CL00489,2,Quality was below expectations.,2024-04-12,49,True
RV001156,PR000923,CL00721,4,Outstanding quality and fast turnaround.,2023-03-18,11,true
RV001157,PR000704,CL00987,4,"Great work, highly recommend!",2022-03-30,48,false
RV001158,PR000997,CL00397,1,Had to redo parts of the work.,2021-02-23,36,false
RV001159,PR000761,CL00015,1,Communication was poor.,2020-06-26,30,False
RV001160,PR000970,CL00621,2,Missed the deadline significantly.,2023-03-03,11,false
RV001161,PR001058,CL00446,5,Outstanding quality and fast turnaround.,2020-08-03,36,True
RV001162,PR000641,CL00700,5,Very professional and skilled.,2020-06-06,17,0
RV001163,PR000491,CL00808,,,2021-06-22,7,1
RV001164,PR000091,CL00184,1,,2023-06-06,47,1
RV001165,PR001180,CL00585,4,Very professional and skilled.,2024-09-17,28,True
RV001166,PR000586,CL00477,5,Would hire again without hesitation.,2021-06-07,49,false
RV001167,PR000091,CL00413,4,Would hire again without hesitation.,2022-03-26,45,True
RV001168,PR000404,CL00357,1,Communication was poor.,,12,false
RV001169,PR000125,CL00282,3,Had to redo parts of the work.,2021-04-13,16,0
RV001170,PR000884,CL00479,4,Outstanding quality and fast turnaround.,2023-06-05,16,True
RV001171,PR001035,CL00856,,Quality was below expectations.,2020-06-11,28,false
RV001172,PR001002,CL00520,1,Quality was below expectations.,2024-08-31,46,0
RV001173,PR000457,CL00169,4,Delivered on time and exceeded expectations.,2024-10-16,17,True
RV001174,PR000243,CL00432,4,"Great work, highly recommend!",2022-06-26,,true
RV001175,PR000252,CL00275,4,Would hire again without hesitation.,2021-04-30,13,1
RV001176,PR000175,CL00658,2,Quality was below expectations.,2022-08-18,20,true
RV001177,PR001077,CL00511,1,Missed the deadline significantly.,2023-03-28,13,False
RV001178,PR001130,CL00760,2,Had to redo parts of the work.,2023-03-03,40,True
RV001179,PR001110,CL00928,5,Would hire again without hesitation.,2022-06-22,11,False
RV001180,PR000574,CL00883,4,Very professional and skilled.,2020-09-03,31,True
RV001181,PR000741,CL00742,1,Quality was below expectations.,2022-05-10,14,True
RV001182,PR000795,CL00870,4,Would hire again without hesitation.,2023-01-15,,0
RV001182,PR000795,CL00870,4,Would hire again without hesitation.,2023-01-15,,0
RV001183,,CL00993,5,"Great work, highly recommend!",2022-08-05,47,False
RV001184,PR000266,CL00442,1,Quality was below expectations.,,31,False
RV001185,PR000406,CL00968,3,Had to redo parts of the work.,2023-08-29,6,false
RV001186,PR000973,CL00257,4,Would hire again without hesitation.,2023-06-23,17,False
RV001187,PR000853,CL00157,5,Delivered on time and exceeded expectations.,2024-09-04,12,true
RV001188,PR001131,CL00977,3,Not as described in the proposal.,2022-09-09,2,true
RV001189,PR000595,CL00916,5,Delivered on time and exceeded expectations.,2021-10-05,10,false
RV001190,PR000430,CL00642,4,Would hire again without hesitation.,2023-09-07,35,0
RV001191,,CL00292,,,2021-01-31,14,false
RV001192,PR000932,CL00629,3,Not as described in the proposal.,,50,True
RV001193,PR000185,CL00739,1,Not as described in the proposal.,,0,0
RV001194,PR000507,CL00677,5,"Great work, highly recommend!",2021-04-28,29,False
RV001195,PR000512,CL00078,4,Excellent communication throughout.,2022-01-13,36,true
RV001196,PR001117,CL00967,2,Communication was poor.,2021-07-28,2,0
RV001197,PR000214,CL00122,4,Would hire again without hesitation.,2024-07-29,32,False
RV001198,PR000269,CL00581,4,Would hire again without hesitation.,2022-05-13,4,false
RV001199,PR001189,CL00747,5,Very professional and skilled.,2023-08-05,43,0
RV001200,PR000772,CL00381,3,Communication was poor.,2023-06-09,29,false
RV001201,,CL00835,9,Outstanding quality and fast turnaround.,2022-03-14,49,False
RV001202,PR000572,CL00681,3,Not as described in the proposal.,2024-04-16,21,false
RV001203,PR001116,CL00004,3,Quality was below expectations.,2021-11-18,29,False
RV001204,PR000510,CL00697,3,Not as described in the proposal.,2023-04-19,0,0
RV001205,PR000321,CL00892,3,Quality was below expectations.,2022-04-15,33,false
RV001206,PR000066,CL00712,5,"Great work, highly recommend!",2024-06-26,12,0
RV001207,PR000578,CL00577,3,Had to redo parts of the work.,,34,true
RV001208,PR000814,CL00790,1,Communication was poor.,2024-05-11,24,False
RV001209,PR000097,CL00145,3,Had to redo parts of the work.,2020-12-31,11,1
RV001210,PR000336,CL00731,4,Excellent communication throughout.,2020-09-25,25,True
RV001211,PR000157,CL00275,1,Not as described in the proposal.,2023-01-08,10,True
RV001212,PR000161,CL00023,5,,2023-07-03,35,false
RV001213,PR000072,CL00946,3,Communication was poor.,2022-07-29,30,true
RV001214,PR000572,CL00088,3,Quality was below expectations.,2022-06-16,21,True
RV001215,PR000618,CL00416,1,Had to redo parts of the work.,2022-05-16,32,true
RV001216,PR000682,CL00334,9,Outstanding quality and fast turnaround.,,36,true
RV001217,PR000532,CL00438,4,Outstanding quality and fast turnaround.,2024-01-25,32,False
RV001218,PR000633,CL00283,2,Not as described in the proposal.,2021-12-14,20,True
RV001219,PR000544,CL00854,3,,2024-07-15,13,1
RV001220,PR000828,CL00088,,Not as described in the proposal.,2021-03-24,11,true
RV001221,PR000483,CL00027,3,Not as described in the proposal.,2024-08-27,,True
RV001222,PR000195,CL00753,2,Had to redo parts of the work.,2021-10-03,37,False
RV001223,PR000878,CL00884,1,Communication was poor.,2021-01-14,47,1
RV001224,PR000434,CL00245,6,Delivered on time and exceeded expectations.,2022-10-24,41,true
RV001225,PR000849,CL00126,1,Missed the deadline significantly.,2023-03-08,5,False
RV001226,PR000306,CL00750,3,Communication was poor.,2023-08-02,27,1
RV001227,PR000282,CL00023,3,Missed the deadline significantly.,2024-04-30,6,false
RV001228,PR000185,CL00683,4,Would hire again without hesitation.,2023-07-03,18,1
RV001229,PR000199,CL00005,4,Outstanding quality and fast turnaround.,2021-02-22,44,0
RV001230,PR000900,CL00928,2,Quality was below expectations.,2024-06-07,12,1
RV001231,PR000805,CL00107,1,Not as described in the proposal.,2021-04-21,34,true
RV001232,PR000569,CL00435,3,Missed the deadline significantly.,,29,0
RV001233,PR000792,CL00181,2,Communication was poor.,2024-08-26,17,False
RV001234,PR000767,CL00006,5,Would hire again without hesitation.,2022-06-26,20,true
RV001235,PR001114,CL00934,3,Missed the deadline significantly.,2024-03-01,27,False
RV001236,PR000400,CL00266,4,Very professional and skilled.,2022-11-26,33,False
RV001237,PR000714,CL00695,5,Very professional and skilled.,2024-08-28,,1
RV001238,PR001042,CL00005,4,Delivered on time and exceeded expectations.,2024-01-05,2,False
RV001239,PR000236,CL00201,10,Very professional and skilled.,2021-12-13,,False
RV001240,PR001190,CL00089,,Delivered on time and exceeded expectations.,2020-06-24,38,False
RV001241,PR000950,CL00254,5,Outstanding quality and fast turnaround.,2023-04-16,13,True
RV001242,PR000350,CL00480,5,,2020-06-10,49,false
RV001243,PR000711,CL00301,4,Would hire again without hesitation.,2023-06-16,23,False
RV001244,PR000103,CL00192,1,Had to redo parts of the work.,2022-06-04,,1
RV001245,PR000936,CL00113,3,Communication was poor.,2023-08-28,3,true
RV001246,PR001026,CL00353,2,Missed the deadline significantly.,2023-01-22,9,1
RV001247,PR000572,CL00716,2,Had to redo parts of the work.,2021-12-04,42,false
RV001248,PR000640,CL00707,2,Not as described in the proposal.,2024-07-09,38,true
RV001249,PR000168,CL00671,3,,2022-11-17,38,0
RV001250,PR000097,CL00229,2,Missed the deadline significantly.,2021-08-23,30,true
RV001250,PR000097,CL00229,2,Missed the deadline significantly.,2021-08-23,30,true
RV001251,PR000694,CL00986,1,Had to redo parts of the work.,2022-07-04,7,0
RV001252,PR000454,CL00352,1,Missed the deadline significantly.,2022-07-09,44,1
RV001253,PR000693,CL00639,5,Excellent communication throughout.,2024-05-23,21,False
RV001254,PR000799,CL00091,5,Excellent communication throughout.,,48,0
RV001255,,CL00420,1,Communication was poor.,2021-01-07,15,true
RV001256,PR001165,CL00623,3,Not as described in the proposal.,2020-11-12,41,true
RV001257,PR000922,CL00411,3,Missed the deadline significantly.,2022-01-05,13,1
RV001258,PR001094,CL00291,2,,2020-07-29,,True
RV001259,PR000668,CL00719,5,Delivered on time and exceeded expectations.,2020-12-09,30,False
RV001260,PR000789,CL00356,,Not as described in the proposal.,2024-05-20,41,true
RV001260,PR000789,CL00356,,Not as described in the proposal.,2024-05-20,41,true
RV001261,PR000237,CL00108,4,"Great work, highly recommend!",,20,True
RV001262,PR000673,CL00363,4,Delivered on time and exceeded expectations.,2022-01-14,5,0
RV001263,PR000681,CL00474,5,Delivered on time and exceeded expectations.,2021-10-17,26,1
RV001264,PR000015,CL00722,5,"Great work, highly recommend!",2022-07-10,,False
RV001264,PR000015,CL00722,5,"Great work, highly recommend!",2022-07-10,,False
RV001265,PR001076,CL00736,4,Would hire again without hesitation.,2021-02-19,5,0
RV001266,PR000239,CL00904,4,"Great work, highly recommend!",2023-01-05,32,true
RV001267,PR000797,CL00675,1,Communication was poor.,2020-10-04,26,True
RV001268,PR000526,CL00452,3,Communication was poor.,2023-06-22,25,1
RV001269,PR000037,CL00029,1,Missed the deadline significantly.,2024-02-11,41,1
RV001270,PR000767,CL00565,1,Quality was below expectations.,2022-10-11,50,True
RV001271,PR000827,CL00156,4,Delivered on time and exceeded expectations.,,15,true
RV001272,PR001012,CL00105,8,"Great work, highly recommend!",2024-10-22,28,false
RV001273,PR000088,CL00050,5,Delivered on time and exceeded expectations.,2022-10-12,48,false
RV001274,PR000469,CL00645,4,Very professional and skilled.,2020-06-03,32,False
RV001275,PR000891,CL00961,3,Missed the deadline significantly.,2024-02-03,35,False
RV001276,PR000272,CL00883,1,Communication was poor.,2020-09-14,46,0
RV001277,PR000929,CL00779,3,Not as described in the proposal.,2021-08-25,26,0
RV001278,PR000944,CL00556,1,Quality was below expectations.,2024-10-08,36,true
RV001279,PR000850,CL00388,5,Delivered on time and exceeded expectations.,2023-01-13,13,False
RV001280,PR001131,CL00098,5,"Great work, highly recommend!",2020-09-03,21,true
RV001281,PR000180,CL00558,3,Quality was below expectations.,2020-12-23,41,1
RV001282,PR000623,CL00485,3,Not as described in the proposal.,2023-12-12,24,False
RV001283,PR000212,CL00234,1,Had to redo parts of the work.,2024-08-14,7,false
RV001284,PR000706,CL00214,5,,2024-06-16,18,False
RV001285,PR000922,CL00223,4,Outstanding quality and fast turnaround.,2022-02-28,5,1
RV001286,PR000328,CL00982,1,Missed the deadline significantly.,2020-10-19,39,1
RV001287,PR000114,CL00129,,Outstanding quality and fast turnaround.,2022-10-27,46,false
RV001288,PR000503,CL00118,,Communication was poor.,2020-08-22,3,False
RV001289,PR000096,CL00548,3,Missed the deadline significantly.,,35,true
RV001290,PR000372,CL00928,5,Delivered on time and exceeded expectations.,2021-09-15,13,true
RV001291,PR001115,CL00420,1,Had to redo parts of the work.,2023-03-05,30,true
RV001292,PR001172,CL00103,5,"Great work, highly recommend!",2021-05-03,41,true
RV001293,PR000531,CL00893,5,Very professional and skilled.,,32,false
RV001294,PR000247,CL00731,2,Not as described in the proposal.,2021-05-01,17,0
RV001295,PR001098,CL00797,3,Communication was poor.,2024-10-26,21,true
RV001296,PR000754,CL00263,5,Very professional and skilled.,2024-07-31,12,True
RV001297,PR001096,CL00407,4,Delivered on time and exceeded expectations.,2024-10-27,22,true
RV001298,PR000302,CL00213,5,"Great work, highly recommend!",2024-10-11,50,0
RV001299,PR000446,CL00028,5,Outstanding quality and fast turnaround.,2024-03-17,25,False
RV001300,PR000981,CL00614,2,Not as described in the proposal.,2023-07-29,35,1
RV001301,PR001156,CL00941,5,,2024-06-17,32,0
RV001302,PR000696,CL00355,6,Very professional and skilled.,2022-08-11,32,0
RV001303,PR000147,CL00897,4,Would hire again without hesitation.,2021-04-28,19,true
RV001304,PR000719,CL00352,3,,2023-09-27,24,False
RV001305,,CL00129,3,Not as described in the proposal.,2024-11-24,33,1
RV001306,PR000206,CL00898,2,,2020-09-18,39,True
RV001307,PR000312,CL00169,2,Missed the deadline significantly.,2021-04-07,27,1
RV001308,PR000828,CL00566,2,Had to redo parts of the work.,2024-04-27,43,0
RV001308,PR000828,CL00566,2,Had to redo parts of the work.,2024-04-27,43,0
RV001309,PR000985,CL00595,3,Not as described in the proposal.,2024-04-15,1,False
RV001310,PR000746,CL00347,2,Quality was below expectations.,2020-09-15,16,1
RV001311,PR000127,CL00024,3,Not as described in the proposal.,2022-11-08,7,0
RV001312,,CL00882,4,Delivered on time and exceeded expectations.,2021-06-05,25,0
RV001313,,CL00397,3,Communication was poor.,,33,0
RV001314,PR000948,CL00593,5,Would hire again without hesitation.,2023-03-27,46,0
RV001315,PR000833,CL00101,,Excellent communication throughout.,2023-08-29,46,true
RV001316,PR000639,CL00217,1,Communication was poor.,2022-03-06,48,False
RV001317,PR000037,CL00723,2,,2023-03-15,42,0
RV001318,PR000109,CL00005,5,Would hire again without hesitation.,2022-01-23,38,false
RV001319,PR001050,CL00600,1,Not as described in the proposal.,,22,False
RV001320,PR000607,CL00046,4,Very professional and skilled.,2023-05-07,,1
RV001321,PR001062,CL00805,5,Very professional and skilled.,2024-09-03,10,True
RV001322,PR000409,CL00408,5,"Great work, highly recommend!",2020-08-09,30,0
RV001323,PR000024,CL00657,5,Excellent communication throughout.,2022-02-25,36,1
RV001324,PR000957,CL00468,4,Delivered on time and exceeded expectations.,2023-03-02,17,0
RV001325,PR000903,CL00104,4,"Great work, highly recommend!",2021-07-27,45,false
RV001326,PR000756,CL00928,3,Had to redo parts of the work.,2021-03-11,35,false
RV001327,PR000559,CL00011,2,Quality was below expectations.,2021-05-21,35,0
RV001328,PR000549,CL00087,1,Missed the deadline significantly.,2021-12-05,19,0
RV001329,PR000642,CL00603,5,Delivered on time and exceeded expectations.,2022-11-11,,0
RV001330,PR000528,CL00799,5,,2021-04-12,47,1
RV001331,PR001060,CL00198,3,Communication was poor.,2022-12-06,43,false
RV001332,PR000353,CL00812,1,Had to redo parts of the work.,2023-12-11,8,True
RV001333,PR000357,CL00793,2,Not as described in the proposal.,2021-02-25,1,false
RV001334,PR000494,CL00359,3,Communication was poor.,2024-08-25,2,1
RV001335,PR000042,CL00399,5,"Great work, highly recommend!",2024-06-13,35,True
RV001336,PR000315,CL00675,2,Communication was poor.,2022-10-08,18,0
RV001337,PR000938,CL00084,3,Not as described in the proposal.,2022-01-08,,false
RV001337,PR000938,CL00084,3,Not as described in the proposal.,2022-01-08,,false
RV001338,PR001106,CL00151,,Missed the deadline significantly.,2021-10-24,11,1
RV001338,PR001106,CL00151,,Missed the deadline significantly.,2021-10-24,11,1
RV001339,PR000987,CL00433,5,"Great work, highly recommend!",2021-03-12,9,False
RV001340,,CL00814,4,Delivered on time and exceeded expectations.,2023-11-29,11,False
RV001341,PR001014,CL00074,3,Missed the deadline significantly.,2021-11-13,35,0
RV001342,PR000521,CL00555,5,Outstanding quality and fast turnaround.,2024-01-19,43,False
RV001343,PR000617,CL00581,4,,2021-01-31,49,False
RV001344,PR000228,CL00710,2,Quality was below expectations.,2022-12-01,16,true
RV001345,,CL00053,2,Not as described in the proposal.,2023-02-05,40,false
RV001346,PR000521,CL00700,2,Quality was below expectations.,2024-02-07,32,true
RV001347,PR001075,CL00149,4,"Great work, highly recommend!",2021-12-03,0,1
RV001348,PR000932,CL00495,4,Excellent communication throughout.,2024-08-08,28,True
RV001349,PR000650,CL00228,2,Not as described in the proposal.,2021-09-07,11,0
RV001350,PR000597,CL00749,1,Had to redo parts of the work.,2022-03-31,39,0
RV001351,PR000246,CL00411,1,Not as described in the proposal.,2023-01-01,22,true
RV001352,PR000931,CL00920,1,Missed the deadline significantly.,2022-12-09,46,True
RV001353,PR000914,CL00466,3,Quality was below expectations.,2022-04-13,2,false
RV001354,PR000609,CL00521,5,,2024-11-03,7,false
RV001355,PR001064,CL00830,5,Would hire again without hesitation.,2020-09-16,14,0
RV001355,PR001064,CL00830,5,Would hire again without hesitation.,2020-09-16,14,0
RV001356,PR000020,CL00547,2,Communication was poor.,2022-02-10,50,False
RV001357,PR000398,CL00959,,Communication was poor.,2023-04-10,15,False
RV001358,PR001170,CL00565,1,Not as described in the proposal.,2024-11-14,39,0
RV001359,PR001160,CL00598,2,Not as described in the proposal.,,37,1
RV001360,PR001178,CL00097,4,"Great work, highly recommend!",2021-08-06,27,1
RV001361,PR000403,CL00397,2,Communication was poor.,2023-06-17,,0
RV001362,PR001102,CL00601,3,Missed the deadline significantly.,2021-12-11,21,False
RV001363,,CL00105,4,Would hire again without hesitation.,2021-09-12,21,False
RV001364,PR000034,CL00708,4,"Great work, highly recommend!",2024-11-30,10,0
RV001365,PR000302,CL00295,1,Quality was below expectations.,2024-05-06,26,true
RV001366,PR000900,CL00586,4,"Great work, highly recommend!",2023-01-11,44,false
RV001367,PR000679,CL00770,4,Would hire again without hesitation.,2022-01-08,44,false
RV001368,PR001033,CL00411,4,Would hire again without hesitation.,2024-04-24,31,False
RV001369,PR000040,CL00557,5,"Great work, highly recommend!",,30,false
RV001370,PR000240,CL00209,5,Would hire again without hesitation.,2021-04-17,43,False
RV001371,PR000381,CL00237,5,Very professional and skilled.,2020-11-29,16,true
RV001372,PR000717,CL00494,3,Had to redo parts of the work.,2024-09-22,11,false
RV001373,PR000942,CL00418,1,Had to redo parts of the work.,2022-12-21,36,False
RV001374,PR000770,CL00545,4,Very professional and skilled.,2022-10-27,35,0
RV001375,PR000419,CL00790,5,,2023-03-06,32,False
RV001376,PR000331,CL00988,2,Communication was poor.,2022-03-10,,false
RV001377,PR000665,CL00325,1,Not as described in the proposal.,2023-10-28,18,0
RV001378,,CL00917,5,Outstanding quality and fast turnaround.,2021-11-03,2,False
RV001379,PR000143,CL00158,5,Very professional and skilled.,2024-09-08,27,0
RV001380,PR000423,CL00764,6,Delivered on time and exceeded expectations.,2023-03-01,30,False
RV001381,PR001096,CL00755,3,Had to redo parts of the work.,2023-05-23,39,True
RV001382,PR000669,CL00279,2,Communication was poor.,2020-06-06,32,1
RV001383,PR000765,CL00356,5,Delivered on time and exceeded expectations.,2022-01-15,3,True
RV001384,PR000946,CL00834,2,Quality was below expectations.,2023-06-29,21,0
RV001385,PR000658,CL00916,2,Quality was below expectations.,2022-04-20,11,False
RV001386,PR000585,CL00641,,Very professional and skilled.,2022-06-20,34,true
RV001387,PR000962,CL00453,2,Not as described in the proposal.,,28,True
RV001388,PR001114,CL00495,9,Would hire again without hesitation.,2021-06-06,2,false
RV001389,PR000348,CL00546,,Communication was poor.,2023-03-21,49,true
RV001390,PR000374,CL00020,5,Would hire again without hesitation.,2022-06-12,19,0
RV001391,PR000368,CL00731,5,Delivered on time and exceeded expectations.,2021-09-02,14,True
RV001392,PR000999,CL00426,5,Outstanding quality and fast turnaround.,2023-12-22,34,True
RV001393,PR000539,CL00197,1,Missed the deadline significantly.,2023-02-23,2,true
RV001394,PR000412,CL00458,1,Missed the deadline significantly.,2024-08-26,26,1
RV001395,PR000997,CL00200,3,Had to redo parts of the work.,2023-04-02,32,false
RV001396,PR001055,CL00108,5,Would hire again without hesitation.,2022-09-07,18,0
RV001397,PR000371,CL00301,4,Very professional and skilled.,2023-04-09,,True
RV001398,PR000701,CL00196,5,Very professional and skilled.,2024-06-17,46,False
RV001399,PR000748,CL00437,1,Missed the deadline significantly.,2024-06-26,41,false
RV001400,PR000822,CL00553,5,Very professional and skilled.,2023-08-01,37,True
RV001401,PR000522,CL00789,1,Had to redo parts of the work.,,43,true
RV001402,PR000412,CL00712,2,Not as described in the proposal.,2023-02-18,14,True
RV001403,PR000510,CL00954,3,Quality was below expectations.,2022-01-06,25,true
RV001404,PR001024,CL00022,1,Missed the deadline significantly.,,1,False
RV001405,PR000818,CL00521,1,Communication was poor.,2023-01-12,39,1
RV001406,PR000802,CL00797,2,,2023-03-10,38,False
RV001407,PR000175,CL00207,5,Would hire again without hesitation.,2021-01-25,10,True
RV001408,PR000951,CL00296,4,Delivered on time and exceeded expectations.,2021-01-25,1,0
RV001409,PR000972,CL00773,1,Had to redo parts of the work.,,14,1
RV001410,PR000544,CL00467,4,Delivered on time and exceeded expectations.,2024-08-01,8,False
RV001411,PR000654,CL00387,2,Communication was poor.,2021-12-11,1,0
RV001412,PR000714,CL00751,1,Not as described in the proposal.,2022-07-18,35,False
RV001413,PR000930,CL00542,2,Not as described in the proposal.,2024-01-18,39,false
RV001414,PR000737,CL00018,3,,2024-02-03,36,true
RV001415,PR000713,CL00243,2,Not as described in the proposal.,2022-04-21,17,false
RV001416,PR000594,CL00582,3,Missed the deadline significantly.,,2,False
RV001417,PR000976,CL00764,9,,2020-10-28,8,True
RV001418,PR000013,CL00483,9,"Great work, highly recommend!",2023-06-14,35,true
RV001419,PR000679,CL00188,5,,2022-07-26,20,true
RV001420,PR000943,CL00615,3,Had to redo parts of the work.,2022-07-24,2,True
RV001421,PR000515,CL00343,4,Outstanding quality and fast turnaround.,2021-03-18,35,1
RV001422,PR000684,CL00312,3,,2023-12-24,12,0
RV001423,PR000801,CL00219,2,Communication was poor.,2021-05-15,14,false
RV001424,PR000331,CL00804,3,Had to redo parts of the work.,2020-09-28,47,False
RV001425,PR000475,CL00421,1,Missed the deadline significantly.,2021-11-15,3,true
RV001426,PR000175,CL00507,2,,2020-10-05,44,true
RV001427,PR000444,CL00553,3,Quality was below expectations.,2024-09-11,2,false
RV001428,PR000113,CL00683,4,Would hire again without hesitation.,2022-09-06,9,False
RV001429,PR000901,CL00710,3,Communication was poor.,2023-01-14,9,false
RV001430,PR000048,CL00134,2,Communication was poor.,2021-03-27,8,False
RV001431,PR000790,CL00812,3,Not as described in the proposal.,2021-05-24,44,0
RV001431,PR000790,CL00812,3,Not as described in the proposal.,2021-05-24,44,0
RV001432,PR000456,CL00226,4,Excellent communication throughout.,2023-03-19,33,False
RV001433,PR000470,CL00209,4,Outstanding quality and fast turnaround.,2022-04-24,30,0
RV001434,PR000128,CL00365,4,Very professional and skilled.,2022-03-18,19,0
RV001435,PR000139,CL00651,,Very professional and skilled.,2023-08-12,20,True
RV001436,PR000639,CL00728,2,Had to redo parts of the work.,2023-08-05,1,True
RV001437,PR000161,CL00823,3,Communication was poor.,2024-09-29,40,1
RV001438,PR000781,CL00623,,Not as described in the proposal.,2022-07-03,8,True
RV001439,PR000382,CL00365,5,Excellent communication throughout.,2021-08-12,,0
RV001440,PR000142,CL00494,4,,2023-12-02,21,false
RV001441,PR000257,CL00305,1,Missed the deadline significantly.,2023-10-22,42,false
RV001442,PR000066,CL00349,4,Delivered on time and exceeded expectations.,2024-10-18,11,True
RV001443,PR000416,CL00844,5,Outstanding quality and fast turnaround.,2023-11-08,13,True
RV001444,PR000162,CL00833,3,,2022-08-19,48,false
RV001445,PR000137,CL00215,4,Excellent communication throughout.,2023-05-31,23,True
RV001446,PR000456,CL00454,,Not as described in the proposal.,2022-06-06,16,False
RV001447,,CL00920,3,Had to redo parts of the work.,2024-04-19,35,false
RV001448,PR000553,CL00091,5,Delivered on time and exceeded expectations.,2024-04-14,18,True
RV001449,PR000274,CL00257,4,Would hire again without hesitation.,2024-09-13,34,False
RV001450,,CL00099,4,,2024-04-05,31,False
RV001451,PR000394,CL00360,3,Not as described in the proposal.,,28,0
RV001452,,CL00214,5,Outstanding quality and fast turnaround.,2021-06-29,1,1
RV001453,PR000680,CL00235,3,Quality was below expectations.,2021-12-05,36,False
RV001454,PR001069,CL00667,5,Delivered on time and exceeded expectations.,2023-04-10,21,False
RV001455,PR000378,CL00268,2,Missed the deadline significantly.,2022-12-04,33,True
RV001456,PR000977,CL00901,3,Communication was poor.,2023-05-18,11,0
RV001457,PR000329,CL00013,1,Communication was poor.,2020-08-08,3,0
RV001458,PR000981,CL00787,5,"Great work, highly recommend!",2022-02-08,8,0
RV001459,PR000492,CL00287,4,Excellent communication throughout.,2022-07-14,46,true
RV001460,PR001182,CL00226,3,Communication was poor.,2024-04-21,46,0
RV001461,PR000799,CL00596,2,Not as described in the proposal.,2023-03-04,32,1
RV001462,PR000223,CL00834,4,"Great work, highly recommend!",2022-08-29,6,0
RV001463,PR001046,CL00006,5,Excellent communication throughout.,2024-11-12,7,0
RV001464,PR000534,CL00506,4,Delivered on time and exceeded expectations.,2022-07-01,27,0
RV001465,PR000561,CL00232,1,Quality was below expectations.,2022-12-26,23,1
RV001466,PR000619,CL00112,3,Quality was below expectations.,2022-10-13,13,1
RV001467,PR000614,CL00459,1,Communication was poor.,2022-05-02,27,true
RV001468,PR001123,CL00265,2,Not as described in the proposal.,2024-10-02,37,False
RV001469,PR000307,CL00294,2,Had to redo parts of the work.,2023-11-12,48,0
RV001470,PR000098,CL00083,2,Not as described in the proposal.,2020-11-20,44,true
RV001471,PR000918,CL00205,4,Would hire again without hesitation.,2023-05-13,6,true
RV001472,PR000235,CL00511,2,Not as described in the proposal.,2022-08-16,29,0
RV001473,PR000468,CL00976,5,Excellent communication throughout.,2024-03-10,4,1
RV001474,PR001095,CL00296,1,,2021-02-06,28,true
RV001475,PR000344,CL00863,5,Outstanding quality and fast turnaround.,2024-03-24,13,True
RV001476,PR000102,CL00230,3,Missed the deadline significantly.,,19,1
RV001477,PR000523,CL00368,1,Not as described in the proposal.,2021-04-05,40,False
RV001478,PR000467,CL00009,3,Missed the deadline significantly.,2020-09-16,43,0
RV001479,PR000920,CL00048,2,Quality was below expectations.,2022-03-22,33,true
RV001480,PR001026,CL00408,5,Would hire again without hesitation.,2023-03-27,26,1
RV001481,PR000579,CL00289,2,,2020-11-12,41,false
RV001482,PR000803,CL00401,2,Quality was below expectations.,2021-09-06,7,1
RV001483,PR001094,CL00865,3,Not as described in the proposal.,2023-01-18,46,true
RV001484,PR000092,CL00422,1,Not as described in the proposal.,2023-08-09,15,1
RV001485,PR000722,CL00433,1,Had to redo parts of the work.,2021-02-06,50,1
RV001486,PR000281,CL00221,4,,2024-09-17,4,1
RV001487,PR000258,CL00948,1,Missed the deadline significantly.,2021-10-21,46,0
RV001488,PR000585,CL00461,2,,2022-08-14,5,1
RV001489,PR001103,CL00413,1,Missed the deadline significantly.,2022-12-22,26,true
RV001490,PR000890,CL00401,4,Outstanding quality and fast turnaround.,2024-08-13,13,False
RV001491,PR000288,CL00992,2,Quality was below expectations.,2020-09-28,47,1
RV001492,PR000381,CL00577,3,Had to redo parts of the work.,2024-01-08,48,False
RV001493,PR000917,CL00507,5,Excellent communication throughout.,2024-08-04,5,False
RV001494,PR000266,CL00455,,Had to redo parts of the work.,2020-10-18,,1
RV001495,PR000102,CL00654,4,Delivered on time and exceeded expectations.,2024-05-16,34,false
RV001496,PR000640,CL00575,5,"Great work, highly recommend!",2021-03-30,45,False
RV001497,PR000482,CL00995,4,"Great work, highly recommend!",2024-08-09,3,0
RV001498,PR000591,CL00738,4,"Great work, highly recommend!",2020-11-26,0,1
RV001499,PR000310,CL00242,5,Outstanding quality and fast turnaround.,2021-06-13,45,true
RV001500,PR001071,CL00043,2,Not as described in the proposal.,2024-01-11,33,True
RV001501,PR000471,CL00870,2,Communication was poor.,2024-01-31,28,True
RV001502,PR000633,CL00209,1,Communication was poor.,2023-04-09,15,False
RV001503,PR000615,CL00270,4,Delivered on time and exceeded expectations.,2023-03-24,8,0
RV001504,PR000114,CL00612,3,,2022-11-17,47,1
RV001505,PR000359,CL00029,2,Communication was poor.,2022-02-26,2,0
RV001506,PR000218,CL00860,4,"Great work, highly recommend!",2024-09-09,29,false
RV001507,PR001106,CL00438,1,Quality was below expectations.,2024-04-13,26,True
RV001508,PR001009,CL00972,5,Excellent communication throughout.,2023-12-09,,0
RV001509,PR000705,CL00353,2,Not as described in the proposal.,2021-08-08,20,true
RV001510,PR001035,CL00427,1,Communication was poor.,2022-02-25,1,True
RV001511,PR000685,CL00015,1,Missed the deadline significantly.,2023-01-29,30,True
RV001512,PR000902,CL00396,4,Outstanding quality and fast turnaround.,2022-04-10,16,False
RV001513,PR000394,CL00076,1,Had to redo parts of the work.,,9,False
RV001514,PR000286,CL00318,1,Communication was poor.,2022-11-12,3,1
RV001515,PR001040,CL00103,1,Communication was poor.,2021-11-23,45,True
RV001516,PR001031,CL00464,3,Communication was poor.,2022-05-10,12,True
RV001517,PR000033,CL00941,1,Missed the deadline significantly.,2024-02-25,23,true
RV001518,PR000007,CL00370,4,"Great work, highly recommend!",2021-02-12,38,true
RV001519,PR001167,CL00958,3,Quality was below expectations.,2024-10-02,39,0
RV001520,PR000723,CL00061,5,"Great work, highly recommend!",2022-04-30,1,1
RV001521,PR001016,CL00609,5,Delivered on time and exceeded expectations.,2024-04-26,47,true
RV001522,PR000387,CL00117,5,,2020-12-21,2,1
RV001523,PR000463,CL00808,1,Had to redo parts of the work.,2022-12-09,6,1
RV001524,PR000452,CL00622,4,Delivered on time and exceeded expectations.,2021-10-08,23,False
RV001525,PR000951,CL00336,3,Not as described in the proposal.,2021-07-19,50,0
RV001526,PR000048,CL00588,1,Communication was poor.,2020-08-07,5,true
RV001527,PR000093,CL00274,,Would hire again without hesitation.,2023-01-25,41,0
RV001528,PR000535,CL00575,2,,2022-05-11,27,True
RV001529,PR001199,CL00075,5,Outstanding quality and fast turnaround.,2024-05-23,18,0
RV001530,PR000383,CL00860,5,Would hire again without hesitation.,2022-10-01,,true
RV001531,PR000752,CL00833,4,Outstanding quality and fast turnaround.,2020-06-12,0,true
RV001532,PR001138,CL00850,5,Very professional and skilled.,2023-07-27,14,false
RV001533,PR000423,CL00147,3,Missed the deadline significantly.,2023-12-14,6,True
RV001534,PR000186,CL00383,3,Had to redo parts of the work.,2020-06-26,26,true
RV001535,PR000590,CL00949,1,Had to redo parts of the work.,2022-04-15,,1
RV001536,PR000470,CL00100,5,Very professional and skilled.,2023-12-23,37,0
RV001537,PR000060,CL00390,2,Quality was below expectations.,2023-02-18,27,false
RV001538,PR001113,CL00171,1,Quality was below expectations.,2021-08-03,30,1
RV001539,PR000288,CL00362,3,Quality was below expectations.,2020-07-29,35,False
RV001540,PR000508,CL00664,5,"Great work, highly recommend!",2020-12-21,47,True
RV001541,PR001058,CL00652,2,Not as described in the proposal.,2023-01-27,36,true
RV001542,PR000187,CL00889,1,Had to redo parts of the work.,2024-06-18,4,false
RV001543,PR000444,CL00254,4,Excellent communication throughout.,2021-06-23,48,0
RV001544,PR000596,CL00900,1,Had to redo parts of the work.,2021-11-26,,false
RV001545,PR001157,CL00425,2,Communication was poor.,2023-11-20,40,1
RV001545,PR001157,CL00425,2,Communication was poor.,2023-11-20,40,1
RV001546,PR000370,CL00464,4,Would hire again without hesitation.,2021-12-22,38,true
RV001546,PR000370,CL00464,4,Would hire again without hesitation.,2021-12-22,38,true
RV001547,PR000880,CL00818,2,Quality was below expectations.,2023-01-29,14,False
RV001548,PR000808,CL00060,4,Delivered on time and exceeded expectations.,2020-10-01,16,1
RV001549,PR000804,CL00414,2,Had to redo parts of the work.,2020-10-14,16,1
RV001550,PR000806,CL00017,3,Quality was below expectations.,2021-03-22,32,true
RV001551,PR000434,CL00969,5,Very professional and skilled.,2021-07-22,50,False
RV001552,PR000689,CL00333,2,Had to redo parts of the work.,2024-11-26,26,True
RV001553,PR001104,CL00063,2,Not as described in the proposal.,2022-09-17,24,False
RV001554,PR000247,CL00459,4,"Great work, highly recommend!",2024-01-21,31,False
RV001554,PR000247,CL00459,4,"Great work, highly recommend!",2024-01-21,31,False
RV001555,PR000574,CL00397,2,Not as described in the proposal.,2022-11-24,27,false
RV001556,PR000560,CL00772,4,,2024-02-09,37,False
RV001557,PR000443,CL00486,5,Outstanding quality and fast turnaround.,2023-09-05,26,False
RV001558,PR001032,CL00394,5,Would hire again without hesitation.,2024-08-22,28,0
RV001559,PR000099,CL00308,5,Excellent communication throughout.,2023-01-03,,true
RV001560,PR000535,CL00874,5,Outstanding quality and fast turnaround.,2021-05-02,26,0
RV001561,PR000084,CL00553,5,Outstanding quality and fast turnaround.,2021-02-27,27,false
RV001562,PR000876,CL00382,4,"Great work, highly recommend!",,28,True
RV001563,PR001145,CL00513,2,Had to redo parts of the work.,2023-04-12,9,0
RV001564,PR000961,CL00943,4,Outstanding quality and fast turnaround.,2023-02-15,25,1
RV001565,PR000849,CL00909,4,Delivered on time and exceeded expectations.,2022-10-22,,False
RV001566,PR000368,CL00996,3,Had to redo parts of the work.,2022-08-04,23,false
RV001567,PR000376,CL00306,3,Not as described in the proposal.,2023-03-17,48,False
RV001568,PR001070,CL00192,5,"Great work, highly recommend!",2023-08-28,49,1
RV001569,PR000911,CL00859,3,Communication was poor.,2021-05-10,43,false
RV001570,PR000660,CL00137,2,Had to redo parts of the work.,2020-09-07,9,false
RV001571,PR000515,CL00960,1,Not as described in the proposal.,2023-03-24,14,True
RV001572,PR000095,CL00482,6,"Great work, highly recommend!",2022-12-05,,0
RV001573,PR000881,CL00140,2,Quality was below expectations.,,19,true
RV001574,PR000823,CL00916,,Missed the deadline significantly.,2021-03-30,6,False
RV001575,PR000825,CL00321,3,Communication was poor.,2021-04-23,39,false
RV001576,PR000663,CL00418,10,Very professional and skilled.,2024-02-01,31,0
RV001577,PR000393,CL00876,,Quality was below expectations.,2022-01-09,32,true
RV001578,PR001183,CL00597,4,,2020-08-20,46,True
RV001579,PR000264,CL00311,4,Outstanding quality and fast turnaround.,2020-10-25,42,false
RV001580,PR000111,CL00541,4,"Great work, highly recommend!",2024-05-25,6,false
RV001581,PR000992,CL00688,1,Missed the deadline significantly.,2022-04-20,32,1
RV001582,PR000516,CL00056,5,Very professional and skilled.,2022-12-12,50,False
RV001583,PR000007,CL00977,3,Had to redo parts of the work.,2020-12-03,41,true
RV001584,PR000253,CL00211,3,Missed the deadline significantly.,2024-09-16,44,1
RV001585,PR000747,CL00195,2,Had to redo parts of the work.,2024-04-27,39,False
RV001586,PR000131,CL00480,4,Delivered on time and exceeded expectations.,2024-01-12,20,0
RV001587,PR000683,CL00886,1,Quality was below expectations.,2022-12-22,37,False
RV001588,PR000971,CL00050,4,Delivered on time and exceeded expectations.,2021-01-20,2,false
RV001589,PR000555,CL00278,4,Very professional and skilled.,2021-04-16,16,False
RV001590,PR000012,CL00951,1,Not as described in the proposal.,2024-11-03,39,True
RV001591,PR000297,CL00032,2,Missed the deadline significantly.,2021-07-29,32,True
RV001592,PR000612,CL00193,4,Delivered on time and exceeded expectations.,2021-03-13,7,0
RV001593,PR000299,CL00512,3,Had to redo parts of the work.,2022-04-14,2,False
RV001594,PR000871,CL00835,3,Had to redo parts of the work.,2023-06-01,47,1
RV001595,PR000837,CL00162,3,Not as described in the proposal.,2022-03-14,13,True
RV001596,PR000801,CL00455,5,"Great work, highly recommend!",2024-04-03,8,0
RV001597,PR001065,CL00565,3,Quality was below expectations.,2021-05-12,39,0
RV001598,PR000594,CL00268,1,Not as described in the proposal.,2023-03-24,40,True
RV001599,PR000104,CL00528,5,Would hire again without hesitation.,2024-10-24,39,1
RV001600,,CL00808,1,Missed the deadline significantly.,2022-08-20,23,True
RV001601,PR000272,CL00019,5,,2023-05-15,29,True
RV001602,,CL00993,3,Had to redo parts of the work.,2021-09-14,29,true
RV001603,PR001011,CL00104,3,Had to redo parts of the work.,2021-09-23,6,False
RV001604,PR000510,CL00522,3,Missed the deadline significantly.,2023-05-02,5,false
RV001605,PR000281,CL00782,1,Communication was poor.,2020-11-28,32,True
RV001606,PR000612,CL00073,1,Missed the deadline significantly.,2020-07-08,15,false
RV001607,PR001003,CL00963,5,Very professional and skilled.,,12,False
RV001608,PR000082,CL00010,2,Missed the deadline significantly.,2024-03-14,28,false
RV001609,PR000421,CL00281,3,Missed the deadline significantly.,2021-07-15,1,True
RV001610,PR001084,CL00450,5,Would hire again without hesitation.,2022-10-19,32,False
RV001611,PR000423,CL00536,2,Communication was poor.,2020-08-11,37,0
RV001612,PR001076,CL00390,1,Missed the deadline significantly.,2020-10-16,45,0
RV001613,PR000266,CL00237,4,Very professional and skilled.,2023-01-02,21,1
RV001614,PR000360,CL00421,3,Communication was poor.,2023-12-18,42,false
RV001615,PR000305,CL00606,2,Quality was below expectations.,2021-11-06,15,true
RV001616,PR000806,CL00296,4,Would hire again without hesitation.,2024-04-04,9,true
RV001617,PR000056,CL00537,4,Very professional and skilled.,2023-11-17,6,False
RV001618,PR001070,CL00574,1,Had to redo parts of the work.,2021-04-16,38,false
RV001619,PR000614,CL00112,1,Had to redo parts of the work.,2022-01-30,9,false
RV001620,,CL00165,1,Had to redo parts of the work.,2024-06-12,0,true
RV001621,PR000447,CL00775,2,Had to redo parts of the work.,2023-11-16,50,False
RV001622,PR000987,CL00181,2,Not as described in the proposal.,2022-02-15,44,1
RV001623,PR000845,CL00517,1,Quality was below expectations.,2021-03-01,45,1
RV001624,PR001162,CL00862,3,Missed the deadline significantly.,2024-02-10,35,false
RV001625,PR000185,CL00484,3,Communication was poor.,2020-08-15,25,true
RV001626,PR000062,CL00965,2,Had to redo parts of the work.,2021-12-18,40,0
RV001627,PR001097,CL00027,3,Quality was below expectations.,2020-10-21,46,false
RV001628,PR000614,CL00969,4,"Great work, highly recommend!",2020-06-16,9,False
RV001629,PR001007,CL00690,4,Very professional and skilled.,2022-07-01,21,0
RV001630,PR000414,CL00070,2,Communication was poor.,2022-06-19,36,False
RV001631,PR000726,CL00880,,Missed the deadline significantly.,2021-03-10,20,0
RV001632,PR000045,CL00383,4,,2024-09-12,10,False
RV001633,PR001032,CL00167,5,Very professional and skilled.,2023-12-05,7,1
RV001634,PR000825,CL00624,1,Not as described in the proposal.,2021-04-26,5,1
RV001635,PR000717,CL00847,5,Excellent communication throughout.,2024-02-16,43,0
RV001636,PR000787,CL00226,1,Communication was poor.,2022-03-10,12,0
RV001637,PR000108,CL00477,2,Communication was poor.,2022-10-30,27,True
RV001638,PR000674,CL00916,4,,2023-07-27,19,true
RV001639,PR001011,CL00750,4,Would hire again without hesitation.,2020-07-27,39,True
RV001640,,CL00300,4,Delivered on time and exceeded expectations.,2021-09-09,31,0
RV001641,PR001017,CL00438,1,Communication was poor.,2023-09-17,23,False
RV001642,PR000599,CL00933,4,Delivered on time and exceeded expectations.,2022-03-06,27,true
RV001643,PR001142,CL00846,9,Would hire again without hesitation.,2023-05-07,22,0
RV001644,PR000931,CL00735,1,Had to redo parts of the work.,2022-05-03,33,false
RV001645,PR000044,CL00894,2,Missed the deadline significantly.,2021-04-27,40,true
RV001646,PR001023,CL00475,5,Would hire again without hesitation.,2022-12-11,18,false
RV001647,PR000165,CL00273,,Outstanding quality and fast turnaround.,2022-05-31,40,0
RV001648,PR000233,CL00224,4,Excellent communication throughout.,2022-03-10,3,True
RV001649,PR000785,CL00636,2,Quality was below expectations.,2022-11-05,29,1
RV001650,PR000490,CL00999,2,,2022-07-17,33,False
RV001651,PR001025,CL00485,2,Quality was below expectations.,2020-09-03,7,false
RV001652,PR000618,CL00634,4,Outstanding quality and fast turnaround.,2020-07-01,47,0
RV001653,PR000161,CL00500,4,"Great work, highly recommend!",2021-12-17,44,true
RV001654,,CL00336,2,Not as described in the proposal.,2020-09-11,34,true
RV001655,PR000308,CL00019,2,Communication was poor.,2024-07-23,39,0
RV001656,PR000237,CL00520,2,,2023-12-30,,false
RV001657,PR001126,CL00029,2,Had to redo parts of the work.,2020-10-17,30,True
RV001658,PR001143,CL00128,4,"Great work, highly recommend!",2023-11-03,2,0
RV001659,PR000463,CL00553,,Outstanding quality and fast turnaround.,2022-06-18,26,true
RV001660,PR000209,CL00168,4,"Great work, highly recommend!",2024-11-22,4,False
RV001661,PR000043,CL00949,3,Not as described in the proposal.,2020-07-21,35,true
RV001662,PR000148,CL00772,4,Very professional and skilled.,2020-06-13,47,0
RV001663,PR000426,CL00995,3,Had to redo parts of the work.,2024-11-21,5,1
RV001664,PR000180,CL00636,2,Not as described in the proposal.,2023-09-09,24,False
RV001665,,CL00570,5,Very professional and skilled.,2024-05-17,44,True
RV001666,PR000460,CL00064,5,Outstanding quality and fast turnaround.,2021-08-13,25,false
RV001667,PR000169,CL00799,2,Not as described in the proposal.,2020-06-21,3,False
RV001668,PR000228,CL00360,5,Delivered on time and exceeded expectations.,2022-11-16,6,false
RV001669,PR000049,CL00099,5,Would hire again without hesitation.,2022-03-02,40,False
RV001670,PR001199,CL00270,,Had to redo parts of the work.,2021-11-04,5,1
RV001671,PR000263,CL00718,5,Very professional and skilled.,2023-03-02,12,1
RV001672,PR000692,CL00825,1,Had to redo parts of the work.,2022-01-25,22,True
RV001673,PR000158,CL00566,1,Had to redo parts of the work.,2023-05-16,0,True
RV001674,PR000459,CL00154,3,Missed the deadline significantly.,2022-11-23,44,false
RV001675,PR000458,CL00192,5,,2024-09-17,50,0
RV001676,PR000322,CL00590,3,Missed the deadline significantly.,2024-05-21,4,False
RV001677,PR000467,CL00074,2,Had to redo parts of the work.,2024-05-09,,False
RV001678,PR000163,CL00017,7,,2022-10-04,,1
RV001679,PR000464,CL00852,5,Excellent communication throughout.,2021-09-30,15,0
RV001680,PR001058,CL00237,2,Quality was below expectations.,2020-09-18,33,False
RV001681,PR000945,CL00238,1,Not as described in the proposal.,2022-02-10,47,True
RV001682,PR000992,CL00162,4,Outstanding quality and fast turnaround.,,29,true
RV001683,PR000504,CL00193,5,Excellent communication throughout.,2023-11-18,14,0
RV001684,PR000535,CL00597,3,Quality was below expectations.,2024-05-01,13,True
RV001685,PR001140,CL00066,,Quality was below expectations.,2024-11-10,6,True
RV001686,PR000928,CL00617,3,Not as described in the proposal.,2021-10-12,43,0
RV001686,PR000928,CL00617,3,Not as described in the proposal.,2021-10-12,43,0
RV001687,PR000919,CL00508,3,Not as described in the proposal.,2021-10-27,35,false
RV001688,PR001100,CL00537,2,Missed the deadline significantly.,,42,false
RV001689,PR001066,CL00292,4,Delivered on time and exceeded expectations.,2021-11-06,35,0
RV001690,PR000151,CL00020,5,Excellent communication throughout.,2021-01-22,38,true
RV001691,PR000371,CL00436,1,Not as described in the proposal.,,30,1
RV001692,PR000601,CL00419,3,Missed the deadline significantly.,2021-04-27,3,0
RV001693,PR000999,CL00491,5,Outstanding quality and fast turnaround.,2020-07-21,13,true
RV001694,PR000675,CL00232,3,Had to redo parts of the work.,2021-01-19,23,False
RV001695,PR000376,CL00127,5,Would hire again without hesitation.,2021-08-24,42,false
RV001696,PR000324,CL00510,3,Not as described in the proposal.,2021-09-15,9,True
RV001697,PR000872,CL00224,3,Quality was below expectations.,2022-05-29,1,true
RV001698,PR000823,CL00864,3,Not as described in the proposal.,2024-04-21,37,False
RV001699,PR000331,CL00890,4,"Great work, highly recommend!",2023-09-05,42,false
RV001700,,CL00169,,,2024-07-02,27,true
RV001701,PR000337,CL00418,5,,2022-10-27,4,False
RV001702,PR000884,CL00341,1,,2024-04-14,47,1
RV001703,PR000096,CL00037,4,Would hire again without hesitation.,2023-02-25,29,True
RV001704,PR000374,CL00878,5,Delivered on time and exceeded expectations.,2022-03-03,,False
RV001705,PR000301,CL00674,1,Missed the deadline significantly.,2023-03-17,11,1
RV001706,,CL00465,3,,2020-10-30,33,false
RV001707,PR001178,CL00144,1,Missed the deadline significantly.,2024-05-21,29,0
RV001708,PR000828,CL00203,5,Excellent communication throughout.,2022-04-21,9,true
RV001709,PR000422,CL00960,,"Great work, highly recommend!",2021-07-31,6,false
RV001710,PR000311,CL00661,2,Quality was below expectations.,2022-06-20,40,1
RV001711,PR000008,CL00053,2,Missed the deadline significantly.,2023-09-17,46,True
RV001712,PR000713,CL00046,4,Outstanding quality and fast turnaround.,2024-01-25,42,false
RV001713,PR000167,CL00360,3,Quality was below expectations.,2021-10-04,43,0
RV001714,PR000829,CL00802,1,Missed the deadline significantly.,2023-11-04,5,false
RV001715,PR000464,CL00099,1,Not as described in the proposal.,2022-06-26,,true
RV001716,PR000823,CL00577,1,Not as described in the proposal.,2023-07-06,24,1
RV001717,PR000947,CL00252,4,,2024-09-10,44,False
RV001718,,CL00441,6,Excellent communication throughout.,2022-06-02,6,True
RV001719,PR000380,CL00192,,Communication was poor.,2021-08-30,5,1
RV001720,PR000949,CL00114,5,Very professional and skilled.,2023-01-29,2,false
RV001721,PR001010,CL00514,2,Had to redo parts of the work.,2022-08-09,37,0
RV001722,PR000745,CL00890,2,Not as described in the proposal.,2022-03-20,7,True
RV001723,PR000509,CL00505,1,Missed the deadline significantly.,2022-01-13,32,false
RV001724,PR000873,CL00158,1,Missed the deadline significantly.,2022-02-02,43,False
RV001725,PR001018,CL00104,4,"Great work, highly recommend!",2023-08-20,0,False
RV001726,,CL00329,3,Quality was below expectations.,2022-05-13,38,False
RV001727,PR000521,CL00363,5,Delivered on time and exceeded expectations.,2020-10-05,3,1
RV001728,PR000631,CL00269,2,Missed the deadline significantly.,2022-12-25,11,1
RV001729,PR000493,CL00557,4,,2023-08-24,,true
RV001730,,CL00369,3,Not as described in the proposal.,2022-08-06,39,false
RV001731,PR000405,CL00056,1,Had to redo parts of the work.,2022-09-29,46,true
RV001732,PR000606,CL00615,2,Quality was below expectations.,2021-08-29,9,0
RV001733,PR000255,CL00483,1,Not as described in the proposal.,,2,0
RV001734,PR001145,CL00708,5,Very professional and skilled.,2020-12-10,44,false
RV001735,PR001044,CL00961,3,Not as described in the proposal.,2021-07-15,14,True
RV001736,PR001005,CL00111,3,Communication was poor.,2023-10-25,38,false
RV001737,PR001059,CL00528,3,Communication was poor.,2023-02-05,31,true
RV001738,PR000026,CL00959,3,Had to redo parts of the work.,2024-09-26,,False
RV001739,PR000073,CL00389,1,Had to redo parts of the work.,2024-06-15,7,1
RV001740,PR000746,CL00557,1,Had to redo parts of the work.,2022-05-09,24,True
RV001741,PR000791,CL00422,2,Missed the deadline significantly.,2022-01-27,40,True
RV001742,PR001027,CL00915,2,Communication was poor.,2024-01-11,30,1
RV001743,PR000829,CL00763,3,Not as described in the proposal.,2021-04-04,0,False
RV001744,PR000734,CL00509,4,Excellent communication throughout.,2021-09-02,38,True
RV001745,PR000064,CL00936,2,Had to redo parts of the work.,2021-10-27,,false
RV001746,PR000273,CL00483,5,"Great work, highly recommend!",2022-06-29,46,1
RV001747,PR000192,CL00788,2,Missed the deadline significantly.,2024-11-03,39,0
RV001748,PR000589,CL00870,4,Very professional and skilled.,2023-07-16,27,false
RV001749,PR000604,CL00581,5,,2023-12-10,15,0
RV001750,PR000925,CL00661,3,Not as described in the proposal.,2020-11-25,48,True
RV001751,PR001068,CL00281,2,Not as described in the proposal.,2023-04-19,9,true
RV001752,PR000474,CL00826,3,Had to redo parts of the work.,2022-08-08,27,1
RV001753,PR000202,CL00858,1,,2024-10-10,33,1
RV001754,PR001108,CL00998,2,Had to redo parts of the work.,,42,False
RV001755,PR000486,CL00600,1,Communication was poor.,2020-10-25,36,true
RV001756,PR000040,CL00106,4,"Great work, highly recommend!",2022-09-02,41,False
RV001757,PR000111,CL00300,2,Quality was below expectations.,2020-09-25,28,0
RV001758,PR000561,CL00962,3,Quality was below expectations.,,26,true
RV001759,PR000933,CL00855,4,Very professional and skilled.,2023-05-23,50,0
RV001760,PR000191,CL00257,2,Had to redo parts of the work.,2024-10-21,7,True
RV001761,PR000991,CL00129,2,Communication was poor.,2021-05-22,6,0
RV001762,PR000167,CL00016,3,Missed the deadline significantly.,,20,1
RV001763,PR000028,CL00020,5,Would hire again without hesitation.,2021-12-12,6,1
RV001764,PR000949,CL00590,5,"Great work, highly recommend!",2022-10-21,,0
RV001765,PR000941,CL00268,1,Missed the deadline significantly.,2022-04-14,31,true
RV001766,PR000101,CL00832,5,"Great work, highly recommend!",2022-10-29,35,False
RV001767,PR000753,CL00307,5,,2022-06-20,18,True
RV001768,PR000038,CL00109,5,"Great work, highly recommend!",2023-07-17,50,false
RV001769,PR001096,CL00573,3,Communication was poor.,2023-04-14,25,false
RV001770,PR000206,CL00025,4,Delivered on time and exceeded expectations.,2023-08-15,18,0
RV001771,PR000403,CL00473,4,Outstanding quality and fast turnaround.,2023-09-17,22,True
RV001772,PR001121,CL00173,3,Missed the deadline significantly.,2020-10-13,33,1
RV001773,PR000388,CL00749,5,"Great work, highly recommend!",2021-01-23,36,0
RV001774,PR000866,CL00800,5,Outstanding quality and fast turnaround.,2021-04-25,28,True
RV001775,PR001158,CL00456,3,Missed the deadline significantly.,2021-07-14,29,true
RV001776,PR000031,CL00017,5,Delivered on time and exceeded expectations.,2023-03-17,16,0
RV001777,,CL00411,5,Excellent communication throughout.,2021-07-23,28,True
RV001778,PR001186,CL00139,4,"Great work, highly recommend!",2021-04-02,4,False
RV001779,PR001072,CL00933,1,,2020-08-13,33,1
RV001780,PR000438,CL00786,5,Very professional and skilled.,,4,False
RV001781,PR000615,CL00046,3,Not as described in the proposal.,2022-01-02,9,False
RV001782,,CL00189,3,Communication was poor.,2020-08-12,1,1
RV001783,PR001053,CL00286,5,"Great work, highly recommend!",2020-10-03,34,0
RV001784,,CL00885,3,Had to redo parts of the work.,2022-05-09,43,1
RV001785,PR000813,CL00506,5,Outstanding quality and fast turnaround.,2020-12-16,26,true
RV001786,PR000320,CL00994,2,Communication was poor.,,26,false
RV001787,PR000995,CL00558,4,"Great work, highly recommend!",2022-06-12,26,True
RV001788,PR000553,CL00039,1,Communication was poor.,2020-10-22,7,True
RV001789,PR000839,CL00024,4,Would hire again without hesitation.,2021-06-01,46,0
RV001790,PR000772,CL00161,,Excellent communication throughout.,2021-06-05,2,False
RV001791,PR000440,CL00305,,Had to redo parts of the work.,2024-08-08,44,False
RV001792,PR000807,CL00811,4,Delivered on time and exceeded expectations.,2021-05-21,43,1
RV001793,PR001167,CL00399,4,Excellent communication throughout.,2020-09-06,46,True
RV001794,PR000157,CL00152,4,,2021-07-15,5,True
RV001795,PR001144,CL00842,2,Not as described in the proposal.,,3,False
RV001796,PR000598,CL00272,1,Had to redo parts of the work.,2024-08-08,19,1
RV001797,PR000262,CL00100,4,"Great work, highly recommend!",2024-11-22,17,0
RV001798,PR000334,CL00806,3,Communication was poor.,2021-08-29,26,False
RV001799,PR000163,CL00943,,Communication was poor.,2020-12-02,31,1
RV001800,PR000978,CL00415,5,Very professional and skilled.,2023-01-14,31,false
RV001801,PR001178,CL00106,2,Communication was poor.,2022-02-10,13,False
RV001802,PR000867,CL00719,3,Communication was poor.,2024-07-31,8,false
RV001803,PR000034,CL00636,,,2021-06-28,6,1
RV001804,PR000750,CL00331,3,Quality was below expectations.,2022-08-29,22,false
RV001805,PR000068,CL00262,9,Very professional and skilled.,2023-06-09,37,0
RV001806,PR000434,CL00933,3,Quality was below expectations.,2022-07-03,38,False
RV001807,PR000306,CL00341,1,,2024-02-23,50,0
RV001808,PR000738,CL00866,5,Delivered on time and exceeded expectations.,2022-06-01,4,false
RV001809,PR000802,CL00121,2,Had to redo parts of the work.,2022-07-17,13,True
RV001810,PR000310,CL00073,2,Not as described in the proposal.,2023-06-06,37,True
RV001811,PR000693,CL00102,5,Very professional and skilled.,2021-02-03,11,True
RV001812,PR000980,CL00853,6,"Great work, highly recommend!",2022-07-08,23,1
RV001813,PR000945,CL00121,2,Missed the deadline significantly.,2024-02-21,11,true
RV001814,PR000781,CL00114,4,Very professional and skilled.,2021-02-18,5,1
RV001815,PR000529,CL00970,9,Outstanding quality and fast turnaround.,2020-06-05,21,1
RV001816,PR001143,CL00205,4,,2022-07-03,33,False
RV001817,PR000387,CL00439,2,Had to redo parts of the work.,2024-04-22,,True
RV001818,PR000717,CL00336,5,Would hire again without hesitation.,2021-03-18,47,false
RV001819,PR000407,CL00625,,Had to redo parts of the work.,2024-09-19,2,1
RV001820,PR000261,CL00815,5,Very professional and skilled.,2022-03-05,13,0
RV001821,PR000366,CL00592,4,"Great work, highly recommend!",2021-10-19,5,true
RV001822,PR000735,CL00266,2,Quality was below expectations.,2023-11-18,47,1
RV001823,PR000247,CL00778,4,,2022-06-24,35,true
RV001824,PR000952,CL00211,4,Delivered on time and exceeded expectations.,2021-12-27,37,true
RV001825,PR000582,CL00416,2,Not as described in the proposal.,2022-03-28,14,1
RV001826,PR000803,CL00152,4,Delivered on time and exceeded expectations.,2021-07-08,30,0
RV001827,PR000965,CL00697,3,,2022-06-08,7,1
RV001828,PR000790,CL00612,2,Missed the deadline significantly.,2023-01-29,11,false
RV001829,PR000583,CL00580,2,Missed the deadline significantly.,2022-12-31,7,1
RV001830,PR000466,CL00165,3,Not as described in the proposal.,2024-03-23,,True
RV001831,PR000916,CL00204,1,Had to redo parts of the work.,2023-07-15,41,1
RV001832,PR000274,CL00938,5,"Great work, highly recommend!",2021-11-12,32,true
RV001833,PR000188,CL00119,5,Outstanding quality and fast turnaround.,2023-10-28,19,0
RV001834,PR000909,CL00235,4,Would hire again without hesitation.,2024-08-15,49,true
RV001835,PR000336,CL00705,4,,2024-09-11,11,False
RV001835,PR000336,CL00705,4,,2024-09-11,11,False
RV001836,PR000449,CL00247,3,Had to redo parts of the work.,2023-04-20,39,True
RV001837,PR000886,CL00033,3,Had to redo parts of the work.,2022-07-07,48,True
RV001838,PR001164,CL00991,5,Delivered on time and exceeded expectations.,2023-04-17,38,false
RV001839,PR000069,CL00364,5,Excellent communication throughout.,2024-11-11,8,True
RV001840,PR001029,CL00890,4,Would hire again without hesitation.,2021-05-31,44,1
RV001841,PR000489,CL00242,3,Had to redo parts of the work.,2024-03-16,9,True
RV001842,PR000903,CL00489,3,Not as described in the proposal.,2022-05-31,41,false
RV001843,PR000259,CL00868,3,Not as described in the proposal.,2024-04-15,13,false
RV001844,PR000034,CL00529,4,Delivered on time and exceeded expectations.,2021-10-12,32,True
RV001845,PR000684,CL00991,3,Not as described in the proposal.,2020-07-11,34,False
RV001846,PR000961,CL00280,1,,2022-12-01,18,true
RV001847,,CL00242,5,Would hire again without hesitation.,2022-12-11,42,1
RV001848,PR000694,CL00438,6,Excellent communication throughout.,2023-10-20,44,True
RV001849,PR000657,CL00333,3,Communication was poor.,2022-10-05,16,False
RV001850,PR001148,CL00566,2,Missed the deadline significantly.,2020-09-19,41,1
RV001851,PR000228,CL00651,4,Excellent communication throughout.,2023-12-28,9,False
RV001852,PR000113,CL00704,5,"Great work, highly recommend!",2023-08-01,13,false
RV001853,PR000958,CL00011,10,Outstanding quality and fast turnaround.,2020-10-05,45,True
RV001854,PR000181,CL00023,2,Communication was poor.,2023-07-05,2,True
RV001855,PR001058,CL00466,2,Communication was poor.,2022-03-20,22,true
RV001856,PR000595,CL00267,1,Missed the deadline significantly.,2020-10-15,46,False
RV001857,PR000788,CL00179,2,Not as described in the proposal.,2022-04-03,32,false
RV001858,PR000839,CL00416,5,Very professional and skilled.,2021-12-02,38,True
RV001859,PR001007,CL00107,5,Would hire again without hesitation.,2022-10-27,16,0
RV001860,PR000523,CL00567,1,Not as described in the proposal.,2023-01-05,38,True
RV001861,PR000346,CL00897,2,Communication was poor.,2020-09-28,21,True
RV001862,PR000307,CL00520,1,Not as described in the proposal.,2020-11-01,2,1
RV001863,PR001106,CL00116,2,Missed the deadline significantly.,2023-01-25,41,0
RV001864,PR000523,CL00690,2,Quality was below expectations.,2024-10-04,44,0
RV001865,PR000156,CL00371,1,Quality was below expectations.,2020-06-16,48,False
RV001866,PR000700,CL00900,3,Missed the deadline significantly.,2022-11-06,32,1
RV001867,PR000966,CL00316,3,Quality was below expectations.,2024-08-04,32,false
RV001868,PR000389,CL00295,3,,2023-07-30,31,false
RV001869,PR000148,CL00459,5,"Great work, highly recommend!",2024-06-19,50,true
RV001870,PR000396,CL00339,3,Communication was poor.,2023-09-02,40,true
RV001871,PR000041,CL00602,4,Would hire again without hesitation.,2023-01-25,5,1
RV001872,PR000097,CL00786,1,Communication was poor.,2022-03-26,40,false
RV001873,PR000093,CL00931,3,Had to redo parts of the work.,2021-09-01,15,true
RV001874,,CL00561,4,Very professional and skilled.,2024-10-25,13,true
RV001875,PR000320,CL00689,4,Outstanding quality and fast turnaround.,2021-06-04,14,1
RV001876,PR000121,CL00333,3,Had to redo parts of the work.,2021-05-15,40,0
RV001877,PR000826,CL00519,5,Delivered on time and exceeded expectations.,2023-08-21,4,0
RV001878,PR000470,CL00098,1,Quality was below expectations.,2021-12-22,44,true
RV001879,PR000717,CL00265,,Communication was poor.,2022-03-02,6,False
RV001880,PR000792,CL00055,3,Not as described in the proposal.,,28,False
RV001881,PR000081,CL00691,4,,2020-07-14,49,1
RV001882,PR000270,CL00054,5,"Great work, highly recommend!",2020-12-16,9,True
RV001883,PR000482,CL00474,10,Would hire again without hesitation.,2024-04-19,25,False
RV001884,PR000646,CL00447,5,Excellent communication throughout.,2024-04-27,2,1
RV001885,PR000556,CL00070,3,Not as described in the proposal.,2024-04-13,7,True
RV001886,PR000656,CL00430,1,Had to redo parts of the work.,2023-02-15,44,false
RV001887,PR000056,CL00898,4,"Great work, highly recommend!",2021-11-05,8,1
RV001888,PR001199,CL00093,2,Communication was poor.,2021-11-02,15,False
RV001889,PR000801,CL00659,3,Quality was below expectations.,,35,True
RV001890,,CL00945,2,Missed the deadline significantly.,,43,0
RV001891,PR000712,CL00542,1,Not as described in the proposal.,2024-11-10,27,false
RV001892,PR000232,CL00074,1,Missed the deadline significantly.,2024-03-04,29,0
RV001893,PR000154,CL00677,1,Missed the deadline significantly.,2022-01-05,33,0
RV001894,PR000639,CL00814,2,Quality was below expectations.,2020-10-15,13,False
RV001894,PR000639,CL00814,2,Quality was below expectations.,2020-10-15,13,False
RV001895,PR000792,CL00954,7,Would hire again without hesitation.,2024-01-22,44,false
RV001896,PR000946,CL00564,3,Quality was below expectations.,,8,true
RV001897,PR000559,CL00599,2,,2023-03-12,1,1
RV001898,PR000522,CL00139,3,Not as described in the proposal.,2021-04-16,8,true
RV001899,PR000146,CL00208,2,Not as described in the proposal.,2024-08-19,6,0
RV001900,PR000438,CL00644,9,"Great work, highly recommend!",2020-12-21,44,False
RV001901,PR000862,CL00761,5,Outstanding quality and fast turnaround.,2020-09-19,46,0
RV001902,PR000157,CL00031,1,Missed the deadline significantly.,2020-12-30,37,False
RV001903,PR000130,CL00622,5,Very professional and skilled.,2020-11-16,1,1
RV001904,PR001155,CL00123,5,Excellent communication throughout.,2023-12-25,41,1
RV001905,PR001111,CL00009,3,Had to redo parts of the work.,2023-04-02,37,True
RV001906,PR001140,CL00429,1,Quality was below expectations.,2021-06-01,36,0
RV001907,PR000557,CL00800,1,Had to redo parts of the work.,,9,false
RV001908,PR000524,CL00597,2,Had to redo parts of the work.,2024-01-03,36,False
RV001909,PR000390,CL00918,5,Would hire again without hesitation.,2024-08-23,43,True
RV001910,PR000505,CL00987,5,Very professional and skilled.,2021-10-30,12,False
RV001911,PR000390,CL00519,3,,2024-03-29,37,True
RV001912,PR000597,CL00684,4,Would hire again without hesitation.,2022-08-06,45,True
RV001913,PR000089,CL00962,1,Communication was poor.,2021-11-08,37,false
RV001914,PR001068,CL00779,3,Communication was poor.,,42,False
RV001915,PR000556,CL00731,3,Missed the deadline significantly.,2023-05-30,31,false
RV001916,PR000904,CL00815,2,Missed the deadline significantly.,2022-11-03,32,false
RV001917,PR000480,CL00990,1,Missed the deadline significantly.,2021-08-27,17,true
RV001918,PR000610,CL00055,5,"Great work, highly recommend!",2024-05-18,43,False
RV001919,PR000596,CL00786,2,Had to redo parts of the work.,2024-08-07,39,0
RV001920,PR001027,CL00021,3,Missed the deadline significantly.,2021-09-24,3,0
RV001921,PR000656,CL00174,2,Had to redo parts of the work.,2022-07-21,50,0
RV001922,PR000690,CL00429,5,,2024-04-09,,0
RV001923,PR001062,CL00409,5,"Great work, highly recommend!",2021-05-21,34,1
RV001924,PR000901,CL00842,1,Had to redo parts of the work.,2023-07-01,22,0
RV001925,PR000397,CL00758,5,Very professional and skilled.,2021-12-07,14,1
RV001926,PR000478,CL00826,1,Quality was below expectations.,2023-05-26,17,False
RV001927,PR000585,CL00812,1,Had to redo parts of the work.,2022-02-28,12,0
RV001928,PR001106,CL00435,6,Delivered on time and exceeded expectations.,2021-02-18,21,False
RV001929,PR000899,CL00719,5,"Great work, highly recommend!",2022-12-13,44,1
RV001930,PR000848,CL00250,4,"Great work, highly recommend!",2021-12-05,8,false
RV001931,,CL00016,5,,,50,1
RV001932,PR001065,CL00071,4,Very professional and skilled.,2022-09-13,24,1
RV001933,PR001191,CL00690,2,Missed the deadline significantly.,2023-03-08,45,false
RV001934,PR000086,CL00959,5,Delivered on time and exceeded expectations.,2023-02-23,31,0
RV001935,PR000481,CL00014,2,Had to redo parts of the work.,2023-05-02,,0
RV001936,PR000685,CL00388,2,Communication was poor.,2024-06-05,20,False
RV001937,PR000365,CL00665,3,Not as described in the proposal.,2020-07-17,18,1
RV001938,PR000024,CL00491,3,,2023-08-28,36,False
RV001939,PR000453,CL00872,1,Not as described in the proposal.,2022-01-28,3,False
RV001940,PR000945,CL00161,2,Missed the deadline significantly.,2024-02-12,50,1
RV001941,PR000649,CL00240,5,"Great work, highly recommend!",2024-04-08,,False
RV001942,PR000651,CL00338,5,Delivered on time and exceeded expectations.,2023-12-20,31,False
RV001943,PR000173,CL00910,,Communication was poor.,,43,False
RV001944,PR000473,CL00450,3,Missed the deadline significantly.,,45,False
RV001945,PR000614,CL00644,5,Would hire again without hesitation.,2021-02-04,42,True
RV001946,PR001186,CL00903,3,Communication was poor.,2020-06-04,7,False
RV001947,PR000231,CL00382,2,,2024-08-04,12,False
RV001948,PR000248,CL00949,5,Would hire again without hesitation.,2023-12-28,18,false
RV001949,PR000075,CL00959,1,Missed the deadline significantly.,2024-05-31,48,1
RV001950,PR000291,CL00515,1,Quality was below expectations.,2022-04-05,42,true
RV001951,PR000506,CL00664,1,Not as described in the proposal.,2024-05-28,29,1
RV001952,PR000995,CL00835,1,Missed the deadline significantly.,2024-02-22,17,False
RV001953,PR000891,CL00113,1,,2020-11-08,19,1
RV001954,PR000057,CL00664,3,Not as described in the proposal.,2022-07-20,40,false
RV001955,PR000754,CL00134,5,Outstanding quality and fast turnaround.,2021-07-24,47,true
RV001956,PR000844,CL00902,4,"Great work, highly recommend!",2023-11-20,9,1
RV001957,,CL00591,1,Quality was below expectations.,2021-09-11,47,0
RV001958,PR000090,CL00436,2,Not as described in the proposal.,2020-07-04,7,True
RV001959,PR000280,CL00296,,,2023-06-18,5,false
RV001960,PR001065,CL00327,3,Quality was below expectations.,2024-04-05,34,True
RV001961,PR000037,CL00767,3,Had to redo parts of the work.,2022-04-12,18,True
RV001962,PR000890,CL00496,4,Very professional and skilled.,2024-03-18,6,False
RV001963,PR000736,CL00022,5,Would hire again without hesitation.,2022-01-31,32,False
RV001964,PR000362,CL00157,,Communication was poor.,2023-03-28,,False
RV001965,PR000107,CL00631,3,,2022-11-13,47,False
RV001966,PR000708,CL00685,3,Not as described in the proposal.,2022-01-29,50,0
RV001966,PR000708,CL00685,3,Not as described in the proposal.,2022-01-29,50,0
RV001967,PR000762,CL00089,3,Missed the deadline significantly.,2021-12-06,28,1
RV001968,PR001196,CL00526,3,Not as described in the proposal.,2021-02-25,32,true
RV001969,PR000841,CL00329,1,Not as described in the proposal.,2021-12-22,19,1
RV001970,PR000778,CL00567,1,Missed the deadline significantly.,,46,0
RV001971,PR000330,CL00932,2,Communication was poor.,2021-01-01,15,True
RV001972,PR000771,CL00645,3,Missed the deadline significantly.,2022-08-09,18,False
RV001973,PR001190,CL00842,1,Communication was poor.,2020-11-09,48,false
RV001974,PR000188,CL00216,4,Delivered on time and exceeded expectations.,2024-06-30,12,1
RV001975,PR000305,CL00104,4,Very professional and skilled.,2022-12-24,23,false
RV001976,PR000949,CL00393,1,Missed the deadline significantly.,2022-08-23,,1
RV001977,PR000942,CL00993,5,Outstanding quality and fast turnaround.,2021-09-05,9,true
RV001978,PR000353,CL00191,3,Had to redo parts of the work.,2020-11-19,18,0
RV001979,PR001024,CL00758,2,Had to redo parts of the work.,2024-05-03,27,0
RV001980,PR000440,CL00954,3,Missed the deadline significantly.,2020-08-14,47,0
RV001981,PR000634,CL00057,5,Would hire again without hesitation.,2023-12-08,24,false
RV001982,PR001072,CL00314,3,Quality was below expectations.,2022-12-13,12,true
RV001983,PR000883,CL00637,2,Had to redo parts of the work.,2023-03-20,24,true
RV001984,PR000858,CL00697,5,,2020-09-23,10,false
RV001985,PR000400,CL00266,4,Excellent communication throughout.,2022-09-23,47,false
RV001986,PR000854,CL00970,2,Quality was below expectations.,2021-04-20,16,1
RV001987,PR000695,CL00609,2,Communication was poor.,2021-11-29,11,true
RV001988,PR000150,CL00490,10,,2022-04-28,13,True
RV001989,PR000026,CL00404,2,Missed the deadline significantly.,2024-08-12,15,0
RV001990,PR000673,CL00395,5,Outstanding quality and fast turnaround.,2021-07-14,39,1
RV001991,,CL00556,1,Communication was poor.,2021-07-03,13,0
RV001992,PR000530,CL00955,3,Missed the deadline significantly.,2024-09-24,0,true
RV001993,PR000716,CL00771,4,Excellent communication throughout.,2020-11-28,,1
RV001994,PR000645,CL00697,4,Very professional and skilled.,2021-11-19,45,0
RV001995,PR000347,CL00069,5,Would hire again without hesitation.,2021-10-13,29,False
RV001996,PR000577,CL00807,3,Not as described in the proposal.,,47,False
RV001997,PR000256,CL00077,5,Outstanding quality and fast turnaround.,2022-03-23,33,true
RV001998,PR000823,CL00114,4,Very professional and skilled.,2021-08-13,28,false
RV001999,PR000183,CL00204,2,Communication was poor.,2021-07-09,40,1
RV002000,PR000683,CL00693,,Communication was poor.,2024-11-11,27,False
RV002001,PR000659,CL00200,1,Missed the deadline significantly.,2021-10-02,,true
RV002002,PR000264,CL00003,2,Not as described in the proposal.,2024-01-02,8,0
RV002003,PR000069,CL00818,3,Quality was below expectations.,2022-06-28,43,false
RV002004,,CL00984,4,Would hire again without hesitation.,2020-07-31,29,False
RV002005,PR000662,CL00373,5,"Great work, highly recommend!",2024-09-21,43,true
RV002006,PR000872,CL00981,4,Outstanding quality and fast turnaround.,2020-07-09,15,False
RV002007,PR000389,CL00516,9,"Great work, highly recommend!",2023-03-15,26,True
RV002008,PR000059,CL00150,3,Not as described in the proposal.,2021-02-18,17,1
RV002009,PR000205,CL00753,4,"Great work, highly recommend!",2023-05-13,50,false
RV002010,PR000709,CL00762,2,Had to redo parts of the work.,2021-07-03,30,0
RV002011,PR000264,CL00214,1,Not as described in the proposal.,2020-07-24,50,false
RV002012,PR000551,CL00873,3,Missed the deadline significantly.,2020-07-05,47,true
RV002013,PR001143,CL00644,5,Would hire again without hesitation.,2023-06-10,,true
RV002014,PR000933,CL00763,5,"Great work, highly recommend!",2024-01-20,33,false
RV002015,PR001098,CL00963,9,Outstanding quality and fast turnaround.,2022-06-23,37,true
RV002016,,CL00030,4,Delivered on time and exceeded expectations.,2024-10-22,37,1
RV002017,PR000688,CL00949,5,Delivered on time and exceeded expectations.,2023-12-10,32,True
RV002018,PR000752,CL00810,4,,2021-09-17,24,True
RV002019,PR000910,CL00702,5,Excellent communication throughout.,2020-10-05,37,1
RV002020,,CL00459,3,Missed the deadline significantly.,2023-06-24,36,0
RV002021,PR001068,CL00827,4,Very professional and skilled.,2024-09-17,17,false
RV002022,PR001021,CL00565,1,Missed the deadline significantly.,,25,False
RV002023,PR000366,CL00033,4,Outstanding quality and fast turnaround.,2021-08-21,31,false
RV002024,PR000477,CL00472,5,"Great work, highly recommend!",2022-07-26,9,True
RV002025,PR000341,CL00901,5,Would hire again without hesitation.,2022-10-28,19,0
RV002026,PR001116,CL00526,1,Had to redo parts of the work.,2023-10-08,50,1
RV002027,PR000120,CL00383,2,,2023-02-19,14,1
RV002027,PR000120,CL00383,2,,2023-02-19,14,1
RV002028,PR000913,CL00806,2,Quality was below expectations.,2021-04-08,48,true
RV002029,PR000201,CL00942,2,Had to redo parts of the work.,2022-05-06,32,True
RV002030,PR000905,CL00705,1,Not as described in the proposal.,2022-07-27,50,0
RV002031,PR000952,CL00531,4,,2024-10-17,14,true
RV002032,PR000550,CL00841,,Delivered on time and exceeded expectations.,2022-11-06,35,1
RV002033,PR000952,CL00063,2,Not as described in the proposal.,2022-07-08,49,true
RV002034,PR000003,CL00632,3,Had to redo parts of the work.,2023-12-10,27,False
RV002035,PR000839,CL00351,5,Would hire again without hesitation.,2020-11-04,43,True
RV002036,PR000410,CL00823,2,Communication was poor.,2023-02-26,33,0
RV002037,PR000587,CL00025,1,Had to redo parts of the work.,2024-09-20,39,1
RV002038,PR000191,CL00264,5,Delivered on time and exceeded expectations.,2022-10-25,27,False
RV002038,PR000191,CL00264,5,Delivered on time and exceeded expectations.,2022-10-25,27,False
RV002039,,CL00124,5,Excellent communication throughout.,2022-12-04,48,True
RV002040,PR000259,CL00298,3,Quality was below expectations.,2022-09-09,9,True
RV002041,PR000718,CL00431,4,,2024-01-08,3,True
RV002042,PR001160,CL00496,3,Not as described in the proposal.,2024-06-06,46,true
RV002043,PR000928,CL00106,2,Not as described in the proposal.,2022-12-27,44,1
RV002044,PR000129,CL00574,4,Would hire again without hesitation.,2023-06-25,23,True
RV002045,PR000880,CL00274,5,"Great work, highly recommend!",2021-07-26,30,false
RV002046,PR000363,CL00265,1,Missed the deadline significantly.,2020-09-09,48,false
RV002047,PR000888,CL00199,5,Would hire again without hesitation.,2020-08-18,4,true
RV002048,PR000421,CL00471,1,Had to redo parts of the work.,2021-03-18,32,0
RV002049,,CL00096,3,Missed the deadline significantly.,2023-01-23,26,0
RV002050,PR000322,CL00167,2,Missed the deadline significantly.,2022-09-04,14,True
RV002051,,CL00722,4,Delivered on time and exceeded expectations.,2021-09-13,7,True
RV002052,PR000801,CL00605,5,Would hire again without hesitation.,2022-04-07,27,0
RV002053,PR001076,CL00702,5,Would hire again without hesitation.,2021-03-17,7,False
RV002054,PR001007,CL00659,2,Had to redo parts of the work.,2023-07-09,5,1
RV002055,,CL00949,3,Communication was poor.,2021-12-29,11,True
RV002056,PR000863,CL00036,5,Outstanding quality and fast turnaround.,2020-08-23,39,true
RV002057,PR000026,CL00471,1,Communication was poor.,2023-01-23,44,True
RV002057,PR000026,CL00471,1,Communication was poor.,2023-01-23,44,True
RV002058,PR000642,CL00289,3,Quality was below expectations.,2022-05-02,29,false
RV002059,PR001179,CL00320,2,Missed the deadline significantly.,2022-12-11,10,1
RV002060,PR000150,CL00947,2,,2022-10-01,9,0
RV002061,PR000766,CL00138,3,Not as described in the proposal.,2024-08-03,22,0
RV002062,PR000046,CL00883,3,Had to redo parts of the work.,2020-08-11,35,false
RV002063,PR001005,CL00007,2,Not as described in the proposal.,2021-11-21,7,True
RV002064,PR000615,CL00336,,Outstanding quality and fast turnaround.,2022-01-05,6,true
RV002065,PR000838,CL00803,2,Missed the deadline significantly.,2022-04-08,,true
RV002066,PR000203,CL00251,1,Missed the deadline significantly.,2023-11-22,47,1
RV002067,PR001075,CL00218,5,"Great work, highly recommend!",2022-11-22,18,0
RV002068,PR000613,CL00542,2,Had to redo parts of the work.,2024-04-13,29,True
RV002069,PR000517,CL00804,5,Outstanding quality and fast turnaround.,2023-06-28,31,false
RV002070,PR001110,CL00199,2,Communication was poor.,2023-12-21,35,0
RV002071,PR000649,CL00202,3,,2020-12-23,13,False
RV002071,PR000649,CL00202,3,,2020-12-23,13,False
RV002072,PR000599,CL00500,1,Quality was below expectations.,2022-10-09,5,true
RV002073,PR000060,CL00946,5,Outstanding quality and fast turnaround.,2024-05-07,,false
RV002074,PR000315,CL00355,5,Delivered on time and exceeded expectations.,2020-09-20,20,1
RV002075,PR000905,CL00354,5,Delivered on time and exceeded expectations.,2024-01-13,33,False
RV002075,PR000905,CL00354,5,Delivered on time and exceeded expectations.,2024-01-13,33,False
RV002076,PR000451,CL00042,3,Missed the deadline significantly.,2021-03-11,15,false
RV002077,PR001078,CL00845,5,"Great work, highly recommend!",2024-02-07,40,0
RV002078,PR000851,CL00033,2,Communication was poor.,2020-12-12,3,0
RV002079,PR001181,CL00120,5,,2023-12-10,40,0
RV002080,PR000662,CL00166,8,"Great work, highly recommend!",2021-01-06,10,false
RV002081,PR000679,CL00822,,Would hire again without hesitation.,2021-06-08,,1
RV002082,PR000583,CL00996,2,Communication was poor.,2023-03-07,19,false
RV002083,PR001028,CL00770,1,,2024-10-31,14,true
RV002084,PR000491,CL00479,5,Very professional and skilled.,2020-10-12,19,false
RV002085,PR000115,CL00750,2,Communication was poor.,,49,1
RV002086,PR000992,CL00941,3,Communication was poor.,2024-07-07,40,0
RV002087,PR000678,CL00359,1,Missed the deadline significantly.,2020-12-23,28,false
RV002088,PR000888,CL00832,4,"Great work, highly recommend!",2020-10-25,49,False
RV002088,PR000888,CL00832,4,"Great work, highly recommend!",2020-10-25,49,False
RV002089,PR000424,CL00542,3,Communication was poor.,2021-09-23,29,True
RV002090,PR001150,CL00064,1,Communication was poor.,2022-10-27,20,0
RV002091,PR001075,CL00605,3,Not as described in the proposal.,2022-02-17,25,False
RV002092,PR000705,CL00234,5,Delivered on time and exceeded expectations.,2021-01-07,44,0
RV002093,PR000163,CL00865,3,Had to redo parts of the work.,2021-06-05,43,False
RV002094,PR000843,CL00210,4,Outstanding quality and fast turnaround.,2020-07-18,32,1
RV002095,PR000945,CL00170,5,Would hire again without hesitation.,2024-01-04,49,false
RV002096,PR000655,CL00657,,Quality was below expectations.,2024-11-07,1,true
RV002097,PR000787,CL00887,,Missed the deadline significantly.,2022-04-16,11,0
RV002098,PR000321,CL00467,5,Excellent communication throughout.,,,True
RV002099,PR000356,CL00796,1,Quality was below expectations.,2022-09-19,31,false
RV002100,PR000066,CL00830,1,Missed the deadline significantly.,2022-04-05,10,1
RV002101,PR000578,CL00796,3,Missed the deadline significantly.,2023-05-18,28,0
RV002102,PR000555,CL00367,1,Missed the deadline significantly.,2022-05-07,47,True
RV002102,PR000555,CL00367,1,Missed the deadline significantly.,2022-05-07,47,True
RV002103,PR000526,CL00551,2,,2023-04-12,9,True
RV002104,PR000294,CL00945,2,Had to redo parts of the work.,2020-09-07,45,true
RV002105,PR000213,CL00805,5,"Great work, highly recommend!",2022-11-05,27,false
RV002106,PR000702,CL00659,5,Outstanding quality and fast turnaround.,2022-12-06,42,0
RV002107,PR000226,CL00525,10,Excellent communication throughout.,2020-11-08,4,True
RV002108,PR000404,CL00496,4,Would hire again without hesitation.,2022-10-19,50,False
RV002109,PR000774,CL00462,4,Excellent communication throughout.,2020-10-17,28,true
RV002110,PR000239,CL00857,4,"Great work, highly recommend!",2023-06-02,12,0
RV002111,PR000425,CL00705,2,Not as described in the proposal.,2023-04-26,3,false
RV002112,PR000643,CL00321,4,,2024-06-30,47,1
RV002113,PR001065,CL00749,1,Had to redo parts of the work.,2020-06-20,18,True
RV002114,PR000271,CL00624,5,Excellent communication throughout.,2023-09-12,28,1
RV002115,PR000449,CL00698,5,"Great work, highly recommend!",,39,false
RV002116,PR000745,CL00109,1,Had to redo parts of the work.,2022-03-06,11,True
RV002117,PR000825,CL00906,4,Excellent communication throughout.,2022-10-15,2,0
RV002118,PR001187,CL00274,1,Had to redo parts of the work.,2021-08-15,26,True
RV002119,PR000162,CL00871,3,Communication was poor.,2023-10-29,22,0
RV002120,PR000279,CL00637,2,Had to redo parts of the work.,2020-10-12,15,0
RV002121,PR000346,CL00444,5,"Great work, highly recommend!",2021-04-24,5,0
RV002122,PR000750,CL00532,7,Would hire again without hesitation.,2021-06-22,9,False
RV002123,PR000986,CL00297,4,Would hire again without hesitation.,2021-06-20,23,false
RV002124,PR000975,CL00267,4,Would hire again without hesitation.,2024-04-07,31,True
RV002125,PR001200,CL00662,3,Had to redo parts of the work.,2021-12-09,11,True
RV002126,PR000636,CL00741,3,Had to redo parts of the work.,2022-03-22,,false
RV002127,PR000181,CL00811,1,Quality was below expectations.,2023-06-05,38,false
RV002128,PR000987,CL00582,2,Missed the deadline significantly.,2021-02-16,44,1
RV002129,PR000743,CL00664,3,Quality was below expectations.,2021-01-26,18,True
RV002130,PR001084,CL00463,,,2024-06-25,27,1
RV002131,PR001005,CL00406,1,Had to redo parts of the work.,2020-07-31,35,1
RV002132,PR000806,CL00289,2,Communication was poor.,2022-02-19,,True
RV002133,PR000350,CL00074,1,Communication was poor.,2024-05-01,15,1
RV002134,,CL00860,4,Delivered on time and exceeded expectations.,2023-02-20,33,False
RV002135,PR000489,CL00158,2,Missed the deadline significantly.,2023-09-30,5,false
RV002136,PR000093,CL00147,4,Outstanding quality and fast turnaround.,2021-10-30,13,False
RV002137,PR000788,CL00990,2,Quality was below expectations.,2022-03-17,30,False
RV002138,PR000868,CL00254,4,Outstanding quality and fast turnaround.,2021-04-02,40,0
RV002139,PR000370,CL00511,4,Excellent communication throughout.,2022-04-08,19,0
RV002140,PR000935,CL00713,5,"Great work, highly recommend!",2023-04-05,36,False
RV002141,PR000292,CL00232,2,Communication was poor.,2023-10-11,32,False
RV002142,PR000452,CL00838,,Quality was below expectations.,2023-11-18,26,1
RV002143,PR000170,CL00753,3,Communication was poor.,2022-05-05,38,false
RV002144,PR001002,CL00237,5,Would hire again without hesitation.,2021-06-21,31,true
RV002145,PR000917,CL00095,2,Missed the deadline significantly.,2023-03-06,24,True
RV002146,PR000861,CL00388,4,Very professional and skilled.,,30,false
RV002147,PR000178,CL00232,2,Communication was poor.,2021-09-15,7,1
RV002148,PR000113,CL00080,2,Quality was below expectations.,,42,False
RV002149,PR000171,CL00554,4,Outstanding quality and fast turnaround.,2021-09-11,2,false
RV002150,PR001140,CL00769,4,Very professional and skilled.,2022-10-11,34,false
RV002151,PR001044,CL00101,3,Communication was poor.,2022-10-28,5,True
RV002152,PR001077,CL00328,,Quality was below expectations.,2023-05-14,23,1
RV002153,PR000594,CL00677,4,"Great work, highly recommend!",2021-06-27,46,True
RV002154,PR000662,CL00708,2,Not as described in the proposal.,2021-05-18,6,false
RV002155,PR000228,CL00395,3,Communication was poor.,2020-12-08,21,False
RV002156,PR000851,CL00443,5,,,18,False
RV002157,PR000853,CL00882,1,Quality was below expectations.,2023-05-18,5,true
RV002158,PR000503,CL00531,1,Quality was below expectations.,2022-06-18,10,True
RV002159,PR000558,CL00128,2,Missed the deadline significantly.,2021-10-01,39,False
RV002160,PR001145,CL00071,2,Missed the deadline significantly.,,23,True
RV002161,PR000097,CL00310,5,Excellent communication throughout.,2023-03-01,40,True
RV002162,PR000938,CL00247,4,,2022-10-22,19,True
RV002163,PR000571,CL00828,2,Communication was poor.,2022-07-26,30,False
RV002164,PR000709,CL00840,9,Excellent communication throughout.,,42,true
RV002165,PR000532,CL00799,1,Communication was poor.,2023-03-12,13,True
RV002166,PR000151,CL00969,4,Very professional and skilled.,2024-06-03,1,False
RV002167,PR000312,CL00268,3,Not as described in the proposal.,2023-02-11,2,False
RV002168,PR001142,CL00844,1,Quality was below expectations.,2021-03-22,13,False
RV002169,PR000690,CL00885,2,Communication was poor.,2021-08-13,8,true
RV002170,PR000250,CL00916,,Had to redo parts of the work.,2024-11-25,48,false
RV002170,PR000250,CL00916,,Had to redo parts of the work.,2024-11-25,48,false
RV002171,PR000828,CL00498,2,Missed the deadline significantly.,,19,1
RV002172,PR001049,CL00028,2,Not as described in the proposal.,2024-04-30,24,1
RV002172,PR001049,CL00028,2,Not as described in the proposal.,2024-04-30,24,1
RV002173,PR000308,CL00569,4,Excellent communication throughout.,2024-02-22,40,false
RV002174,PR000875,CL00817,3,Not as described in the proposal.,2023-03-04,44,false
RV002175,PR000877,CL00913,4,,2022-06-23,10,false
RV002176,PR000841,CL00341,3,Had to redo parts of the work.,2024-06-04,18,false
RV002177,PR000351,CL00396,1,Quality was below expectations.,2021-06-28,47,True
RV002178,PR000265,CL00295,2,Communication was poor.,2024-08-20,41,True
RV002179,PR000974,CL00198,4,"Great work, highly recommend!",2022-12-18,,True
RV002180,PR000412,CL00019,4,Delivered on time and exceeded expectations.,2023-01-06,23,False
RV002181,PR001113,CL00347,,Delivered on time and exceeded expectations.,2023-11-06,35,false
RV002182,PR001095,CL00443,3,Had to redo parts of the work.,2024-08-06,27,1
RV002183,PR000068,CL00357,4,Excellent communication throughout.,2022-03-23,16,False
RV002184,PR000559,CL00373,1,Had to redo parts of the work.,2024-10-27,48,True
RV002185,PR000013,CL00058,3,Communication was poor.,2021-12-08,25,False
RV002186,PR000240,CL00970,3,Quality was below expectations.,2022-01-30,25,False
RV002187,PR000846,CL00457,1,Had to redo parts of the work.,2023-12-13,,True
RV002188,PR000906,CL00276,4,"Great work, highly recommend!",2024-06-03,21,False
RV002189,PR001196,CL00275,5,Outstanding quality and fast turnaround.,2021-06-21,5,True
RV002190,PR001146,CL00178,5,Excellent communication throughout.,2021-04-08,19,True
RV002191,PR000535,CL00628,,Quality was below expectations.,2023-05-04,,0
RV002192,PR000780,CL00127,1,Quality was below expectations.,2022-10-01,12,False
RV002193,PR000551,CL00396,2,Communication was poor.,2021-05-31,6,1
RV002194,PR000852,CL00420,3,Not as described in the proposal.,2021-04-20,26,0
RV002195,PR000997,CL00450,5,Outstanding quality and fast turnaround.,,1,1
RV002196,PR000204,CL00160,4,Delivered on time and exceeded expectations.,2020-10-06,16,1
RV002197,PR000897,CL00500,4,Excellent communication throughout.,,50,0
RV002198,PR000374,CL00457,5,Very professional and skilled.,2024-08-04,41,0
RV002199,PR001141,CL00408,1,Had to redo parts of the work.,2020-11-16,26,true
RV002200,PR000762,CL00031,2,Communication was poor.,2023-03-25,9,0
RV002201,PR000588,CL00126,4,"Great work, highly recommend!",2023-05-04,49,0
RV002202,PR000771,CL00040,3,Quality was below expectations.,2024-04-05,28,False
RV002203,PR000915,CL00994,1,,2021-01-03,33,0
RV002204,PR000139,CL00739,2,Quality was below expectations.,2022-08-10,14,true
RV002205,PR000869,CL00164,10,Delivered on time and exceeded expectations.,2020-10-20,37,1
RV002206,PR000336,CL00068,5,Delivered on time and exceeded expectations.,2021-08-21,23,true
RV002207,PR001192,CL00750,1,Not as described in the proposal.,2021-11-10,42,True
RV002208,PR000357,CL00597,6,Delivered on time and exceeded expectations.,2022-03-06,10,true
RV002209,PR000157,CL00215,5,Would hire again without hesitation.,2024-02-22,,true
RV002210,PR000165,CL00288,5,"Great work, highly recommend!",2022-12-11,3,True
RV002211,PR000996,CL00764,4,Would hire again without hesitation.,2023-12-27,,True
RV002212,PR001045,CL00815,,Quality was below expectations.,2024-10-07,33,1
RV002213,PR000752,CL00076,1,Not as described in the proposal.,2022-12-19,27,true
RV002214,PR000685,CL00918,3,,2021-09-21,43,True
RV002215,PR000932,CL00692,4,Excellent communication throughout.,2022-11-29,13,0
RV002216,PR000877,CL00530,1,Quality was below expectations.,2023-06-11,7,1
RV002217,PR000495,CL00282,1,Not as described in the proposal.,2022-01-26,35,false
RV002218,PR000835,CL00475,,,2021-01-25,36,false
RV002219,PR001130,CL00685,4,"Great work, highly recommend!",2022-09-01,21,1
RV002220,PR000544,CL00322,2,Had to redo parts of the work.,2023-06-25,42,0
RV002221,PR000472,CL00353,2,Missed the deadline significantly.,2024-11-19,12,0
RV002222,PR000321,CL00048,,Not as described in the proposal.,2020-10-31,39,1
RV002223,PR000560,CL00086,4,Excellent communication throughout.,2020-12-10,1,0
RV002224,PR000189,CL00689,3,Not as described in the proposal.,2024-06-10,24,0
RV002225,PR000512,CL00117,3,Quality was below expectations.,2022-08-10,46,True
RV002226,PR000909,CL00699,2,Missed the deadline significantly.,2023-01-10,21,1
RV002227,PR000026,CL00554,4,Would hire again without hesitation.,2023-03-11,4,0
RV002228,PR000542,CL00914,3,,2022-06-17,8,false
RV002229,PR000909,CL00958,2,Missed the deadline significantly.,2023-01-28,23,1
RV002230,PR000831,CL00283,5,,2023-03-12,46,1
RV002231,PR000855,CL00456,3,Communication was poor.,2023-08-28,10,False
RV002232,,CL00534,2,Missed the deadline significantly.,2021-06-21,47,False
RV002233,PR000216,CL00153,3,Not as described in the proposal.,2020-08-14,19,0
RV002234,PR000115,CL00453,5,Excellent communication throughout.,2022-02-10,6,1
RV002235,,CL00733,1,Had to redo parts of the work.,,11,1
RV002236,PR000849,CL00739,5,Very professional and skilled.,2021-09-01,9,false
RV002237,PR000798,CL00473,2,Had to redo parts of the work.,2020-06-05,11,1
RV002238,PR000280,CL00415,1,Had to redo parts of the work.,2024-06-02,34,False
RV002239,PR000906,CL00526,2,Missed the deadline significantly.,2024-03-16,13,0
RV002240,PR000643,CL00813,4,Delivered on time and exceeded expectations.,2021-12-14,10,True
RV002241,PR000766,CL00191,1,Quality was below expectations.,2021-07-21,2,false
RV002241,PR000766,CL00191,1,Quality was below expectations.,2021-07-21,2,false
RV002242,PR001060,CL00453,4,,2024-03-30,49,True
RV002243,PR000223,CL00105,5,Would hire again without hesitation.,2023-11-25,34,1
RV002244,PR000328,CL00930,1,Missed the deadline significantly.,2020-10-27,46,false
RV002245,PR000490,CL00860,3,Quality was below expectations.,2020-09-25,12,0
RV002246,PR000196,CL00959,5,"Great work, highly recommend!",2022-12-22,30,false
RV002247,PR000830,CL00979,1,Not as described in the proposal.,2023-08-29,4,false
RV002248,PR000194,CL00178,1,Not as described in the proposal.,2022-11-05,3,False
RV002249,PR000228,CL00744,2,Communication was poor.,2022-12-13,39,0
RV002250,PR000826,CL00440,4,Would hire again without hesitation.,2021-08-23,35,False
RV002251,PR001065,CL00287,,Communication was poor.,2022-12-04,41,True
RV002252,PR000260,CL00482,,Would hire again without hesitation.,2023-02-01,32,True
RV002253,PR000752,CL00778,5,Very professional and skilled.,2024-08-05,6,False
RV002254,PR001037,CL00606,5,Would hire again without hesitation.,2024-04-03,32,true
RV002255,PR000648,CL00069,2,Missed the deadline significantly.,2024-05-19,33,false
RV002256,PR000774,CL00817,3,Had to redo parts of the work.,2021-06-27,40,False
RV002257,PR000322,CL00426,3,Missed the deadline significantly.,2021-04-28,8,true
RV002258,PR000995,CL00948,3,Had to redo parts of the work.,2021-10-04,46,false
RV002259,PR001083,CL00657,3,Missed the deadline significantly.,2023-05-05,,false
RV002260,PR000091,CL00147,5,Delivered on time and exceeded expectations.,2024-05-08,22,True
RV002261,PR000107,CL00412,3,,2024-11-16,21,0
RV002262,PR000003,CL00151,4,Very professional and skilled.,2021-08-20,21,0
RV002263,PR000316,CL00494,4,Outstanding quality and fast turnaround.,2020-06-21,18,false
RV002264,PR001059,CL00266,4,Outstanding quality and fast turnaround.,2022-04-19,9,True
RV002265,PR000134,CL00759,,Communication was poor.,2022-07-12,33,1
RV002266,PR000269,CL00719,1,Communication was poor.,2023-12-19,1,false
RV002267,PR000530,CL00795,4,Would hire again without hesitation.,2023-12-05,36,False
RV002268,PR000127,CL00763,2,Missed the deadline significantly.,2022-08-30,,0
RV002269,PR000283,CL00898,3,Had to redo parts of the work.,2024-05-28,14,0
RV002270,PR000200,CL00310,5,Would hire again without hesitation.,2024-02-07,24,0
RV002271,PR001144,CL00673,3,Missed the deadline significantly.,2022-09-13,37,0
RV002272,PR000951,CL00175,4,Very professional and skilled.,2021-12-16,0,true
RV002273,PR000972,CL00676,5,"Great work, highly recommend!",2022-08-02,,false
RV002274,PR001067,CL00336,2,Quality was below expectations.,2022-03-13,37,True
RV002275,PR000375,CL00672,1,Communication was poor.,2021-04-05,8,true
RV002276,PR000869,CL00576,2,Missed the deadline significantly.,2024-02-06,48,0
RV002277,PR001123,CL00079,3,Missed the deadline significantly.,2020-10-19,2,false
RV002278,PR000687,CL00950,3,Missed the deadline significantly.,2024-06-15,4,true
RV002279,PR000280,CL00749,5,"Great work, highly recommend!",2023-01-23,,0
RV002280,PR000657,CL00112,1,Communication was poor.,2022-04-18,46,true
RV002281,PR000414,CL00172,5,Would hire again without hesitation.,2021-01-06,14,1
RV002282,PR000651,CL00986,5,Outstanding quality and fast turnaround.,2022-05-05,28,False
RV002283,PR000710,CL00355,4,Excellent communication throughout.,2020-08-17,12,False
RV002284,PR000067,CL00437,,Very professional and skilled.,2020-11-28,43,0
RV002285,PR000889,CL00105,,Delivered on time and exceeded expectations.,2020-12-08,40,1
RV002286,PR000255,CL00630,1,Missed the deadline significantly.,2023-11-21,45,0
RV002287,PR000191,CL00707,3,Had to redo parts of the work.,2022-07-30,26,0
RV002288,PR000578,CL00635,4,Outstanding quality and fast turnaround.,2023-04-11,37,1
RV002289,PR000060,CL00063,5,,2023-11-20,8,false
RV002290,PR000275,CL00239,3,Missed the deadline significantly.,2024-07-11,2,True
RV002291,PR000333,CL00640,4,Would hire again without hesitation.,2023-02-09,28,false
RV002292,PR000184,CL00068,,Not as described in the proposal.,2023-11-28,27,False
RV002293,PR001080,CL00459,,Quality was below expectations.,2022-04-30,50,false
RV002294,PR000158,CL00974,1,Missed the deadline significantly.,2021-09-21,34,False
RV002295,PR000631,CL00292,3,,2021-10-14,35,False
RV002296,PR000377,CL00668,2,Communication was poor.,2022-07-10,5,true
RV002297,PR000858,CL00961,,Communication was poor.,2024-01-22,14,True
RV002298,PR000125,CL00103,4,Would hire again without hesitation.,2023-08-12,9,False
RV002299,PR000508,CL00699,10,"Great work, highly recommend!",2023-12-21,30,true
RV002300,PR000879,CL00813,2,Missed the deadline significantly.,2021-01-17,8,0
RV002301,PR001189,CL00907,2,,2022-11-05,2,1
RV002302,PR000746,CL00646,1,Not as described in the proposal.,2020-07-19,49,true
RV002303,PR000206,CL00889,1,Communication was poor.,2024-03-07,29,false
RV002304,PR000810,CL00214,2,Had to redo parts of the work.,,12,True
RV002305,PR000167,CL00946,2,Communication was poor.,2024-07-21,8,true
RV002306,PR000522,CL00582,2,Missed the deadline significantly.,2021-04-14,11,True
RV002307,PR000563,CL00395,1,Had to redo parts of the work.,2022-01-23,12,0
RV002308,PR000586,CL00783,5,Outstanding quality and fast turnaround.,2021-01-23,3,0
RV002308,PR000586,CL00783,5,Outstanding quality and fast turnaround.,2021-01-23,3,0
RV002309,PR000057,CL00753,5,"Great work, highly recommend!",2023-09-10,9,true
RV002310,PR001092,CL00815,,,2024-08-25,15,0
RV002311,PR000335,CL00191,4,Excellent communication throughout.,2022-02-03,49,0
RV002312,PR000071,CL00214,2,Communication was poor.,2023-03-29,37,0
RV002313,PR000310,CL00662,2,Had to redo parts of the work.,2024-07-01,4,1
RV002314,PR000705,CL00415,3,,2022-01-08,32,true
RV002315,PR001025,CL00924,5,"Great work, highly recommend!",2023-09-21,17,0
RV002316,PR000561,CL00993,5,Would hire again without hesitation.,2022-05-17,6,True
RV002317,PR000112,CL00942,2,Had to redo parts of the work.,2021-03-24,48,0
RV002318,PR000860,CL00467,1,Missed the deadline significantly.,2024-09-03,40,1
RV002319,PR000509,CL00955,1,Missed the deadline significantly.,,3,true
RV002320,PR001120,CL00010,5,"Great work, highly recommend!",2023-02-07,15,1
RV002321,PR000118,CL00532,4,,2022-09-16,39,false
RV002322,PR000495,CL00793,5,Would hire again without hesitation.,2021-08-06,27,0
RV002323,PR001154,CL00536,2,Had to redo parts of the work.,2020-07-01,9,1
RV002324,PR000379,CL00493,5,Would hire again without hesitation.,2024-03-28,11,False
RV002325,PR000830,CL00035,4,,2021-03-01,0,true
RV002326,PR000749,CL00150,5,Would hire again without hesitation.,2023-04-15,39,True
RV002327,PR000685,CL00211,5,Delivered on time and exceeded expectations.,2024-02-15,30,false
RV002328,PR000025,CL00453,4,Very professional and skilled.,2023-12-12,35,False
RV002329,PR000251,CL00701,5,"Great work, highly recommend!",2023-08-26,12,false
RV002330,PR000358,CL00627,5,Would hire again without hesitation.,2021-12-09,3,false
RV002331,PR000755,CL00278,4,Very professional and skilled.,2022-03-02,40,1
RV002332,PR000565,CL00776,5,Would hire again without hesitation.,2021-09-09,33,0
RV002333,PR000396,CL00300,4,"Great work, highly recommend!",2023-10-09,22,true
RV002334,PR000688,CL00642,2,Communication was poor.,2023-10-14,,True
RV002335,PR000395,CL00945,5,Very professional and skilled.,2024-04-11,11,1
RV002336,PR000408,CL00117,2,Not as described in the proposal.,2021-02-28,40,True
RV002337,PR000258,CL00440,3,Had to redo parts of the work.,,32,1
RV002338,PR000495,CL00955,5,Excellent communication throughout.,,2,true
RV002339,PR000952,CL00530,,Not as described in the proposal.,2023-05-31,22,False
RV002340,PR000250,CL00459,3,Had to redo parts of the work.,2021-05-01,35,0
RV002341,PR000774,CL00764,1,Missed the deadline significantly.,2020-10-03,29,true
RV002342,PR000965,CL00566,3,Not as described in the proposal.,2023-04-16,45,True
RV002343,PR000207,CL00823,1,Quality was below expectations.,2023-05-05,13,0
RV002344,,CL00464,5,Excellent communication throughout.,2020-09-05,3,1
RV002345,PR000244,CL00501,3,Not as described in the proposal.,,0,1
RV002346,PR000042,CL00035,4,Outstanding quality and fast turnaround.,2024-01-16,42,False
RV002347,PR000005,CL00877,2,Missed the deadline significantly.,2020-09-19,26,False
RV002348,PR000565,CL00937,4,Would hire again without hesitation.,2020-12-24,42,0
RV002349,PR000389,CL00030,1,,2024-04-03,38,0
RV002350,PR000493,CL00023,1,Communication was poor.,2020-11-26,3,True
RV002351,PR000114,CL00501,4,Outstanding quality and fast turnaround.,2020-10-26,37,False
RV002352,PR000765,CL00686,2,Had to redo parts of the work.,2024-08-31,24,True
RV002353,PR000328,CL00449,3,Quality was below expectations.,2024-01-26,16,false
RV002354,PR000642,CL00085,2,Missed the deadline significantly.,2020-10-10,16,True
RV002355,PR000799,CL00191,,Communication was poor.,2022-04-23,44,true
RV002356,PR000255,CL00341,5,Would hire again without hesitation.,2022-02-20,47,false
RV002357,PR001062,CL00771,2,Had to redo parts of the work.,2023-12-03,28,1
RV002358,PR000760,CL00793,3,,2021-03-28,45,1
RV002359,PR000322,CL00138,3,Quality was below expectations.,2024-09-04,48,True
RV002360,PR000210,CL00317,5,"Great work, highly recommend!",2023-05-07,11,True
RV002361,PR000789,CL00005,5,Outstanding quality and fast turnaround.,2024-03-05,46,false
RV002362,PR000857,CL00026,5,Delivered on time and exceeded expectations.,2023-01-18,14,False
RV002363,PR000623,CL00591,,Communication was poor.,2022-06-14,31,false
RV002364,PR000685,CL00259,5,Excellent communication throughout.,2023-08-23,37,True
RV002365,PR000207,CL00002,5,Outstanding quality and fast turnaround.,2023-10-03,24,False
RV002366,PR000307,CL00258,,Communication was poor.,2022-01-01,28,1
RV002367,PR000139,CL00211,5,Very professional and skilled.,2022-11-28,42,1
RV002368,PR001199,CL00786,5,Would hire again without hesitation.,2024-05-05,6,1
RV002369,PR000362,CL00523,1,Communication was poor.,,15,true
RV002370,PR001171,CL00718,10,Would hire again without hesitation.,2022-05-28,27,true
RV002371,PR000971,CL00294,3,Quality was below expectations.,2024-06-05,40,1
RV002372,PR000754,CL00161,,"Great work, highly recommend!",2024-01-26,44,1
RV002373,PR000107,CL00936,4,Would hire again without hesitation.,2021-12-12,6,false
RV002374,PR000163,CL00259,5,Excellent communication throughout.,2021-12-03,0,True
RV002375,PR001012,CL00410,4,Very professional and skilled.,2021-07-02,49,false
RV002376,PR000571,CL00782,1,Communication was poor.,,4,False
RV002377,PR000731,CL00341,3,Communication was poor.,2024-03-12,26,1
RV002378,PR000334,CL00430,1,Communication was poor.,2020-08-14,3,true
RV002378,PR000334,CL00430,1,Communication was poor.,2020-08-14,3,true
RV002379,PR000570,CL00162,5,"Great work, highly recommend!",2021-07-23,23,False
RV002380,PR000361,CL00568,2,Quality was below expectations.,2023-07-19,0,false
RV002381,PR000813,CL00977,5,Would hire again without hesitation.,2020-11-02,34,0
RV002382,PR000704,CL00964,2,Missed the deadline significantly.,2021-12-20,35,False
RV002383,PR000539,CL00476,3,Not as described in the proposal.,2023-07-07,5,True
RV002384,PR000945,CL00105,2,Not as described in the proposal.,2024-07-25,8,False
RV002385,PR000053,CL00738,5,Would hire again without hesitation.,2024-09-05,34,False
RV002386,PR001068,CL00061,2,Quality was below expectations.,2022-03-31,37,1
RV002387,PR001165,CL00550,,Communication was poor.,2022-01-01,21,true
RV002388,PR000274,CL00039,2,Had to redo parts of the work.,,33,true
RV002389,PR001087,CL00554,1,Not as described in the proposal.,2021-12-08,18,true
RV002390,PR000440,CL00587,4,Excellent communication throughout.,2023-02-26,,False
RV002391,PR000408,CL00607,4,Outstanding quality and fast turnaround.,2020-06-23,36,true
RV002392,PR000918,CL00178,1,,2023-03-30,27,False
RV002393,PR000753,CL00010,3,Missed the deadline significantly.,2020-10-26,44,false
RV002394,PR000140,CL00015,4,Outstanding quality and fast turnaround.,2020-08-01,20,false
RV002395,PR000518,CL00520,4,Excellent communication throughout.,2023-07-17,13,1
RV002396,PR000152,CL00317,,Had to redo parts of the work.,2021-07-14,36,0
RV002397,PR000435,CL00483,5,Delivered on time and exceeded expectations.,2020-10-14,25,False
RV002398,PR000055,CL00308,2,Quality was below expectations.,2022-08-05,39,true
RV002399,PR001158,CL00923,5,Delivered on time and exceeded expectations.,2020-07-31,28,0
RV002400,PR000286,CL00974,2,Had to redo parts of the work.,2024-09-08,35,1
RV002401,PR000695,CL00797,4,Excellent communication throughout.,,20,0
RV002402,PR000751,CL00722,1,Communication was poor.,2024-08-16,50,true
RV002403,PR000608,CL00500,8,"Great work, highly recommend!",2022-12-25,10,0
RV002404,PR000173,CL00350,4,Delivered on time and exceeded expectations.,,41,True
RV002405,PR001101,CL00161,3,Missed the deadline significantly.,2024-01-26,10,true
RV002406,PR000020,CL00324,,,2022-01-28,8,True
RV002407,PR000486,CL00917,1,Had to redo parts of the work.,2020-07-16,4,False
RV002408,PR000610,CL00021,4,Delivered on time and exceeded expectations.,,31,true
RV002409,PR000439,CL00939,4,Would hire again without hesitation.,2021-01-20,,0
RV002410,PR000937,CL00570,4,Would hire again without hesitation.,,16,1
RV002411,PR000245,CL00357,1,Missed the deadline significantly.,2020-12-13,4,0
RV002412,PR001055,CL00319,4,Would hire again without hesitation.,2021-06-27,,False
RV002413,PR000431,CL00719,5,Outstanding quality and fast turnaround.,2024-01-24,25,1
RV002414,PR000592,CL00344,5,Very professional and skilled.,2023-06-12,36,true
RV002415,PR001138,CL00136,5,Outstanding quality and fast turnaround.,2024-01-29,26,1
RV002416,PR001128,CL00783,2,Communication was poor.,2021-05-10,38,false
RV002417,PR001032,CL00520,3,Had to redo parts of the work.,2021-02-18,13,0
RV002418,PR000730,CL00808,4,"Great work, highly recommend!",2022-05-26,22,true
RV002419,PR001178,CL00893,4,Very professional and skilled.,2024-01-02,44,False
RV002420,PR000281,CL00695,1,Missed the deadline significantly.,2024-09-29,9,0
RV002421,PR001076,CL00815,5,Outstanding quality and fast turnaround.,2023-10-28,,true
RV002422,PR000868,CL00537,1,Had to redo parts of the work.,2020-08-02,42,false
RV002423,PR000947,CL00197,2,Quality was below expectations.,2021-10-10,46,True
RV002424,PR000686,CL00528,4,Outstanding quality and fast turnaround.,2021-04-25,44,1
RV002425,PR000604,CL00931,2,Not as described in the proposal.,2024-07-21,5,True
RV002426,PR001175,CL00338,1,Communication was poor.,2023-01-28,31,True
RV002427,PR000228,CL00867,2,Had to redo parts of the work.,2024-07-14,5,1
RV002428,PR000966,CL00695,2,Had to redo parts of the work.,2023-07-06,,False
RV002429,PR000671,CL00502,4,"Great work, highly recommend!",2023-05-17,,True
RV002430,PR000723,CL00266,3,Missed the deadline significantly.,2024-08-30,35,false
RV002431,PR000549,CL00789,5,Delivered on time and exceeded expectations.,2020-07-16,12,false
RV002432,PR000300,CL00155,3,Missed the deadline significantly.,2024-09-03,29,false
RV002433,PR000497,CL00513,5,Outstanding quality and fast turnaround.,2024-06-08,33,true
RV002434,PR000734,CL00696,2,Quality was below expectations.,2023-09-03,46,True
RV002435,PR000412,CL00599,2,Communication was poor.,2022-07-31,35,true
RV002436,PR000038,CL00979,3,Missed the deadline significantly.,2022-04-22,14,false
RV002437,PR000347,CL00445,4,"Great work, highly recommend!",2022-03-12,12,0
RV002438,PR000941,CL00526,,Communication was poor.,2023-01-07,11,false
RV002439,PR000414,CL00158,,,2024-03-26,22,1
RV002440,PR000809,CL00212,3,Communication was poor.,2023-05-06,28,false
RV002441,PR000475,CL00254,5,Very professional and skilled.,2022-07-29,0,true
RV002442,PR001011,CL00658,4,Excellent communication throughout.,2023-02-12,1,0
RV002443,PR000715,CL00089,5,Excellent communication throughout.,2024-02-25,11,False
RV002444,PR001137,CL00698,2,Communication was poor.,2022-09-08,30,False
RV002445,PR001139,CL00155,3,Had to redo parts of the work.,2024-10-31,10,false
RV002446,PR000222,CL00993,,Not as described in the proposal.,2021-09-11,20,True
RV002447,PR000137,CL00972,5,Would hire again without hesitation.,2020-07-20,43,0
RV002448,PR000951,CL00752,1,Had to redo parts of the work.,2022-04-16,32,True
RV002448,PR000951,CL00752,1,Had to redo parts of the work.,2022-04-16,32,True
RV002449,PR000228,CL00094,1,,2022-06-01,27,false
RV002450,PR000208,CL00297,4,Delivered on time and exceeded expectations.,2024-09-05,13,false
RV002451,PR000618,CL00481,1,Communication was poor.,2021-07-01,36,True
RV002452,PR000633,CL00492,4,Would hire again without hesitation.,,29,True
RV002453,PR000404,CL00978,3,Communication was poor.,2020-10-26,47,0
RV002454,PR000587,CL00992,5,Outstanding quality and fast turnaround.,2022-12-29,35,False
RV002455,PR000247,CL00094,,"Great work, highly recommend!",2022-10-06,21,0
RV002456,PR000920,CL00335,1,,2020-09-01,12,0
RV002457,PR000176,CL00320,4,Excellent communication throughout.,2021-03-15,18,True
RV002458,PR001015,CL00065,2,Communication was poor.,2021-05-11,45,true
RV002459,PR000476,CL00116,4,Would hire again without hesitation.,2021-02-14,6,1
RV002460,PR000949,CL00375,5,Would hire again without hesitation.,2024-09-19,44,False
RV002461,PR000743,CL00531,5,Outstanding quality and fast turnaround.,2020-08-06,27,True
RV002462,PR000448,CL00838,3,Not as described in the proposal.,,3,True
RV002463,PR001036,CL00385,2,Missed the deadline significantly.,2024-02-15,3,False
RV002464,,CL00546,5,Delivered on time and exceeded expectations.,2023-05-08,28,0
RV002465,PR000370,CL00467,,Missed the deadline significantly.,2022-11-11,5,false
RV002466,PR000344,CL00725,1,Not as described in the proposal.,2020-12-10,27,false
RV002467,PR000487,CL00442,2,Had to redo parts of the work.,2021-03-11,43,True
RV002468,PR001153,CL00092,4,,2021-08-13,29,True
RV002469,PR000138,CL00229,1,Had to redo parts of the work.,2023-11-19,17,True
RV002470,PR000688,CL00600,2,Had to redo parts of the work.,2022-03-18,27,False
RV002471,PR000870,CL00890,4,Outstanding quality and fast turnaround.,2021-08-31,13,0
RV002472,PR000358,CL00228,1,,2020-06-20,48,false
RV002472,PR000358,CL00228,1,,2020-06-20,48,false
RV002473,PR000401,CL00707,1,Quality was below expectations.,2022-12-26,13,True
RV002474,PR000527,CL00598,3,Missed the deadline significantly.,2024-02-28,43,False
RV002475,PR001086,CL00357,,Very professional and skilled.,2023-08-22,4,False
RV002476,,CL00244,1,Had to redo parts of the work.,2023-08-31,14,0
RV002477,PR000465,CL00997,3,Had to redo parts of the work.,2023-07-23,,False
RV002478,PR000145,CL00397,5,"Great work, highly recommend!",2023-11-07,,True
RV002479,PR001179,CL00756,,Missed the deadline significantly.,2022-01-03,25,True
RV002480,PR001010,CL00497,4,"Great work, highly recommend!",2021-03-12,34,0
RV002481,PR000306,CL00428,3,Had to redo parts of the work.,2024-01-03,28,0
RV002482,PR000257,CL00629,1,Had to redo parts of the work.,2024-06-29,38,False
RV002483,PR001181,CL00993,5,Outstanding quality and fast turnaround.,2024-07-31,21,1
RV002483,PR001181,CL00993,5,Outstanding quality and fast turnaround.,2024-07-31,21,1
RV002484,PR000935,CL00325,3,Quality was below expectations.,2021-05-18,48,1
RV002485,PR000767,CL00122,,,2024-11-23,27,True
RV002486,PR000681,CL00736,1,,2020-12-17,50,false
RV002487,PR000556,CL00925,2,Missed the deadline significantly.,2022-12-08,15,0
RV002488,PR000683,CL00749,1,Communication was poor.,2022-06-27,50,true
RV002489,PR000667,CL00725,1,Had to redo parts of the work.,2023-12-01,27,True
RV002490,PR000608,CL00762,3,Quality was below expectations.,2022-07-16,35,1
RV002491,PR000529,CL00981,5,Very professional and skilled.,2023-02-16,48,0
RV002492,PR001064,CL00543,5,Excellent communication throughout.,2020-06-22,42,True
RV002493,PR000312,CL00795,1,Not as described in the proposal.,2020-06-24,18,false
RV002494,PR001121,CL00324,4,Outstanding quality and fast turnaround.,,37,0
RV002495,PR000675,CL00256,4,"Great work, highly recommend!",2020-10-23,33,0
RV002496,PR001066,CL00402,1,Not as described in the proposal.,2022-11-07,48,False
RV002497,PR000467,CL00320,5,Would hire again without hesitation.,2022-01-10,20,0
RV002498,PR000939,CL00302,1,Communication was poor.,2022-11-21,4,False
RV002499,PR000250,CL00920,1,Quality was below expectations.,2024-04-08,14,0
RV002500,PR000773,CL00107,1,Missed the deadline significantly.,,3,False
RV002501,PR000956,CL00073,5,Outstanding quality and fast turnaround.,2024-03-29,3,false
RV002502,PR000106,CL00741,3,Quality was below expectations.,2022-01-24,50,1
RV002503,PR000328,CL00865,5,Excellent communication throughout.,2023-06-20,38,0
RV002504,PR000505,CL00508,3,Not as described in the proposal.,2024-11-17,14,false
RV002505,PR001185,CL00566,2,Not as described in the proposal.,2021-11-06,32,false
RV002506,PR000785,CL00799,3,Not as described in the proposal.,2022-11-03,11,false
RV002507,PR000066,CL00454,3,Quality was below expectations.,2023-01-17,47,False
RV002508,PR000865,CL00837,,Communication was poor.,2021-08-19,37,true
RV002509,PR000376,CL00683,2,Not as described in the proposal.,2022-02-28,31,True
RV002510,PR001083,CL00228,2,Quality was below expectations.,2024-03-13,27,True
RV002511,PR000557,CL00588,3,Missed the deadline significantly.,2024-04-04,40,1
RV002512,PR000805,CL00466,1,Not as described in the proposal.,2023-11-09,9,true
RV002513,PR000667,CL00613,2,Had to redo parts of the work.,2022-06-12,44,0
RV002514,PR000667,CL00286,2,Quality was below expectations.,2021-01-31,27,false
RV002515,PR000960,CL00655,3,Quality was below expectations.,2023-08-17,45,True
RV002516,PR000023,CL00725,3,Not as described in the proposal.,2023-03-04,15,True
RV002517,PR001153,CL00755,2,Had to redo parts of the work.,2020-07-21,3,false
RV002518,PR001114,CL00164,4,Delivered on time and exceeded expectations.,2020-11-22,49,True
RV002518,PR001114,CL00164,4,Delivered on time and exceeded expectations.,2020-11-22,49,True
RV002519,PR001164,CL00383,5,Very professional and skilled.,2022-12-21,47,1
RV002520,PR000151,CL00011,4,Would hire again without hesitation.,2023-04-06,29,True
RV002521,PR000950,CL00619,2,Quality was below expectations.,2024-03-20,43,False
RV002522,,CL00392,1,,2021-12-11,0,1
RV002523,PR000440,CL00626,3,Not as described in the proposal.,2022-11-21,29,0
RV002524,PR000990,CL00304,2,Not as described in the proposal.,2021-06-04,15,1
RV002525,PR000983,CL00959,1,Not as described in the proposal.,2023-06-29,13,1
RV002526,PR000937,CL00217,5,Delivered on time and exceeded expectations.,2024-11-10,35,true
RV002527,PR000067,CL00538,4,Delivered on time and exceeded expectations.,2023-02-25,44,0
RV002528,PR000835,CL00688,4,Would hire again without hesitation.,2024-10-09,15,true
RV002529,PR000505,CL00458,,Not as described in the proposal.,2023-04-11,31,False
RV002530,PR000640,CL00930,5,"Great work, highly recommend!",2024-10-26,13,True
RV002531,PR000531,CL00145,2,Communication was poor.,2022-08-02,24,True
RV002532,PR000187,CL00651,2,Missed the deadline significantly.,2023-06-04,16,0
RV002533,PR000525,CL00749,2,Missed the deadline significantly.,2024-01-12,44,1
RV002534,PR000363,CL00800,7,Outstanding quality and fast turnaround.,2020-12-06,,false
RV002535,PR000636,CL00563,2,Quality was below expectations.,2020-10-05,46,False
RV002535,PR000636,CL00563,2,Quality was below expectations.,2020-10-05,46,False
RV002536,PR001067,CL00903,3,,2023-01-21,21,true
RV002537,PR000374,CL00756,3,Had to redo parts of the work.,2022-01-12,32,true
RV002538,PR000018,CL00162,5,Delivered on time and exceeded expectations.,2024-10-10,36,False
RV002539,PR000465,CL00493,3,Had to redo parts of the work.,2024-08-08,28,false
RV002540,PR000052,CL00677,4,Outstanding quality and fast turnaround.,2024-06-26,0,True
RV002541,PR000615,CL00843,4,Would hire again without hesitation.,2022-07-30,28,False
RV002542,PR000110,CL00368,3,Communication was poor.,2024-03-06,11,false
RV002543,PR000122,CL00826,5,Delivered on time and exceeded expectations.,2023-05-18,3,0
RV002544,PR001072,CL00037,1,,2023-09-25,3,1
RV002545,PR000297,CL00423,1,Communication was poor.,2022-12-21,4,False
RV002545,PR000297,CL00423,1,Communication was poor.,2022-12-21,4,False
RV002546,PR000138,CL00279,4,Very professional and skilled.,2023-03-26,15,false
RV002547,PR000194,CL00916,3,Had to redo parts of the work.,2022-04-29,9,1
RV002548,PR001033,CL00312,3,Quality was below expectations.,2024-03-12,10,false
RV002549,PR000593,CL00496,5,Excellent communication throughout.,2022-10-21,7,false
RV002550,PR001180,CL00228,2,Quality was below expectations.,2023-09-14,1,0
RV002551,PR000918,CL00853,5,Very professional and skilled.,2020-06-10,2,false
RV002552,PR000501,CL00070,4,Very professional and skilled.,2022-08-03,29,False
RV002553,PR000355,CL00238,5,Very professional and skilled.,2023-10-03,0,False
RV002553,PR000355,CL00238,5,Very professional and skilled.,2023-10-03,0,False
RV002554,PR000394,CL00993,,Very professional and skilled.,2024-09-07,31,true
RV002555,PR001106,CL00189,5,,2023-07-15,10,1
RV002556,PR000485,CL00353,3,Had to redo parts of the work.,2021-07-05,46,true
RV002556,PR000485,CL00353,3,Had to redo parts of the work.,2021-07-05,46,true
RV002557,PR000175,CL00520,2,Not as described in the proposal.,2023-03-15,31,1
RV002558,PR000926,CL00821,2,Quality was below expectations.,2023-01-07,24,1
RV002559,PR000785,CL00970,4,Excellent communication throughout.,2021-02-01,,1
RV002560,PR000227,CL00113,1,Had to redo parts of the work.,2023-05-18,13,true
RV002561,PR000211,CL00719,3,Communication was poor.,2022-04-06,40,0
RV002562,PR000571,CL00811,4,Very professional and skilled.,2022-05-10,37,False
RV002563,PR000184,CL00627,5,Would hire again without hesitation.,2021-03-31,50,0
RV002564,PR000781,CL00027,3,Had to redo parts of the work.,2020-06-18,33,false
RV002565,PR000168,CL00379,1,Not as described in the proposal.,2021-10-01,43,0
RV002566,PR000852,CL00701,1,Quality was below expectations.,2022-05-30,12,True
RV002567,,CL00025,2,Quality was below expectations.,2023-06-11,38,false
RV002568,PR000500,CL00636,1,Not as described in the proposal.,2020-06-28,4,false
RV002569,PR000014,CL00094,5,,2021-01-12,30,true
RV002570,PR000967,CL00339,1,Had to redo parts of the work.,2020-07-12,,0
RV002571,PR000671,CL00112,3,Not as described in the proposal.,2020-06-30,3,False
RV002572,PR000540,CL00272,2,Quality was below expectations.,2022-05-29,10,False
RV002573,PR000172,CL00145,3,Quality was below expectations.,2021-07-13,1,0
RV002574,PR000277,CL00016,4,Outstanding quality and fast turnaround.,2022-10-14,41,false
RV002575,PR000471,CL00032,10,Outstanding quality and fast turnaround.,2020-12-26,0,1
RV002576,PR000780,CL00950,3,Quality was below expectations.,2022-04-27,22,false
RV002577,PR000449,CL00779,1,,2024-03-22,25,False
RV002578,PR000985,CL00321,3,Communication was poor.,2020-07-20,50,false
RV002579,PR000981,CL00462,3,Quality was below expectations.,2022-05-26,,true
RV002580,PR000258,CL00242,1,Not as described in the proposal.,2021-05-12,28,1
RV002581,,CL00602,3,Missed the deadline significantly.,,11,1
RV002582,PR000542,CL00423,5,Would hire again without hesitation.,2024-10-12,22,true
RV002583,PR000727,CL00852,5,"Great work, highly recommend!",2024-02-11,37,1
RV002584,PR000356,CL00755,1,Quality was below expectations.,2021-08-09,14,True
RV002585,PR000593,CL00002,2,Not as described in the proposal.,2023-11-25,0,1
RV002586,PR000375,CL00157,6,Delivered on time and exceeded expectations.,2024-09-24,25,True
RV002587,PR000886,CL00808,7,Very professional and skilled.,2021-08-31,14,False
RV002587,PR000886,CL00808,7,Very professional and skilled.,2021-08-31,14,False
RV002588,PR000467,CL00500,5,,2022-10-08,31,False
RV002589,PR000382,CL00451,4,Excellent communication throughout.,2024-02-06,5,1
RV002590,PR000300,CL00403,2,Communication was poor.,2023-03-19,,False
RV002591,PR001149,CL00627,5,Delivered on time and exceeded expectations.,2022-02-23,29,1
RV002592,PR000384,CL00715,3,Not as described in the proposal.,2020-06-25,43,True
RV002593,PR001117,CL00053,,Missed the deadline significantly.,2020-10-20,35,0
RV002594,PR000191,CL00416,3,Missed the deadline significantly.,2022-05-22,8,1
RV002595,PR000490,CL00801,1,Communication was poor.,2024-06-27,14,true
RV002596,PR000018,CL00711,,Missed the deadline significantly.,2022-09-22,40,0
RV002597,PR000787,CL00444,2,Communication was poor.,2021-12-06,7,false
RV002598,PR000263,CL00872,2,Had to redo parts of the work.,2022-04-24,44,false
RV002599,PR000381,CL00947,3,Missed the deadline significantly.,2023-08-30,20,True
RV002600,PR001025,CL00003,3,Communication was poor.,,47,False
RV002601,PR000315,CL00744,4,"Great work, highly recommend!",2023-12-29,27,1
RV002602,PR000297,CL00521,2,Not as described in the proposal.,2022-06-01,3,1
RV002603,PR000203,CL00319,3,Communication was poor.,2023-06-14,44,true
RV002604,PR000358,CL00061,5,Delivered on time and exceeded expectations.,2022-09-21,11,True
RV002605,PR000325,CL00705,5,Very professional and skilled.,2022-03-03,9,0
RV002606,PR000990,CL00599,4,Very professional and skilled.,2022-09-22,35,0
RV002607,PR000716,CL00931,4,Very professional and skilled.,2021-01-12,18,True
RV002608,PR000909,CL00645,9,Very professional and skilled.,2021-07-13,26,false
RV002609,PR000337,CL00068,5,Would hire again without hesitation.,2021-01-11,,0
RV002610,PR000095,CL00973,2,,2024-03-09,37,true
RV002611,PR000837,CL00944,3,Not as described in the proposal.,2020-11-30,6,False
RV002612,PR000150,CL00832,1,Communication was poor.,2021-12-05,21,0
RV002613,PR000515,CL00354,2,Had to redo parts of the work.,2023-06-15,38,1
RV002614,PR000074,CL00795,1,Not as described in the proposal.,2021-07-01,42,0
RV002615,PR000385,CL00362,3,Quality was below expectations.,2021-04-08,,false
RV002616,PR000153,CL00238,4,Very professional and skilled.,2022-08-21,,False
RV002617,PR000374,CL00469,1,Quality was below expectations.,2022-12-29,47,0
RV002618,PR000122,CL00637,7,"Great work, highly recommend!",2022-01-11,30,false
RV002619,PR000078,CL00161,5,,2022-01-12,17,True
RV002620,PR000240,CL00502,5,Very professional and skilled.,2024-08-24,22,false
RV002621,PR000186,CL00976,2,Had to redo parts of the work.,2022-10-14,21,true
RV002622,PR000770,CL00953,1,Quality was below expectations.,2024-09-16,48,0
RV002623,PR000634,CL00542,5,"Great work, highly recommend!",2023-12-11,4,False
RV002624,PR000842,CL00239,3,Quality was below expectations.,2021-06-27,31,false
RV002625,PR000586,CL00210,4,Outstanding quality and fast turnaround.,2023-05-19,1,1
RV002626,PR000184,CL00849,6,Very professional and skilled.,2024-07-07,32,True
RV002627,PR000948,CL00290,1,Missed the deadline significantly.,2024-10-16,20,false
RV002628,PR000178,CL00158,1,,2022-07-25,35,true
RV002629,PR000576,CL00346,10,Excellent communication throughout.,2023-03-29,4,1
RV002630,PR000266,CL00677,2,Quality was below expectations.,2024-06-12,15,True
RV002631,PR000786,CL00525,4,Delivered on time and exceeded expectations.,2023-02-06,5,True
RV002632,PR000221,CL00786,10,Very professional and skilled.,2023-12-17,0,1
RV002633,PR000958,CL00963,4,Delivered on time and exceeded expectations.,2023-10-04,,False
RV002634,PR000221,CL00142,5,Excellent communication throughout.,2024-06-16,36,1
RV002635,PR000573,CL00657,2,Communication was poor.,2023-11-10,,false
RV002636,PR000029,CL00533,1,Quality was below expectations.,2021-08-27,13,0
RV002637,PR000491,CL00509,4,"Great work, highly recommend!",2022-03-11,8,true
RV002638,PR000133,CL00420,5,Very professional and skilled.,2022-11-27,31,false
RV002639,PR001034,CL00261,2,Not as described in the proposal.,2020-06-21,0,false
RV002640,PR000436,CL00554,3,Communication was poor.,2022-10-24,49,False
RV002641,PR000038,CL00766,1,Missed the deadline significantly.,2023-08-06,4,true
RV002642,,CL00363,5,,2023-06-13,,true
RV002643,PR000431,CL00329,2,Quality was below expectations.,2022-02-10,25,True
RV002644,PR000905,CL00885,3,Missed the deadline significantly.,2021-08-22,47,False
RV002645,PR000979,CL00394,5,Delivered on time and exceeded expectations.,2021-01-27,23,0
RV002646,PR000390,CL00734,4,Would hire again without hesitation.,,47,0
RV002647,PR000142,CL00745,2,Missed the deadline significantly.,2023-08-19,32,False
RV002648,PR000573,CL00729,3,Quality was below expectations.,2024-11-02,22,False
RV002649,PR001141,CL00783,5,Outstanding quality and fast turnaround.,2022-04-15,40,True
RV002650,PR000892,CL00139,4,,2023-07-07,14,True
RV002651,,CL00783,3,Missed the deadline significantly.,2023-01-02,32,true
RV002652,PR000038,CL00535,3,Communication was poor.,2023-11-11,13,False
RV002653,PR000548,CL00364,,Very professional and skilled.,2020-06-16,23,1
RV002654,PR000545,CL00809,2,Not as described in the proposal.,2024-10-01,26,True
RV002655,PR000332,CL00720,4,Would hire again without hesitation.,2020-10-05,13,false
RV002656,PR000099,CL00206,2,Missed the deadline significantly.,2023-01-23,19,false
RV002657,PR000035,CL00291,5,"Great work, highly recommend!",2020-12-24,10,true
RV002658,PR000936,CL00113,3,,2023-01-06,1,false
RV002659,PR000504,CL00801,3,Communication was poor.,2022-02-08,0,True
RV002660,PR000943,CL00728,3,,2024-02-21,14,True
RV002661,,CL00728,3,Missed the deadline significantly.,2020-10-24,18,true
RV002662,PR000216,CL00171,2,,2021-05-22,4,0
RV002663,PR000061,CL00947,1,Communication was poor.,,19,0
RV002664,PR000820,CL00463,3,Missed the deadline significantly.,2020-08-30,18,0
RV002665,PR000365,CL00419,5,Outstanding quality and fast turnaround.,2024-10-27,1,0
RV002666,PR000039,CL00632,1,Had to redo parts of the work.,2024-06-29,50,1
RV002667,PR000145,CL00607,2,Missed the deadline significantly.,2024-07-08,38,True
RV002668,PR000320,CL00406,3,Quality was below expectations.,2021-12-03,15,1
RV002669,PR000973,CL00046,2,Had to redo parts of the work.,2021-02-05,15,1
RV002670,PR000238,CL00361,1,Not as described in the proposal.,,,0
RV002671,PR000269,CL00961,4,Very professional and skilled.,2023-11-09,3,1
RV002672,PR000450,CL00428,1,Quality was below expectations.,,13,1
RV002673,PR000332,CL00527,2,Communication was poor.,2021-10-26,14,false
RV002674,PR000067,CL00423,2,Missed the deadline significantly.,2021-01-18,23,true
RV002675,PR000097,CL00177,5,Outstanding quality and fast turnaround.,2023-11-24,18,false
RV002676,PR000034,CL00179,2,Quality was below expectations.,2022-01-19,16,True
RV002677,PR000211,CL00838,3,Missed the deadline significantly.,2024-09-01,,true
RV002678,PR001177,CL00509,3,Not as described in the proposal.,2022-02-07,3,1
RV002679,PR000876,CL00455,1,Had to redo parts of the work.,2023-05-18,49,1
RV002680,PR000028,CL00034,5,Excellent communication throughout.,2020-08-20,29,true
RV002681,PR000842,CL00641,5,Excellent communication throughout.,2024-11-25,1,true
RV002682,PR001082,CL00325,5,Would hire again without hesitation.,2023-08-27,29,true
RV002683,PR000241,CL00513,,Quality was below expectations.,2022-03-16,,False
RV002684,,CL00310,4,Delivered on time and exceeded expectations.,2020-06-25,48,true
RV002685,PR000070,CL00736,1,Communication was poor.,2023-02-24,30,1
RV002686,PR000883,CL00113,6,Outstanding quality and fast turnaround.,2021-10-13,14,False
RV002687,PR000781,CL00749,3,Quality was below expectations.,2024-04-29,23,0
RV002688,PR000845,CL00368,2,Missed the deadline significantly.,2023-03-27,45,True
RV002689,PR000387,CL00595,7,Very professional and skilled.,2023-05-09,,true
RV002690,PR001010,CL00679,1,Quality was below expectations.,2022-04-13,37,1
RV002691,PR000334,CL00829,1,Had to redo parts of the work.,2023-10-30,1,0
RV002692,PR000999,CL00415,1,Not as described in the proposal.,2022-12-23,25,False
RV002693,PR000923,CL00111,3,Had to redo parts of the work.,2024-06-29,30,true
RV002694,PR001082,CL00948,5,Would hire again without hesitation.,2020-10-31,50,False
RV002695,PR000750,CL00459,3,Had to redo parts of the work.,2024-02-28,28,0
RV002696,PR001170,CL00945,1,Communication was poor.,2020-08-25,46,false
RV002697,PR000574,CL00058,1,Had to redo parts of the work.,2023-12-20,9,true
RV002698,PR001174,CL00461,,"Great work, highly recommend!",2024-09-26,7,0
RV002699,PR000171,CL00738,2,Communication was poor.,2021-03-26,49,0
RV002700,PR001109,CL00186,4,Excellent communication throughout.,2024-04-20,5,False
RV002701,PR000989,CL00910,,Missed the deadline significantly.,2021-07-15,34,1
RV002702,PR000469,CL00979,2,Missed the deadline significantly.,2023-12-30,12,0
RV002703,PR000644,CL00836,4,Very professional and skilled.,2022-11-02,7,false
RV002704,PR000722,CL00719,4,Would hire again without hesitation.,2023-10-13,,1
RV002705,PR000804,CL00922,2,Missed the deadline significantly.,2023-04-15,18,false
RV002706,PR000962,CL00139,3,Missed the deadline significantly.,2023-04-12,31,1
RV002707,PR000116,CL00128,4,Would hire again without hesitation.,2024-03-22,3,false
RV002708,PR001192,CL00766,4,,2022-11-07,3,1
RV002709,PR001126,CL00806,5,Outstanding quality and fast turnaround.,2023-06-13,,true
RV002710,PR001039,CL00434,3,Communication was poor.,2022-05-27,11,False
RV002711,PR000852,CL00352,4,Excellent communication throughout.,2021-09-30,29,False
RV002712,PR000182,CL00567,4,Very professional and skilled.,2023-06-09,20,1
RV002713,PR000854,CL00065,,Very professional and skilled.,2023-03-04,47,False
RV002714,PR000484,CL00632,3,Had to redo parts of the work.,,1,true
RV002715,PR000430,CL00968,4,Delivered on time and exceeded expectations.,2021-05-27,40,0
RV002716,PR001028,CL00648,2,Quality was below expectations.,2022-09-24,46,False
RV002717,PR000932,CL00034,,Not as described in the proposal.,2024-05-23,27,true
RV002718,PR000962,CL00736,5,Excellent communication throughout.,2020-06-21,20,0
RV002719,PR000766,CL00994,2,Had to redo parts of the work.,2024-11-29,18,True
RV002720,PR001070,CL00105,3,Missed the deadline significantly.,2022-04-01,19,true
RV002721,PR000239,CL00812,1,Communication was poor.,2022-01-16,33,1
RV002722,PR000501,CL00948,3,Communication was poor.,2023-02-02,17,true
RV002722,PR000501,CL00948,3,Communication was poor.,2023-02-02,17,true
RV002723,PR000554,CL00962,4,Would hire again without hesitation.,2021-03-30,31,0
RV002724,PR000609,CL00386,6,,2024-04-01,34,false
RV002725,PR000226,CL00352,5,Delivered on time and exceeded expectations.,2022-04-22,24,False
RV002726,PR000192,CL00793,5,Excellent communication throughout.,2020-09-12,35,true
RV002727,PR000168,CL00909,1,Quality was below expectations.,2024-04-21,6,0
RV002728,PR001166,CL00431,3,Missed the deadline significantly.,2021-03-30,1,1
RV002729,PR000676,CL00127,2,Quality was below expectations.,2023-01-14,47,0
RV002730,PR000695,CL00954,3,Quality was below expectations.,2024-01-03,45,True
RV002731,PR000698,CL00171,5,Excellent communication throughout.,2020-08-22,,false
RV002732,,CL00253,2,Missed the deadline significantly.,,31,0
RV002733,PR000966,CL00392,4,Would hire again without hesitation.,2023-04-23,20,1
RV002734,PR000519,CL00316,5,,2022-07-21,0,false
RV002735,PR000799,CL00921,1,Not as described in the proposal.,2024-05-21,26,0
RV002736,PR000542,CL00675,2,Not as described in the proposal.,2021-09-18,18,False
RV002737,PR000964,CL00889,9,Excellent communication throughout.,2022-04-29,14,True
RV002738,PR000213,CL00624,3,Had to redo parts of the work.,2022-07-18,5,False
RV002739,PR000576,CL00799,1,Communication was poor.,2022-12-27,33,true
RV002740,PR000368,CL00233,1,Not as described in the proposal.,,21,False
RV002741,PR000802,CL00819,10,"Great work, highly recommend!",2024-06-02,35,true
RV002742,PR000440,CL00499,1,Not as described in the proposal.,2022-08-31,29,True
RV002743,PR001146,CL00724,3,Quality was below expectations.,2022-12-11,8,True
RV002744,PR000456,CL00705,5,Outstanding quality and fast turnaround.,2020-11-17,4,0
RV002745,PR000513,CL00308,6,Excellent communication throughout.,2023-11-18,37,false
RV002746,PR000460,CL00238,1,Missed the deadline significantly.,2022-09-23,,false
RV002747,PR001158,CL00117,2,Missed the deadline significantly.,2022-12-14,7,False
RV002748,PR001188,CL00794,5,"Great work, highly recommend!",2020-10-13,8,False
RV002749,PR000319,CL00223,3,Communication was poor.,2022-09-09,50,false
RV002750,PR001080,CL00506,4,Outstanding quality and fast turnaround.,2023-08-07,,0
RV002751,PR001191,CL00556,5,Would hire again without hesitation.,2022-12-24,40,True
RV002752,PR000857,CL00230,4,Very professional and skilled.,2023-11-17,36,0
RV002753,PR000675,CL00211,2,Missed the deadline significantly.,2020-08-01,6,true
RV002754,PR001084,CL00816,2,Quality was below expectations.,2023-05-30,13,False
RV002755,PR000592,CL00690,2,Communication was poor.,2024-11-09,31,True
RV002756,PR000571,CL00570,4,"Great work, highly recommend!",2021-06-17,15,True
RV002757,PR000086,CL00716,1,Had to redo parts of the work.,2021-09-10,7,1
RV002757,PR000086,CL00716,1,Had to redo parts of the work.,2021-09-10,7,1
RV002758,PR000076,CL00312,5,Would hire again without hesitation.,2023-09-18,7,false
RV002759,PR000520,CL00022,1,Had to redo parts of the work.,2023-05-18,42,True
RV002760,PR000754,CL00089,3,Quality was below expectations.,2022-07-31,14,1
RV002761,PR000193,CL00753,2,Quality was below expectations.,2023-10-22,45,false
RV002762,PR000980,CL00171,2,Missed the deadline significantly.,2024-09-30,48,1
RV002763,PR000651,CL00930,2,Quality was below expectations.,,30,0
RV002764,PR000021,CL00042,,Communication was poor.,2023-05-12,42,false
RV002765,PR000782,CL00067,4,Very professional and skilled.,2022-10-14,20,False
RV002766,PR000270,CL00446,4,Would hire again without hesitation.,2022-03-27,1,true
RV002767,PR000448,CL00244,,Not as described in the proposal.,2021-11-03,19,true
RV002768,PR000757,CL00863,2,,2020-07-18,20,0
RV002769,PR000555,CL00309,9,"Great work, highly recommend!",2022-09-11,6,1
RV002770,PR000475,CL00208,1,Quality was below expectations.,2021-03-08,17,true
RV002771,PR000085,CL00146,2,,2023-11-18,37,true
RV002772,PR000108,CL00925,6,Would hire again without hesitation.,2022-04-05,46,true
RV002773,PR000772,CL00967,2,Had to redo parts of the work.,2024-03-03,33,False
RV002774,PR000886,CL00595,5,Excellent communication throughout.,2022-12-17,12,false
RV002775,PR000409,CL00689,3,Had to redo parts of the work.,2021-02-15,35,false
RV002776,PR000245,CL00315,1,Quality was below expectations.,2020-11-06,23,false
RV002777,PR001108,CL00822,,Quality was below expectations.,2024-05-12,33,0
RV002778,PR000905,CL00491,5,Delivered on time and exceeded expectations.,2022-07-28,42,False
RV002779,PR000119,CL00843,1,Quality was below expectations.,2024-10-29,11,False
RV002780,PR000076,CL00639,3,Not as described in the proposal.,2022-01-08,13,1
RV002781,PR000164,CL00193,2,Missed the deadline significantly.,2021-08-01,5,true
RV002782,PR000831,CL00359,4,,2021-03-22,45,0
RV002783,PR000596,CL00276,4,Outstanding quality and fast turnaround.,2024-04-29,,False
RV002784,PR000907,CL00498,10,Delivered on time and exceeded expectations.,2021-08-09,27,0
RV002785,PR000979,CL00544,2,Communication was poor.,2021-11-16,28,0
RV002786,PR000761,CL00524,3,Communication was poor.,2020-10-03,8,true
RV002787,PR000173,CL00566,2,,2023-04-14,0,False
RV002788,PR000399,CL00338,3,Quality was below expectations.,2021-08-29,,0
RV002789,PR000665,CL00726,1,Quality was below expectations.,,11,true
RV002790,PR000506,CL00457,4,"Great work, highly recommend!",2023-01-06,45,True
RV002791,PR000175,CL00217,1,Communication was poor.,2021-09-02,14,false
RV002792,PR000532,CL00409,,Very professional and skilled.,2024-05-08,6,True
RV002793,PR000452,CL00930,2,Quality was below expectations.,2021-10-27,40,true
RV002794,PR001101,CL00755,2,,2023-08-16,24,false
RV002795,PR001189,CL00362,1,Missed the deadline significantly.,2022-05-18,3,1
RV002796,PR000845,CL00350,3,Communication was poor.,2021-07-15,4,0
RV002797,PR000318,CL00670,5,Outstanding quality and fast turnaround.,2021-05-16,38,0
RV002798,PR000349,CL00832,5,Very professional and skilled.,2020-06-30,40,0
RV002799,PR001192,CL00637,2,Not as described in the proposal.,2021-12-02,33,false
RV002800,PR001082,CL00012,5,Very professional and skilled.,2023-08-27,39,True
