transaction_id,project_id,freelancer_id,amount,currency,payment_date,payment_method,platform_fee_pct,status,is_disputed
TX0000001,PR000638,FL00229,7983,USD,2024-02-23,Bank Transfer,16.08,failed,1
TX0000002,PR000135,FL00248,1540,USD,2023-05-25,Payoneer,17.23,success,True
TX0000003,PR000370,FL00141,2473,,2024-03-15,Wise,20.48,success,0
TX0000004,PR000776,FL00153,538317,GBP,2024-08-14,Stripe,13.25,success,False
TX0000005,PR000266,FL00199,1015,INR,2021-05-29,Stripe,9.07,success,1
TX0000006,PR000768,FL00466,1868,USD,,PayPal,11.53,success,false
TX0000007,PR000287,FL00451,,USD,2022-11-10,Payoneer,5.86,success,True
TX0000008,PR001153,FL00053,7634,INR,2022-10-22,PayPal,18.4,success,0
TX0000009,PR000062,,2054,USD,2023-06-11,Payoneer,8.55,pending,False
TX0000010,PR000959,FL00236,1836,GBP,2023-07-28,PayPal,10.64,refunded,False
TX0000011,PR000404,FL00436,-7200,GBP,2024-11-04,Bank Transfer,,failed,false
TX0000012,PR000515,FL00386,3039,PKR,2024-07-18,Payoneer,9.48,refunded,True
TX0000013,PR000212,FL00271,3499,EUR,2024-06-24,Wise,13.63,success,False
TX0000014,PR001103,FL00215,2556,GBP,2020-09-12,STRIPE,8.67,success,True
TX0000015,PR000620,FL00373,1448,usd,2022-05-09,Bank Transfer,12.91,pending,false
TX0000016,PR000294,FL00205,5857,INR,2022-05-02,Bank Transfer,16.59,success,true
TX0000017,PR000089,FL00062,-3191,USD,2022-05-26,Crypto,19.4,success,true
TX0000018,PR000740,FL00340,5152,EUR,2020-07-31,Wise,15.18,success,0
TX0000019,PR000815,FL00086,4755,BDT,2023-07-29,Crypto,9.48,success,True
TX0000020,PR000670,FL00267,1218,BDT,2020-05-28,Stripe,19.59,success,0
TX0000021,PR000435,FL00141,1563,PKR,2021-09-05,Payoneer,17.96,failed,true
TX0000022,PR000012,FL00365,-5850,BDT,,PayPal,19.67,success,False
TX0000023,PR000983,FL00374,4603,EUR,2022-01-10,Payoneer,6.62,success,false
TX0000024,PR000899,FL00411,6031,PKR,2022-09-26,Bank Transfer,,success,False
TX0000025,PR000745,FL00378,,USD,2020-01-04,PayPal,13.76,success,True
TX0000026,PR000939,FL00326,768,BDT,2021-07-19,Wise,6.12,success,0
TX0000027,PR001007,,6363,GBP,2020-08-06,Stripe,17.07,refunded,1
TX0000028,PR000528,FL00067,3187,gbp,2023-01-02,Crypto,18.35,success,True
TX0000029,PR000643,FL00097,2401,USD,2021-04-23,PayPal,14.41,pending,True
TX0000030,PR000592,FL00491,4526,USD,2022-06-28,PayPal,15.0,pending,true
TX0000031,PR001100,FL00356,4591,inr,2024-12-21,Bank Transfer,17.93,success,1
TX0000032,PR000379,FL00056,3961,USD,2022-09-06,Bank Transfer,14.35,pending,true
TX0000033,,FL00064,4844,USD,2023-06-06,PAYPAL,,refunded,False
TX0000034,PR001163,FL00487,,GBP,2020-01-01,Stripe,19.18,failed,True
TX0000035,PR000389,FL00134,5589,USD,2023-09-24,PayPal,20.29,failed,false
TX0000036,PR001046,FL00114,948287,USD,2021-07-16,BANK TRANSFER,11.55,refunded,0
TX0000037,PR000333,FL00070,7958,INR,2022-05-10,PayPal,9.25,success,True
TX0000038,PR001090,FL00479,5909,GBP,2024-11-24,Bank Transfer,18.55,success,false
TX0000039,,FL00045,,PKR,2022-01-21,Bank Transfer,6.47,success,False
TX0000040,PR000167,FL00364,2653,INR,2024-03-02,PayPal,9.79,success,1
TX0000041,PR001120,FL00448,3704,INR,2024-12-27,Wise,9.12,failed,0
TX0000042,PR000879,FL00409,1911,EUR,2021-06-19,Payoneer,6.07,success,True
TX0000043,PR000486,FL00168,7290,USD,2023-09-04,Payoneer,5.23,failed,True
TX0000044,PR000070,FL00260,1615,GBP,2023-10-08,Payoneer,12.94,success,1
TX0000045,PR000654,FL00293,664,GBP,2023-03-03,Payoneer,5.87,pending,false
TX0000046,PR000654,FL00434,3671,usd,2024-02-05,PayPal,18.08,pending,0
TX0000047,PR000751,FL00206,-729,EUR,2021-09-02,Crypto,9.14,pending,0
TX0000048,PR000198,FL00044,6107,USD,2021-02-10,Payoneer,6.39,failed,1
TX0000049,PR001117,FL00069,659,USD,2023-06-09,Payoneer,13.67,refunded,True
TX0000050,PR000328,FL00049,7107,USD,2023-01-06,Crypto,14.91,success,False
TX0000051,PR000657,FL00302,5408,GBP,2021-01-28,Stripe,8.82,success,0
TX0000052,PR001196,FL00286,4940,USD,2024-03-04,Crypto,16.1,failed,False
TX0000053,PR001051,FL00192,6682,GBP,2023-07-11,STRIPE,18.1,success,false
TX0000054,PR000401,FL00407,-6298,bdt,,Wise,10.88,pending,False
TX0000055,PR000773,FL00411,7501,PKR,2020-08-13,Crypto,15.04,refunded,True
TX0000056,PR000630,FL00236,1332,USD,2024-05-18,Stripe,8.75,success,0
TX0000057,PR000483,FL00144,7922,USD,2020-10-11,,15.93,success,0
TX0000058,PR000464,FL00176,819,USD,2020-02-19,Crypto,9.81,success,true
TX0000059,PR001008,FL00371,554249,INR,2020-12-20,Stripe,17.03,pending,true
TX0000060,PR000169,FL00355,5613,USD,2024-03-12,PayPal,18.44,success,False
TX0000061,PR000054,FL00142,3225,INR,2023-08-13,Crypto,14.76,success,true
TX0000062,PR000018,FL00492,5421,USD,2024-11-16,PayPal,16.17,success,false
TX0000063,PR000848,FL00004,4765,EUR,2020-10-26,Wise,6.16,refunded,false
TX0000064,PR000188,FL00414,3646,PKR,2024-06-11,CRYPTO,14.03,pending,0
TX0000065,PR000477,FL00429,5330,usd,2024-02-17,Wise,13.87,pending,1
TX0000066,PR000773,,484,GBP,2024-09-06,Crypto,,pending,false
TX0000067,PR000305,FL00438,1458,INR,2022-02-02,Payoneer,10.52,pending,0
TX0000068,PR000257,FL00225,6454,USD,2022-02-11,Bank Transfer,14.1,refunded,1
TX0000069,PR000945,FL00257,3347,USD,2021-06-22,Stripe,14.12,success,True
TX0000070,PR000745,FL00243,3622,PKR,2022-08-05,Stripe,13.43,pending,0
TX0000071,PR000470,FL00034,514,INR,2021-04-13,Stripe,17.77,pending,False
TX0000072,PR000474,FL00343,414,USD,2023-05-21,PayPal,17.67,success,false
TX0000073,PR000747,FL00444,2509,USD,2023-06-10,Payoneer,20.26,success,True
TX0000074,,FL00153,,inr,2023-07-18,PayPal,12.76,success,0
TX0000075,PR000819,,3559,BDT,2023-05-18,Stripe,11.98,failed,0
TX0000076,PR000964,FL00015,5444,USD,2024-04-16,PayPal,7.47,failed,true
TX0000077,PR000818,FL00256,409603,GBP,2020-12-11,PayPal,5.69,success,True
TX0000078,PR000017,FL00406,4441,USD,2024-03-15,Wise,13.35,success,1
TX0000079,PR000544,FL00397,3971,gbp,2024-07-05,Stripe,9.03,success,1
TX0000080,PR000509,FL00176,1295,USD,2023-08-12,Crypto,14.09,failed,False
TX0000081,PR000240,FL00147,6003,GBP,2023-10-23,Wise,12.42,failed,1
TX0000082,PR000660,FL00193,1448,PKR,2022-12-31,PayPal,19.01,success,True
TX0000083,PR000994,FL00098,3800,USD,2020-07-30,Wise,19.04,success,false
TX0000084,PR000177,FL00339,6150,INR,2024-08-11,Crypto,9.03,success,0
TX0000085,PR001199,FL00301,5386,GBP,2020-01-08,Crypto,15.8,pending,1
TX0000086,PR000873,FL00097,4184,BDT,2022-09-06,Stripe,14.82,success,False
TX0000087,PR000796,FL00116,6093,EUR,2022-01-23,Bank Transfer,10.16,success,True
TX0000088,PR001158,FL00062,6396,INR,2022-09-20,Bank Transfer,19.38,failed,0
TX0000089,PR001136,FL00391,6910,EUR,2020-08-11,Bank Transfer,13.36,success,false
TX0000090,PR000509,FL00335,4351,GBP,2023-08-16,Crypto,18.94,success,True
TX0000091,PR000939,FL00155,1059,,,,6.25,refunded,false
TX0000092,PR000665,FL00498,5253,PKR,2021-03-30,Stripe,,success,0
TX0000093,PR001035,FL00156,5780,INR,2024-02-10,Crypto,20.03,success,False
TX0000094,PR001053,,1075,USD,2023-11-04,Crypto,20.59,success,false
TX0000095,PR000397,FL00102,-1114,USD,2021-07-24,Wise,11.86,pending,false
TX0000096,PR000544,FL00490,7355,GBP,,PayPal,14.35,failed,False
TX0000097,PR000764,FL00007,7291,PKR,2024-05-12,Crypto,13.09,refunded,False
TX0000098,PR000365,FL00478,-3749,USD,2020-05-18,Stripe,19.83,refunded,1
TX0000099,PR000594,FL00169,7088,USD,2022-08-14,PAYONEER,17.29,success,True
TX0000100,PR000930,FL00020,893,INR,2023-10-13,Crypto,18.73,success,true
TX0000101,PR000551,FL00066,666,USD,2022-02-11,Stripe,17.72,success,false
TX0000102,PR000642,FL00337,2235,USD,2021-11-19,Bank Transfer,13.45,success,1
TX0000103,PR000018,FL00352,7563,INR,2021-03-17,Bank Transfer,18.0,refunded,1
TX0000104,PR000593,FL00397,6720,PKR,,Wise,17.86,refunded,0
TX0000105,PR000916,FL00429,1690,USD,2024-08-13,Crypto,7.55,pending,true
TX0000106,PR000952,FL00317,5438,USD,2021-06-27,Crypto,12.89,failed,False
TX0000107,PR000101,FL00260,-7758,USD,2022-12-18,PayPal,7.37,failed,False
TX0000108,PR000247,FL00499,-583,GBP,2023-01-20,Bank Transfer,8.88,success,true
TX0000109,PR001006,FL00208,,GBP,2022-06-02,PayPal,19.66,success,False
TX0000110,,FL00476,621,bdt,2024-12-02,Bank Transfer,15.7,pending,0
TX0000111,PR001003,FL00063,3959,USD,2022-05-28,Payoneer,16.27,failed,False
TX0000112,PR001094,FL00463,304,EUR,2022-10-10,Stripe,,success,0
TX0000113,PR000256,FL00386,7533,BDT,2020-02-26,Wise,16.98,success,False
TX0000114,PR001022,FL00418,7539,INR,2021-09-18,Payoneer,11.34,success,0
TX0000115,PR000993,FL00369,2226,USD,2023-12-28,WISE,10.71,success,1
TX0000116,PR001045,FL00330,4689,GBP,2024-08-12,Stripe,9.8,failed,1
TX0000117,PR000378,FL00012,3622,,2023-06-01,,,pending,1
TX0000118,PR001013,FL00205,-2245,usd,2023-02-19,Stripe,10.85,success,1
TX0000119,PR000820,FL00347,598,INR,2022-09-29,PayPal,,failed,True
TX0000120,PR001079,FL00448,5078,USD,2020-11-23,Crypto,11.01,success,1
TX0000121,PR000754,FL00195,717,PKR,2023-01-28,Crypto,11.92,success,0
TX0000122,PR000500,FL00344,6158,,2021-10-30,Wise,17.7,failed,0
TX0000123,PR000592,FL00242,762,USD,2023-04-30,Crypto,16.48,success,true
TX0000124,PR001114,FL00384,6270,,2023-03-11,Payoneer,6.79,refunded,false
TX0000125,PR000429,,7642,PKR,2022-06-08,Payoneer,7.66,failed,false
TX0000126,PR000438,FL00385,428,USD,2020-09-23,Wise,5.85,pending,0
TX0000127,PR000362,,4533,EUR,2021-12-23,Payoneer,12.73,success,false
TX0000128,,,456,INR,2023-01-06,Wise,,failed,0
TX0000129,PR000860,FL00247,2300,GBP,2020-05-10,Bank Transfer,6.07,failed,true
TX0000130,PR000217,FL00186,2202,USD,2021-05-12,Wise,18.91,success,False
TX0000131,PR000493,FL00184,451458,USD,2023-12-10,,16.88,failed,0
TX0000132,PR000414,FL00425,5754,PKR,2021-04-22,Stripe,17.24,success,False
TX0000133,PR001192,FL00396,1474,EUR,2020-03-17,Payoneer,20.87,refunded,True
TX0000134,PR001125,FL00239,591,PKR,2023-09-02,Crypto,10.26,success,False
TX0000135,PR000072,FL00480,3677,GBP,2020-12-31,Wise,18.82,success,true
TX0000136,PR000454,FL00212,4410,,2024-09-23,Payoneer,5.06,success,0
TX0000137,PR001139,FL00476,958,PKR,2020-04-02,,10.03,success,True
TX0000138,PR000843,FL00013,4748,USD,2022-12-16,Crypto,12.15,success,1
TX0000139,PR000107,FL00462,1302,USD,2023-01-16,Wise,17.04,pending,1
TX0000140,PR001049,FL00258,2103,PKR,2023-06-01,PayPal,,pending,False
TX0000141,PR000034,FL00429,1441,PKR,2024-01-18,Crypto,11.7,success,False
TX0000142,,FL00137,6168,GBP,2024-03-22,CRYPTO,15.96,success,True
TX0000143,PR000299,FL00135,6282,USD,2022-07-09,Crypto,15.27,success,False
TX0000144,,FL00196,639,INR,2021-01-08,Stripe,13.62,success,true
TX0000145,PR000729,FL00399,1242,USD,,Stripe,8.25,pending,false
TX0000146,PR000786,FL00117,5489,,2021-08-17,Wise,19.56,failed,0
TX0000147,PR000737,FL00053,6095,USD,2024-09-24,Bank Transfer,6.05,success,0
TX0000148,PR000025,FL00431,550,,2023-03-07,Stripe,20.51,success,True
TX0000149,PR000954,FL00258,1365,GBP,2020-04-23,PayPal,,failed,0
TX0000150,PR000183,FL00163,1351,USD,2023-12-24,Wise,20.33,pending,false
TX0000151,PR000440,FL00093,1283,PKR,,,14.22,success,True
TX0000152,PR000889,FL00329,,PKR,2022-07-29,Wise,6.5,success,true
TX0000153,PR000359,FL00105,2916,USD,2021-12-30,PayPal,8.36,failed,1
TX0000154,PR000494,FL00291,-4762,EUR,2022-08-08,Crypto,20.39,success,0
TX0000155,PR000210,FL00217,4598,USD,2024-07-13,Wise,11.7,pending,False
TX0000156,PR000312,FL00304,2553,USD,2021-11-17,WISE,17.78,refunded,False
TX0000157,PR000880,,826,GBP,2021-08-31,Payoneer,10.52,success,False
TX0000158,PR000475,FL00102,5118,INR,2024-08-06,Stripe,,success,1
TX0000159,PR000232,FL00402,4998,EUR,2020-05-12,Wise,19.27,success,0
TX0000160,PR000380,FL00477,3413,BDT,2024-05-03,Wise,,success,0
TX0000161,PR000540,,5737,PKR,2020-01-02,Crypto,17.12,refunded,true
TX0000162,PR000086,FL00475,,,2024-10-29,Wise,6.98,failed,True
TX0000163,PR000508,FL00321,1735,USD,2024-04-09,Crypto,,success,False
TX0000164,PR001138,FL00360,5124,USD,2024-04-07,Bank Transfer,15.65,pending,True
TX0000165,PR000677,FL00091,2231,INR,2023-09-25,PayPal,13.77,failed,False
TX0000166,PR000453,FL00008,6923,USD,2021-09-22,WISE,17.51,pending,1
TX0000167,PR001123,FL00374,1936,GBP,2023-04-28,Payoneer,9.11,success,false
TX0000168,PR000105,FL00196,1230,bdt,,Crypto,5.16,success,true
TX0000169,PR000280,FL00181,5786,eur,2024-05-06,Crypto,13.67,refunded,False
TX0000170,PR000813,FL00004,2663,EUR,2021-01-02,Wise,15.83,success,0
TX0000171,PR000400,FL00144,,PKR,2023-03-19,PayPal,5.72,success,0
TX0000172,PR000986,FL00164,3451,BDT,2022-02-26,,13.47,failed,False
TX0000173,PR000024,FL00178,6766,INR,2021-08-06,PayPal,15.92,refunded,True
TX0000174,PR000809,FL00423,2027,PKR,2024-03-04,,,pending,true
TX0000175,PR001060,FL00106,1823,GBP,2022-04-19,Crypto,20.77,pending,True
TX0000176,PR000298,FL00240,4279,USD,2024-03-17,PayPal,10.61,success,True
TX0000177,PR000759,FL00089,6764,PKR,2024-02-15,Bank Transfer,14.51,pending,True
TX0000178,PR000152,FL00101,6604,GBP,2024-08-01,Crypto,10.45,pending,0
TX0000179,PR000063,FL00151,6484,USD,2020-12-13,Crypto,9.12,pending,1
TX0000180,PR000745,FL00320,1900,GBP,2024-06-18,Stripe,,success,True
TX0000181,PR000911,FL00478,3879,,2023-03-10,Payoneer,7.52,success,1
TX0000182,PR001193,FL00269,4763,GBP,2023-11-16,Payoneer,6.58,success,false
TX0000183,PR000480,FL00322,825,INR,2020-09-10,BANK TRANSFER,7.45,success,true
TX0000184,PR000750,FL00397,,INR,2023-12-26,Payoneer,6.09,success,0
TX0000185,PR001092,FL00186,5554,USD,2023-03-30,PayPal,17.11,refunded,false
TX0000186,PR001186,FL00421,4684,USD,2022-03-12,Crypto,13.63,success,true
TX0000187,PR000595,FL00170,2582,USD,2021-08-07,Wise,13.02,refunded,true
TX0000188,PR000093,FL00072,6832,,2024-08-27,Crypto,13.48,success,true
TX0000189,PR000206,FL00165,,EUR,2022-04-15,Wise,20.43,success,True
TX0000190,PR000633,FL00133,3278,USD,2024-09-27,Wise,13.86,success,1
TX0000191,PR001057,FL00317,4781,PKR,2022-05-18,Stripe,13.06,success,false
TX0000192,PR000080,FL00016,7158,INR,2024-03-27,Wise,20.39,refunded,0
TX0000193,PR001007,FL00202,5039,PKR,2024-01-28,Crypto,14.49,success,true
TX0000194,PR000614,FL00387,7216,EUR,2021-09-11,Wise,13.96,success,false
TX0000195,PR000530,FL00257,2799,BDT,2020-12-05,,16.98,pending,false
TX0000196,PR000937,FL00003,7364,USD,2022-05-28,Crypto,7.69,success,False
TX0000197,PR000693,FL00497,6135,INR,2024-10-19,PAYPAL,20.86,success,False
TX0000198,PR000138,FL00107,6478,INR,2020-05-09,Payoneer,8.04,success,1
TX0000199,PR001118,FL00415,669,usd,2023-06-14,Crypto,8.72,success,true
TX0000200,PR000991,FL00051,,USD,2020-08-07,PayPal,,failed,True
TX0000201,PR000673,FL00161,5131,USD,2024-02-04,Payoneer,10.41,success,1
TX0000202,PR000299,FL00456,3980,INR,2021-05-18,Payoneer,17.6,success,true
TX0000203,PR000243,FL00231,3109,EUR,,Stripe,15.06,success,1
TX0000204,PR000900,FL00399,103,BDT,2021-01-31,PayPal,8.71,success,0
TX0000205,PR000952,FL00182,-2093,USD,2020-01-21,PAYONEER,9.77,success,1
TX0000206,PR000898,FL00408,7947,PKR,2020-06-19,Crypto,16.8,success,False
TX0000207,PR000611,FL00270,1218,USD,2024-10-22,Crypto,8.78,success,True
TX0000208,PR000293,FL00159,5478,INR,2024-11-09,Bank Transfer,6.39,success,false
TX0000209,PR000292,FL00408,6779,USD,2020-03-29,Bank Transfer,7.4,success,1
TX0000210,PR000824,FL00318,6663,USD,2020-05-03,Payoneer,7.17,success,true
TX0000211,PR001105,FL00455,6489,USD,2021-04-29,Crypto,5.7,success,0
TX0000212,PR000216,FL00112,7591,USD,2021-03-16,PAYONEER,9.86,success,false
TX0000213,,FL00176,4910,PKR,2020-09-01,PayPal,14.57,success,True
TX0000214,PR000712,FL00032,6725,PKR,2022-10-21,PayPal,16.17,pending,0
TX0000215,PR000957,FL00065,2636,INR,2024-08-05,Bank Transfer,10.17,refunded,False
TX0000216,PR000593,FL00210,4938,INR,2024-01-13,Bank Transfer,16.81,refunded,True
TX0000217,PR000099,FL00080,-6485,BDT,2020-11-20,Crypto,15.62,failed,False
TX0000218,PR000109,FL00292,7112,,2020-08-23,PayPal,7.24,success,False
TX0000219,PR001103,FL00283,2495,PKR,2022-05-03,Crypto,7.18,success,0
TX0000220,PR000030,FL00131,7523,PKR,2020-03-07,Bank Transfer,17.75,success,1
TX0000221,PR000136,,3410,USD,2022-01-07,Stripe,19.1,refunded,true
TX0000222,PR000568,FL00477,6275,PKR,2021-04-13,Crypto,20.57,refunded,true
TX0000223,PR001012,FL00490,2721,INR,2021-07-05,,10.1,refunded,True
TX0000224,PR000031,FL00489,242,BDT,2023-12-31,Wise,6.2,success,False
TX0000225,PR000482,FL00248,5301,,2024-05-08,Stripe,19.07,success,True
TX0000226,PR000126,FL00095,272,PKR,2023-03-07,PayPal,19.98,failed,false
TX0000227,PR000014,FL00095,4382,USD,2022-08-30,PayPal,7.06,success,0
TX0000228,PR000595,FL00033,5468,PKR,2024-06-21,Stripe,19.61,success,1
TX0000229,PR000616,FL00473,7507,PKR,2023-05-05,PayPal,18.66,failed,0
TX0000230,PR000914,FL00211,5091,USD,2020-04-14,Payoneer,,pending,false
TX0000231,PR000088,FL00108,2548,EUR,2020-05-23,PAYPAL,20.51,success,0
TX0000232,,FL00385,2887,GBP,2021-04-18,Stripe,12.65,success,true
TX0000233,PR000924,FL00042,1674,GBP,2021-05-30,Payoneer,20.23,success,true
TX0000234,PR000590,FL00291,5556,USD,2022-07-05,Wise,12.26,pending,false
TX0000235,PR000699,FL00055,6903,USD,2020-02-20,Bank Transfer,6.07,pending,0
TX0000236,PR000318,FL00420,6187,INR,2023-07-01,Stripe,12.89,success,false
TX0000237,PR000159,FL00357,6810,USD,2021-10-04,Wise,12.82,pending,0
TX0000238,PR000792,FL00434,1281,GBP,2023-01-24,Crypto,16.09,pending,true
TX0000239,PR000078,FL00314,4266,BDT,,PayPal,18.1,success,1
TX0000240,PR001063,,739271,PKR,2020-08-03,CRYPTO,16.45,success,false
TX0000241,PR000635,FL00331,7034,INR,2023-04-29,Crypto,15.21,success,True
TX0000242,PR000535,FL00126,5280,GBP,2020-12-31,Payoneer,7.04,refunded,False
TX0000243,PR000048,FL00278,386044,USD,2024-04-30,PayPal,12.34,refunded,0
TX0000244,PR000573,FL00212,5739,USD,2022-11-07,Bank Transfer,20.54,success,False
TX0000245,PR000433,FL00029,2880,BDT,2024-04-28,Payoneer,18.1,refunded,True
TX0000246,PR000070,FL00045,4423,INR,2024-05-14,Wise,12.7,pending,0
TX0000247,PR001172,FL00222,3019,INR,2020-10-10,Wise,,pending,0
TX0000248,PR000690,FL00486,653408,BDT,2023-11-01,Stripe,10.87,success,true
TX0000249,PR000501,FL00261,7117,USD,2021-02-04,Bank Transfer,18.71,success,true
TX0000250,PR000384,FL00158,6062,BDT,2021-01-17,Payoneer,6.51,refunded,False
TX0000251,PR000455,FL00442,345,EUR,2022-12-18,Bank Transfer,8.95,success,false
TX0000252,PR000933,FL00122,3645,USD,2022-07-19,Stripe,20.24,success,true
TX0000253,PR000976,FL00385,,USD,2023-11-19,PayPal,10.33,success,1
TX0000254,PR000304,FL00144,7628,INR,2023-09-05,Wise,12.96,success,False
TX0000255,PR000270,FL00083,3698,USD,2021-02-06,,13.36,success,false
TX0000256,PR000379,FL00421,7933,USD,2022-10-21,PayPal,13.29,failed,false
TX0000257,PR000299,FL00327,1282,INR,2023-03-15,Crypto,20.43,refunded,1
TX0000258,PR001184,FL00129,7957,USD,2020-01-07,Crypto,17.56,pending,False
TX0000259,PR000541,FL00382,7454,PKR,2023-10-11,Bank Transfer,10.66,refunded,False
TX0000260,PR000573,FL00410,701,EUR,2024-02-04,PayPal,14.99,pending,true
TX0000261,PR000611,FL00085,5586,INR,2021-04-01,Payoneer,,success,False
TX0000262,PR000675,FL00035,6102,bdt,2022-02-09,Crypto,19.42,success,false
TX0000263,PR000571,FL00284,294,PKR,2024-04-29,Crypto,5.73,success,true
TX0000264,PR000269,FL00399,2253,BDT,2022-10-29,Bank Transfer,12.74,pending,true
TX0000265,PR000278,FL00018,329,USD,2021-08-13,Stripe,10.97,success,false
TX0000266,PR001064,FL00466,6667,BDT,2022-04-21,PayPal,11.74,pending,1
TX0000267,PR000170,FL00273,5172,USD,2023-06-27,Bank Transfer,,pending,False
TX0000268,PR000104,FL00228,4512,USD,2021-10-13,Bank Transfer,14.61,failed,true
TX0000269,,,3418,GBP,2023-01-14,Bank Transfer,5.28,refunded,True
TX0000270,PR000761,FL00256,957,PKR,2020-09-21,PayPal,18.69,refunded,false
TX0000271,PR000001,FL00070,2616,USD,2023-11-05,PayPal,20.04,success,False
TX0000272,PR000766,FL00289,3654,PKR,,Bank Transfer,13.98,success,true
TX0000273,PR000535,FL00020,6160,INR,2023-10-01,PayPal,14.56,refunded,0
TX0000274,PR000930,FL00318,5779,USD,2020-06-19,Payoneer,18.43,refunded,True
TX0000275,PR001051,FL00278,7955,BDT,2022-02-21,Crypto,18.22,success,true
TX0000276,PR001045,FL00389,1467,INR,2021-06-28,PayPal,10.66,success,False
TX0000277,PR000323,FL00231,2720,GBP,2020-01-18,,15.53,success,1
TX0000278,PR000976,FL00313,5337,USD,2022-02-27,Wise,9.89,success,0
TX0000279,PR000645,FL00445,1750,USD,2020-11-02,PayPal,17.32,refunded,True
TX0000280,PR000976,FL00473,5950,USD,2020-01-24,Stripe,14.8,failed,1
TX0000281,PR000045,FL00085,,usd,2024-06-19,Payoneer,6.59,pending,False
TX0000282,PR000116,FL00325,60,GBP,2021-02-07,Crypto,7.68,pending,false
TX0000283,PR000293,FL00240,7841,EUR,2024-06-20,PayPal,16.63,pending,1
TX0000284,PR000155,FL00377,4556,INR,2021-12-01,,10.7,pending,False
TX0000285,PR000111,FL00369,5894,BDT,2021-07-25,PayPal,5.86,success,False
TX0000286,PR000171,FL00244,7858,BDT,2022-09-20,Stripe,9.54,success,false
TX0000287,PR000697,FL00005,5178,USD,2021-03-03,Bank Transfer,11.96,pending,true
TX0000288,PR000405,FL00003,2848,INR,2021-01-16,Stripe,7.96,success,0
TX0000289,PR000687,FL00022,7940,BDT,2024-05-30,Stripe,15.05,success,0
TX0000290,PR001121,,871,EUR,2020-09-20,PayPal,10.4,failed,False
TX0000291,PR001029,FL00031,4994,gbp,,Bank Transfer,12.44,refunded,1
TX0000292,PR001034,FL00473,2266,PKR,2020-01-05,PayPal,10.06,success,1
TX0000293,PR000112,FL00405,4781,BDT,,PayPal,18.49,success,False
TX0000294,PR000151,FL00030,2059,EUR,2021-12-26,Wise,13.61,pending,False
TX0000295,PR000787,FL00406,1553,USD,2021-07-04,Crypto,19.98,pending,0
TX0000296,PR000496,FL00333,496599,USD,2022-08-19,,8.42,success,False
TX0000297,PR000297,FL00397,7379,usd,2021-07-25,Payoneer,6.84,refunded,True
TX0000298,PR000300,FL00393,5876,USD,2023-10-06,Crypto,5.04,success,True
TX0000299,PR001041,FL00411,1085,BDT,2023-05-25,Wise,18.82,success,1
TX0000300,PR000954,FL00141,7233,GBP,2020-01-28,Wise,7.4,failed,0
TX0000301,PR000452,FL00477,4763,USD,2022-08-01,Bank Transfer,9.98,failed,True
TX0000302,PR000545,FL00402,6591,EUR,2024-12-13,Wise,13.81,refunded,false
TX0000303,PR000939,FL00130,6543,USD,2020-09-05,Wise,11.65,pending,true
TX0000304,PR000168,FL00499,5401,BDT,2024-12-25,Wise,8.37,success,1
TX0000305,PR000535,FL00387,7718,GBP,2020-10-08,Wise,12.86,success,True
TX0000306,PR000457,FL00462,5873,BDT,2023-11-21,Crypto,12.87,failed,true
TX0000307,PR001120,FL00192,7937,GBP,2021-06-16,Stripe,,success,false
TX0000308,PR000153,FL00178,6752,GBP,2023-03-05,Wise,18.56,success,false
TX0000309,PR000581,FL00484,3177,INR,2023-03-13,Payoneer,15.38,success,false
TX0000310,PR000577,FL00110,4227,BDT,2023-11-06,Crypto,16.68,failed,1
TX0000311,PR000209,,1169,BDT,2020-08-16,Stripe,7.73,refunded,True
TX0000312,,FL00222,2653,USD,,Wise,8.4,pending,False
TX0000313,PR000476,FL00308,7436,GBP,2023-06-10,Crypto,12.15,refunded,1
TX0000314,PR001010,FL00175,2646,BDT,2021-12-13,Wise,15.14,success,false
TX0000315,PR000186,FL00392,6884,USD,2022-04-30,Crypto,14.69,success,0
TX0000316,PR000087,FL00167,7150,GBP,2023-02-26,Crypto,19.81,pending,1
TX0000317,PR000036,FL00180,6484,USD,2021-02-14,Payoneer,7.65,failed,1
TX0000318,PR000009,FL00098,4106,USD,2024-05-05,Stripe,20.42,success,False
TX0000319,PR001092,FL00208,6039,USD,2022-07-17,Stripe,15.36,success,False
TX0000320,PR001108,FL00322,6261,USD,2024-09-15,Crypto,17.31,success,0
TX0000321,PR001078,FL00229,,PKR,2023-09-23,PayPal,11.88,success,true
TX0000322,PR000096,FL00016,6430,GBP,2023-10-04,Stripe,10.17,failed,True
TX0000323,PR000854,FL00393,2101,GBP,2022-06-27,Stripe,16.57,refunded,false
TX0000324,PR000073,FL00483,2986,USD,2023-02-20,Crypto,10.37,success,true
TX0000325,PR000871,FL00105,6268,INR,,Wise,18.86,success,false
TX0000326,PR000080,FL00171,3923,PKR,2020-08-29,Stripe,12.02,success,1
TX0000327,PR001042,,1357,USD,2024-01-22,Bank Transfer,8.87,success,False
TX0000328,PR000159,FL00479,7990,USD,2021-04-19,PAYONEER,8.6,success,True
TX0000329,PR001069,FL00327,,INR,2020-03-03,Stripe,6.95,pending,true
TX0000330,PR000870,FL00413,-6147,GBP,2022-11-09,Bank Transfer,14.19,success,True
TX0000331,PR000151,FL00262,7590,INR,2024-12-28,PayPal,13.5,pending,True
TX0000332,PR001123,FL00077,2353,USD,2024-04-09,Crypto,13.7,success,1
TX0000333,PR000860,FL00437,5215,PKR,2024-12-16,Stripe,8.36,failed,0
TX0000334,PR000693,FL00161,1162,USD,2024-09-30,Wise,6.5,failed,False
TX0000335,PR000045,FL00296,1996,USD,2021-01-04,Crypto,14.88,refunded,True
TX0000336,PR001160,FL00121,7118,BDT,2020-07-04,Payoneer,,failed,True
TX0000337,PR000596,FL00297,4333,EUR,2022-07-15,Crypto,18.68,success,True
TX0000338,PR000428,FL00346,5045,EUR,2021-01-16,Stripe,18.44,failed,1
TX0000339,,FL00108,5758,USD,2024-06-12,PayPal,6.98,success,false
TX0000340,PR000433,FL00066,5241,USD,2022-01-04,PAYONEER,13.31,pending,0
TX0000341,,FL00499,4484,USD,2023-11-02,,20.46,refunded,False
TX0000342,PR000301,FL00259,497,INR,2021-04-21,Wise,6.14,failed,0
TX0000343,PR001193,,4249,BDT,2020-11-13,Bank Transfer,16.9,pending,true
TX0000344,PR000671,FL00118,7018,EUR,2021-07-20,Bank Transfer,7.06,success,0
TX0000345,PR000947,FL00377,5897,USD,2024-03-15,Stripe,11.38,success,false
TX0000346,PR000662,FL00367,5715,USD,2021-04-07,Bank Transfer,17.66,success,false
TX0000347,PR000009,FL00248,4918,USD,2020-12-18,PayPal,20.03,success,1
TX0000348,PR000892,FL00214,948,BDT,,Crypto,20.07,success,False
TX0000349,PR000299,FL00222,807,EUR,2024-05-20,,8.62,refunded,true
TX0000350,PR000159,FL00207,2270,BDT,2023-06-20,Payoneer,14.68,success,True
TX0000351,PR000768,FL00074,6430,GBP,2022-08-09,Bank Transfer,20.25,failed,false
TX0000352,PR000583,FL00250,6666,GBP,2021-07-29,Crypto,,success,0
TX0000353,PR000364,FL00098,4803,INR,,Payoneer,8.72,pending,False
TX0000354,,FL00176,2143,EUR,2021-11-03,Crypto,17.18,success,True
TX0000355,PR001036,FL00241,4203,USD,2023-06-07,Crypto,14.06,pending,False
TX0000356,PR001008,FL00120,3056,PKR,2021-12-27,Wise,16.52,success,true
TX0000357,PR000030,FL00468,823,EUR,2024-08-22,PayPal,16.07,refunded,1
TX0000358,PR000362,FL00369,6800,PKR,2023-08-08,Crypto,,failed,True
TX0000359,PR000081,FL00045,5181,EUR,2021-03-30,Crypto,11.66,pending,False
TX0000360,PR000386,FL00017,4142,USD,2024-12-31,Stripe,14.27,success,false
TX0000361,PR000284,FL00040,1780,USD,2024-02-20,Bank Transfer,19.1,success,false
TX0000362,PR000652,FL00189,6726,EUR,,Crypto,8.11,success,False
TX0000363,PR000613,FL00388,5959,GBP,2023-03-24,Wise,5.44,failed,true
TX0000364,PR000892,FL00161,1041,USD,2024-09-16,PayPal,9.96,success,0
TX0000365,PR001012,FL00181,583517,BDT,2021-02-09,Stripe,19.47,failed,0
TX0000366,PR000403,FL00087,6080,PKR,2022-07-16,Stripe,14.31,success,true
TX0000367,PR000132,FL00168,7807,USD,2022-06-19,Stripe,9.22,success,False
TX0000368,PR000525,FL00068,1660,GBP,2024-02-21,STRIPE,11.67,failed,False
TX0000369,PR000461,FL00413,7038,GBP,2021-07-05,Bank Transfer,16.34,pending,True
TX0000370,PR000094,FL00184,1522,USD,2024-07-31,Crypto,11.84,success,True
TX0000371,PR000716,FL00106,1422,USD,2024-05-07,Stripe,14.35,pending,0
TX0000372,PR000088,FL00235,1089,USD,2021-04-02,Wise,13.89,refunded,True
TX0000373,PR000470,FL00263,6557,INR,2024-12-15,Bank Transfer,6.95,pending,true
TX0000374,PR000924,FL00227,,EUR,2021-03-15,Stripe,,success,1
TX0000375,PR000208,FL00451,2758,USD,2020-02-03,Bank Transfer,10.1,pending,0
TX0000376,PR000857,FL00160,3939,EUR,2021-07-22,PayPal,17.18,failed,1
TX0000377,PR000147,FL00433,4302,GBP,,Payoneer,12.95,success,True
TX0000378,PR000928,FL00322,1527,BDT,2021-03-12,PayPal,7.36,success,0
TX0000379,PR000189,FL00009,1978,PKR,2022-06-03,Payoneer,19.78,pending,1
TX0000380,PR000419,FL00037,7319,EUR,2022-04-11,Bank Transfer,16.48,success,False
TX0000381,PR001101,FL00410,7165,EUR,2021-05-30,PayPal,18.73,pending,1
TX0000382,PR000857,FL00096,840,EUR,2022-09-29,Bank Transfer,11.56,success,0
TX0000383,PR000355,FL00204,,GBP,2023-04-04,PayPal,9.9,success,false
TX0000384,PR000428,FL00103,4736,INR,2023-04-15,Crypto,12.15,pending,1
TX0000385,PR000087,FL00211,6560,GBP,2024-07-28,PayPal,12.61,pending,False
TX0000386,PR000088,FL00359,1602,EUR,2023-08-31,PayPal,10.82,success,false
TX0000387,PR000695,FL00008,2386,GBP,2022-04-18,Wise,11.4,success,False
TX0000388,PR000256,FL00327,2564,BDT,2023-04-26,Payoneer,6.28,success,1
TX0000389,PR000868,FL00061,1309,,2024-01-12,PayPal,19.94,success,1
TX0000390,PR000925,FL00158,5075,BDT,2023-01-31,Stripe,20.25,failed,true
TX0000391,PR000149,FL00344,6692,GBP,2020-09-28,Bank Transfer,17.88,success,1
TX0000392,PR001008,FL00440,2843,USD,2022-02-23,Stripe,16.08,success,False
TX0000393,PR000310,FL00283,7279,GBP,,Bank Transfer,18.1,success,true
TX0000394,PR000559,FL00191,7116,BDT,2024-04-21,Bank Transfer,5.59,failed,true
TX0000395,PR000783,,5019,PKR,2022-06-18,Stripe,13.58,failed,0
TX0000396,PR000026,FL00355,7354,PKR,2023-01-12,Crypto,8.74,failed,1
TX0000397,PR000296,FL00457,4884,USD,2022-03-26,Stripe,13.47,pending,0
TX0000398,PR000109,FL00295,5873,PKR,2024-06-25,Payoneer,12.6,success,True
TX0000399,PR000571,FL00162,6797,usd,2021-08-01,Bank Transfer,10.3,success,True
TX0000400,PR000722,FL00205,3467,,2021-10-14,Wise,14.39,success,true
TX0000401,PR000700,FL00196,1461,USD,2024-10-16,Wise,,success,true
TX0000402,PR000937,FL00308,2499,USD,2021-12-28,PayPal,,refunded,1
TX0000403,PR000383,FL00488,2729,usd,2023-08-11,PayPal,8.23,success,true
TX0000404,PR000768,FL00071,2220,PKR,2022-04-22,Payoneer,19.53,pending,1
TX0000405,PR001164,FL00236,717726,BDT,2020-11-18,PayPal,9.5,pending,1
TX0000406,PR001152,FL00129,1591,USD,2021-08-10,Wise,13.25,pending,0
TX0000407,PR000664,FL00253,172167,INR,2021-04-10,Bank Transfer,18.24,refunded,1
TX0000408,PR000162,FL00388,750219,BDT,2021-10-16,Wise,14.04,refunded,0
TX0000409,PR000314,FL00446,1193,GBP,2022-11-07,Stripe,11.86,pending,1
TX0000410,PR000718,FL00231,57,GBP,2022-04-23,,17.31,success,1
TX0000411,PR000672,FL00209,1297,USD,2020-07-29,Stripe,18.53,pending,True
TX0000412,PR001040,FL00377,7485,USD,2023-01-18,Stripe,10.31,refunded,true
TX0000413,PR000173,FL00050,2310,,2022-02-09,Crypto,19.7,pending,0
TX0000414,PR000145,FL00488,337,USD,2020-05-17,PayPal,17.28,refunded,0
TX0000415,PR000011,FL00334,1946,BDT,2020-01-20,Wise,15.41,success,0
TX0000416,PR001153,FL00297,2907,INR,2024-11-11,Bank Transfer,19.13,success,1
TX0000417,,FL00440,4558,INR,,Bank Transfer,19.08,success,true
TX0000418,PR000247,FL00164,1935,USD,,Wise,10.46,success,false
TX0000419,PR000873,FL00024,7674,GBP,2020-01-19,Stripe,16.34,success,True
TX0000420,PR000117,FL00420,6553,USD,2022-05-17,Crypto,16.01,success,True
TX0000421,,FL00044,433,PKR,2021-08-10,PayPal,13.26,failed,true
TX0000422,PR001167,FL00479,3488,PKR,2022-11-02,Stripe,15.62,pending,0
TX0000423,PR001158,FL00219,3491,USD,2021-11-20,Wise,11.88,pending,0
TX0000424,PR001058,FL00450,7521,BDT,2023-12-19,Payoneer,10.54,success,False
TX0000425,PR000163,FL00346,7482,USD,2020-10-08,Stripe,17.7,pending,true
TX0000426,PR000881,FL00252,4990,USD,2021-09-14,Stripe,13.77,pending,true
TX0000427,PR000937,FL00231,1634,EUR,2021-04-09,Wise,17.49,success,true
TX0000428,PR000385,FL00303,3983,USD,2021-02-22,Stripe,15.85,success,False
TX0000429,PR000977,FL00162,6026,PKR,2021-04-25,Bank Transfer,12.17,success,0
TX0000430,PR000559,FL00360,2753,INR,2023-04-08,Payoneer,17.11,success,false
TX0000431,PR000232,FL00468,7951,USD,2020-06-23,Crypto,7.19,success,0
TX0000432,PR001140,FL00406,7788,PKR,2024-10-02,Crypto,8.08,success,False
TX0000433,PR000394,FL00020,3595,inr,2022-12-01,Wise,7.55,success,true
TX0000434,PR001192,FL00333,7674,PKR,2023-10-21,Crypto,9.06,success,1
TX0000435,PR000026,FL00284,5663,PKR,2024-07-31,Stripe,15.55,success,false
TX0000436,PR000651,FL00004,2532,INR,2024-06-18,Wise,16.89,refunded,True
TX0000437,PR000831,FL00408,7014,GBP,2023-04-26,PayPal,13.6,success,True
TX0000438,PR000442,FL00021,4178,gbp,2021-07-05,Wise,10.08,success,False
TX0000439,PR000328,FL00108,-7863,GBP,2024-12-15,CRYPTO,19.65,success,False
TX0000440,PR000763,FL00464,5748,BDT,2023-07-08,Stripe,16.11,pending,0
TX0000441,PR001048,FL00248,4095,USD,2020-05-31,Wise,19.56,failed,false
TX0000442,PR000839,FL00183,2225,INR,,PayPal,5.05,failed,true
TX0000443,PR000894,FL00241,1584,USD,2022-04-26,Crypto,8.31,refunded,False
TX0000444,PR000861,FL00010,7488,PKR,2023-05-18,PayPal,16.59,success,false
TX0000445,PR000496,FL00499,4158,EUR,2021-12-19,Payoneer,17.32,pending,0
TX0000446,PR000095,FL00392,703,PKR,2023-04-06,Payoneer,5.63,refunded,true
TX0000447,PR001175,FL00071,3735,BDT,2022-08-16,,19.21,success,False
TX0000448,PR000953,FL00071,6225,USD,2020-10-02,Bank Transfer,10.82,pending,0
TX0000449,PR000124,FL00206,7295,BDT,2022-07-26,Wise,,success,0
TX0000450,PR000358,FL00248,3141,USD,2020-08-04,Crypto,17.84,success,false
TX0000451,PR000507,FL00472,6113,EUR,2023-04-22,Stripe,18.9,refunded,False
TX0000452,PR000063,FL00325,411777,BDT,2024-07-08,Crypto,6.1,success,True
TX0000453,PR000048,FL00362,6987,USD,,Payoneer,11.31,pending,false
TX0000454,PR000952,FL00280,5031,USD,2021-12-11,Payoneer,17.45,success,False
TX0000455,PR000627,FL00500,5377,BDT,2022-11-13,Crypto,8.93,refunded,true
TX0000456,PR000928,FL00139,3799,EUR,2022-12-14,Crypto,19.09,success,true
TX0000457,PR000137,FL00445,746,BDT,2021-03-13,PAYPAL,17.64,success,0
TX0000458,PR000216,FL00364,1015,EUR,2023-05-22,Wise,7.75,success,True
TX0000459,PR000669,FL00311,3710,GBP,2022-12-16,Wise,20.12,pending,0
TX0000460,PR000210,FL00488,7531,BDT,2023-06-07,Payoneer,11.43,success,False
TX0000461,,FL00375,6569,EUR,2022-08-14,PayPal,18.95,refunded,1
TX0000462,PR000019,FL00273,2437,INR,2024-09-21,Stripe,19.11,success,true
TX0000463,PR000997,FL00419,4252,EUR,2023-03-09,Crypto,13.41,refunded,0
TX0000464,PR001005,FL00448,7374,USD,2020-05-26,Stripe,11.22,pending,false
TX0000465,PR000959,FL00331,2139,BDT,2024-08-07,Wise,20.44,pending,0
TX0000466,PR000511,FL00046,6751,PKR,2022-09-18,PayPal,11.76,refunded,true
TX0000467,PR000730,FL00339,6911,BDT,2021-05-16,Wise,8.03,success,1
TX0000468,PR000888,FL00259,1264,GBP,2023-08-21,Bank Transfer,15.15,refunded,1
TX0000469,PR001026,FL00264,7865,,2020-10-18,Wise,6.6,success,False
TX0000470,PR000414,FL00056,1312,INR,2022-04-28,Wise,14.37,success,false
TX0000471,PR000005,FL00042,6445,USD,2022-08-24,Crypto,15.69,failed,true
TX0000472,PR000248,FL00129,4426,,,Crypto,7.03,refunded,False
TX0000473,PR000772,FL00201,-1145,USD,2020-01-28,Crypto,,success,0
TX0000474,PR001025,FL00038,2796,EUR,2021-05-18,Crypto,20.62,refunded,True
TX0000475,PR000327,,6629,PKR,2020-01-04,PayPal,,failed,true
TX0000476,PR000326,,6609,EUR,2024-02-25,Stripe,6.4,success,true
TX0000477,PR000274,FL00230,314,USD,2023-11-27,Payoneer,13.13,refunded,true
TX0000478,PR000616,FL00463,4088,USD,2024-07-17,Stripe,5.85,refunded,False
TX0000479,PR000266,FL00447,3569,EUR,2023-08-15,Payoneer,9.5,success,1
TX0000480,PR001071,FL00025,6287,EUR,2024-01-17,,12.53,pending,1
TX0000481,PR001056,FL00121,2909,usd,2020-06-14,Bank Transfer,16.56,success,true
TX0000482,PR000862,FL00411,,USD,2020-06-02,PayPal,17.22,success,1
TX0000483,PR000035,FL00464,914,USD,2022-07-27,Wise,6.08,success,False
TX0000484,PR000069,FL00079,6231,USD,2024-08-31,Payoneer,12.93,failed,true
TX0000485,PR000844,FL00139,3234,USD,2021-11-22,Crypto,12.43,pending,1
TX0000486,PR000487,FL00108,6579,USD,2022-08-27,Wise,17.51,success,0
TX0000487,PR000798,FL00334,6016,USD,2022-09-17,Bank Transfer,6.66,failed,0
TX0000488,PR000713,FL00275,7730,INR,2022-04-30,Wise,16.48,failed,0
TX0000489,PR000586,FL00457,1281,INR,2020-08-27,Bank Transfer,,success,False
TX0000490,PR000570,FL00134,6808,GBP,2024-03-09,PayPal,,success,0
TX0000491,PR000414,FL00412,968,USD,2024-09-17,PayPal,18.25,success,True
TX0000492,PR000836,FL00362,7038,USD,2021-09-27,Payoneer,7.45,refunded,False
TX0000493,PR000414,FL00373,5588,USD,2024-03-07,CRYPTO,6.92,failed,True
TX0000494,PR001097,FL00039,5208,PKR,2020-10-19,Bank Transfer,20.36,success,true
TX0000495,PR000158,FL00029,5578,GBP,2021-11-27,Bank Transfer,5.1,failed,true
TX0000496,PR000389,FL00368,3895,USD,2022-10-17,PayPal,13.36,success,false
TX0000497,PR001182,FL00384,3579,USD,2021-07-04,Bank Transfer,17.07,refunded,false
TX0000498,PR000579,FL00141,2903,INR,2020-07-08,Payoneer,15.41,failed,false
TX0000499,PR000406,FL00247,5789,USD,2022-12-16,Payoneer,16.57,pending,True
TX0000500,PR000717,FL00499,59,GBP,2023-04-21,Wise,9.26,success,true
TX0000501,PR000303,FL00093,3396,EUR,2021-04-04,Payoneer,16.22,pending,0
TX0000502,PR000316,FL00150,6112,GBP,,PayPal,12.0,pending,False
TX0000503,PR000820,FL00356,6878,USD,2023-02-06,Crypto,17.48,success,1
TX0000504,PR000199,FL00055,4743,bdt,2021-01-18,Wise,5.58,failed,1
TX0000505,PR001007,FL00177,560944,GBP,2022-04-06,PayPal,18.71,failed,false
TX0000506,PR000886,FL00042,3371,USD,2020-07-19,PAYONEER,11.69,failed,1
TX0000507,PR000392,,3800,PKR,2022-09-11,Bank Transfer,13.19,failed,False
TX0000508,PR001197,FL00002,-5913,BDT,2020-09-08,Wise,8.53,success,true
TX0000509,PR000894,FL00446,2180,USD,2020-01-07,Payoneer,6.45,success,1
TX0000510,PR000762,FL00233,1417,USD,2023-11-09,Wise,10.69,success,False
TX0000511,PR000204,FL00331,7184,GBP,2024-06-14,Payoneer,19.64,pending,true
TX0000512,PR001148,FL00279,5736,USD,2022-11-26,Crypto,7.31,success,0
TX0000513,PR000114,FL00281,3031,USD,2022-06-10,Stripe,10.27,success,1
TX0000514,PR000196,FL00048,464,eur,2024-01-17,Crypto,15.8,pending,true
TX0000515,,FL00103,5273,GBP,2023-06-16,PayPal,5.76,success,False
TX0000516,PR000977,FL00364,5182,INR,2020-04-28,Bank Transfer,17.96,refunded,true
TX0000517,PR000328,FL00073,768420,USD,2024-05-28,Payoneer,12.15,failed,False
TX0000518,PR001159,FL00414,7489,USD,2023-09-29,Stripe,15.77,refunded,false
TX0000519,PR000871,FL00321,2645,BDT,2023-04-20,PayPal,12.82,refunded,1
TX0000520,PR000342,FL00448,7529,PKR,2020-12-02,Wise,17.33,success,False
TX0000521,PR000408,FL00088,563392,EUR,2022-08-16,PayPal,20.5,success,True
TX0000522,PR000202,FL00220,3246,USD,2024-08-20,Wise,19.34,success,False
TX0000523,PR000512,,1514,BDT,2021-05-02,Stripe,7.68,failed,True
TX0000524,PR001057,FL00379,,USD,2022-06-07,Bank Transfer,15.18,success,False
TX0000525,PR000210,FL00256,3546,USD,2021-12-18,,10.26,success,True
TX0000526,PR000907,FL00033,,EUR,2024-10-15,Crypto,11.68,failed,1
TX0000527,PR000286,FL00212,3071,USD,2024-12-24,Stripe,16.52,success,1
TX0000528,PR000945,,1257,EUR,,Crypto,7.14,failed,1
TX0000529,PR001096,,2751,EUR,2021-03-08,Crypto,11.29,success,false
TX0000530,PR000696,FL00031,3523,INR,,Wise,10.48,refunded,0
TX0000531,PR000402,FL00247,4393,USD,2021-06-22,PayPal,6.73,refunded,False
TX0000532,PR000666,FL00374,7511,INR,2024-12-02,Stripe,14.0,success,true
TX0000533,PR000175,FL00430,745,GBP,2023-03-12,Bank Transfer,18.01,success,true
TX0000534,PR000356,FL00282,3651,EUR,2021-07-19,Crypto,14.64,success,False
TX0000535,PR000369,FL00413,228,GBP,2022-03-23,Payoneer,16.48,success,True
TX0000536,PR001056,FL00248,2471,BDT,2022-07-21,Payoneer,6.07,success,1
TX0000537,PR000231,FL00039,1576,USD,2023-02-14,Stripe,12.72,success,True
TX0000538,PR000928,FL00264,1536,BDT,2021-05-11,Wise,6.02,refunded,true
TX0000539,PR000682,FL00104,4399,USD,2020-07-09,,16.95,success,0
TX0000540,PR000147,FL00263,178,USD,2023-07-14,PAYPAL,18.63,pending,true
TX0000541,PR000673,FL00317,3305,PKR,2021-11-19,Bank Transfer,15.89,success,0
TX0000542,PR000889,FL00121,4011,eur,2021-01-05,Crypto,14.82,success,1
TX0000543,PR000978,FL00213,6116,USD,2020-12-21,Bank Transfer,11.93,success,0
TX0000544,PR000228,FL00451,7997,GBP,2023-01-19,Bank Transfer,12.28,failed,False
TX0000545,PR000655,FL00400,3687,PKR,2021-04-21,Crypto,10.71,pending,false
TX0000546,PR000899,FL00084,2858,BDT,2022-05-01,Stripe,14.32,success,False
TX0000547,PR000910,FL00088,-1311,USD,2023-06-01,,6.48,failed,True
TX0000548,PR001067,FL00269,4390,USD,2020-10-29,Payoneer,13.61,failed,True
TX0000549,PR001006,FL00118,1732,USD,2023-10-01,PayPal,12.85,refunded,1
TX0000550,PR000084,FL00186,177,inr,2022-10-11,Stripe,7.45,success,True
TX0000551,PR000937,FL00145,4002,USD,2022-08-28,Payoneer,8.58,refunded,1
TX0000552,PR000276,FL00424,7444,BDT,2020-01-17,Bank Transfer,17.11,failed,0
TX0000553,PR000992,FL00380,5950,BDT,2023-12-10,Payoneer,10.59,pending,true
TX0000554,PR000918,,3377,BDT,2024-06-25,PayPal,6.11,refunded,true
TX0000555,PR000999,FL00116,2465,EUR,2020-06-17,Crypto,17.38,success,False
TX0000556,PR000126,FL00454,3321,GBP,2021-12-05,PayPal,10.67,success,1
TX0000557,PR000185,FL00203,6708,EUR,2022-02-18,Wise,11.69,refunded,True
TX0000558,PR000415,FL00172,1195,GBP,2022-03-31,Stripe,11.55,success,1
TX0000559,PR000875,FL00421,,BDT,2024-05-04,Payoneer,5.56,success,0
TX0000560,PR000332,FL00444,564,GBP,2023-06-27,PayPal,8.09,success,False
TX0000561,PR000844,FL00056,6235,EUR,2021-09-02,Stripe,18.68,success,False
TX0000562,PR000235,FL00061,3108,EUR,2023-03-27,Wise,13.01,success,false
TX0000563,PR000060,FL00319,2596,GBP,2022-01-17,Wise,9.54,pending,true
TX0000564,PR000119,FL00250,4103,USD,2021-08-21,Crypto,5.74,success,True
TX0000565,PR000358,FL00186,2000,PKR,2024-06-06,Crypto,14.73,success,True
TX0000566,PR001003,FL00147,6911,BDT,2022-04-07,Payoneer,15.28,failed,True
TX0000567,PR001130,FL00012,697480,BDT,2022-03-21,Stripe,15.02,success,False
TX0000568,PR000900,FL00110,6411,INR,2020-01-10,Stripe,8.25,failed,false
TX0000569,PR000962,FL00041,4362,PKR,2021-09-21,Crypto,11.51,pending,true
TX0000570,PR000770,FL00189,4066,USD,,Stripe,7.43,success,True
TX0000571,PR000998,FL00137,520,USD,2020-08-24,Wise,6.8,refunded,1
TX0000572,PR000899,FL00361,2569,BDT,2023-07-07,PayPal,13.93,success,true
TX0000573,PR000372,FL00356,7168,PKR,2021-02-03,Stripe,19.95,pending,True
TX0000574,PR000547,FL00248,5319,GBP,2020-05-12,Stripe,18.78,failed,false
TX0000575,PR000952,FL00306,3444,PKR,2023-11-15,PayPal,19.67,pending,true
TX0000576,PR000265,FL00210,2900,USD,2022-03-14,Payoneer,18.52,success,true
TX0000577,PR000323,FL00240,4018,USD,2024-12-07,CRYPTO,13.55,success,1
TX0000578,PR001058,FL00355,3076,PKR,2020-08-24,PayPal,11.99,success,1
TX0000579,PR001086,FL00064,,GBP,2021-04-10,PayPal,8.13,refunded,false
TX0000580,PR000204,,4088,bdt,2023-11-16,,15.04,pending,True
TX0000581,PR000204,FL00128,438,USD,2023-08-07,Crypto,7.9,success,1
TX0000582,PR000848,FL00489,2647,INR,2020-08-19,PayPal,19.51,success,false
TX0000583,PR000814,FL00127,4074,EUR,2024-12-28,Bank Transfer,19.63,pending,false
TX0000584,PR000498,FL00082,4323,PKR,2024-10-24,Bank Transfer,19.97,refunded,1
TX0000585,PR000870,FL00437,3015,USD,2024-10-21,PayPal,6.15,success,false
TX0000586,PR000978,FL00434,-6473,BDT,2024-11-25,Wise,7.65,refunded,False
TX0000587,PR000421,FL00411,3706,EUR,2020-09-08,Crypto,11.99,failed,True
TX0000588,PR000803,FL00293,7391,BDT,2023-03-23,Crypto,12.65,success,True
TX0000589,PR000719,FL00137,3145,BDT,,PayPal,18.84,failed,True
TX0000590,PR000830,FL00130,3132,,2022-08-12,Crypto,20.37,pending,True
TX0000591,PR000945,FL00232,3657,EUR,2020-08-13,Stripe,11.59,refunded,1
TX0000592,PR000836,FL00064,983,INR,2021-10-22,Bank Transfer,,pending,True
TX0000593,PR001015,FL00432,3333,BDT,2023-10-15,,11.35,pending,False
TX0000594,PR000671,FL00069,,PKR,2021-01-31,PayPal,17.8,success,false
TX0000595,,FL00410,463,EUR,2022-11-29,PayPal,14.66,pending,0
TX0000596,PR000321,FL00123,1458,GBP,2022-08-03,PayPal,14.56,success,0
TX0000597,PR001071,,778,PKR,2023-07-21,Crypto,8.97,refunded,0
TX0000598,PR000480,FL00290,5161,INR,,,10.5,pending,0
TX0000599,PR000251,,,BDT,2021-02-17,PayPal,,success,True
TX0000600,,FL00119,2349,PKR,2022-10-14,Stripe,15.56,success,0
TX0000601,PR000858,FL00447,3864,EUR,2020-06-07,Wise,11.94,failed,true
TX0000602,PR000551,FL00115,2126,USD,2022-06-10,Stripe,15.97,success,false
TX0000603,PR000419,FL00458,5188,EUR,2021-11-12,STRIPE,18.91,success,0
TX0000604,PR000835,FL00164,2957,USD,2023-07-28,Wise,12.18,success,0
TX0000605,PR001117,FL00413,-658,USD,2023-09-08,Bank Transfer,6.88,success,False
TX0000606,PR000184,FL00381,1328,INR,2022-11-15,PayPal,5.93,pending,0
TX0000607,PR000402,FL00210,,USD,2024-01-24,PayPal,7.65,pending,false
TX0000608,PR000963,FL00171,2490,GBP,2023-07-19,Wise,10.7,pending,0
TX0000609,PR000094,FL00297,7452,,2021-04-06,Payoneer,7.04,refunded,False
TX0000610,PR000998,FL00282,4969,PKR,2020-03-24,PayPal,16.35,pending,0
TX0000611,PR000538,FL00117,6798,USD,2024-02-16,Crypto,15.97,success,false
TX0000612,PR000724,FL00080,,USD,2024-11-30,Bank Transfer,6.53,success,True
TX0000613,PR000761,FL00225,7221,USD,2020-01-20,Stripe,10.2,failed,true
TX0000614,PR000174,FL00133,5221,USD,2023-05-24,BANK TRANSFER,11.23,success,False
TX0000615,PR000613,FL00231,5025,GBP,2020-08-06,Crypto,12.82,success,0
TX0000616,PR000713,,5744,BDT,2023-01-13,Wise,17.11,success,false
TX0000617,PR000508,FL00431,-7763,USD,2021-04-27,Stripe,18.65,success,True
TX0000618,PR000839,FL00112,6607,INR,2022-09-18,Crypto,16.34,pending,1
TX0000619,PR000655,FL00256,6344,EUR,2021-09-13,Bank Transfer,19.88,success,1
TX0000620,PR000601,FL00426,3872,BDT,2021-07-08,Wise,18.08,pending,False
TX0000621,PR000954,FL00325,6120,USD,2022-06-24,Wise,8.26,success,true
TX0000622,PR000064,FL00050,5345,USD,2023-11-08,Bank Transfer,19.32,success,true
TX0000623,PR000916,FL00273,7257,GBP,2024-01-29,,20.89,success,1
TX0000624,PR000636,FL00452,412,GBP,2024-02-08,Wise,5.28,pending,false
TX0000625,PR000973,FL00117,426044,PKR,2020-12-25,Payoneer,19.27,failed,True
TX0000626,PR000419,FL00327,2173,INR,2024-02-28,Bank Transfer,20.2,refunded,0
TX0000627,PR000780,FL00161,4761,INR,,Wise,15.45,success,1
TX0000628,PR000904,FL00487,7559,,,Payoneer,,success,0
TX0000629,PR000347,FL00297,6739,,2020-12-15,Bank Transfer,13.8,success,True
TX0000630,PR000870,FL00396,3165,GBP,2021-11-23,Crypto,16.26,success,0
TX0000631,PR001194,FL00242,6112,PKR,2020-11-11,Crypto,11.87,success,false
TX0000632,PR000877,FL00374,6472,USD,2024-01-05,Bank Transfer,5.33,failed,False
TX0000633,PR000256,FL00236,2752,PKR,2023-05-13,Stripe,17.84,refunded,False
TX0000634,PR000898,FL00295,4585,USD,2024-05-31,PayPal,17.59,success,False
TX0000635,PR000270,FL00086,1430,INR,2021-07-14,Stripe,5.34,pending,0
TX0000636,PR000677,FL00395,1538,EUR,2024-04-06,Bank Transfer,12.51,success,False
TX0000637,PR000346,FL00212,367,PKR,2021-02-16,Wise,6.88,refunded,false
TX0000638,PR000127,FL00290,7248,BDT,2023-01-18,Crypto,16.45,pending,false
TX0000639,PR000834,FL00062,5337,PKR,2023-02-22,,19.86,failed,1
TX0000640,PR001114,,7932,INR,2022-11-13,Crypto,8.72,failed,False
TX0000641,PR000164,FL00346,3593,PKR,2020-01-11,PayPal,20.06,success,false
TX0000642,PR000737,FL00286,2377,INR,2024-08-26,Payoneer,16.46,pending,0
TX0000643,PR000143,FL00317,3805,GBP,2021-12-11,Wise,13.71,pending,true
TX0000644,PR000819,FL00400,6589,GBP,2024-07-09,Bank Transfer,15.09,failed,True
TX0000645,PR001001,FL00429,4715,EUR,2024-10-16,PayPal,,pending,False
TX0000646,PR000300,FL00240,3665,INR,2024-05-25,PayPal,17.68,success,0
TX0000647,PR000807,,3165,GBP,2020-10-02,PayPal,16.45,success,True
TX0000648,,,246,PKR,2021-05-03,Payoneer,,pending,1
TX0000649,PR001018,FL00180,3743,USD,2022-06-06,PayPal,19.51,refunded,true
TX0000650,PR001087,FL00049,-7911,USD,2022-03-06,Bank Transfer,11.57,refunded,0
TX0000651,PR000098,FL00325,2148,EUR,2021-07-12,PayPal,11.85,failed,False
TX0000652,PR000588,FL00101,-1519,USD,2022-01-15,Crypto,10.54,failed,1
TX0000653,PR000381,,5125,PKR,2024-05-14,Bank Transfer,10.06,success,True
TX0000654,PR000048,FL00261,4023,USD,2021-11-24,Stripe,14.31,success,false
TX0000655,PR000562,FL00358,5063,BDT,2022-06-11,Crypto,14.56,success,True
TX0000656,PR000020,FL00051,5766,PKR,,Stripe,12.43,success,true
TX0000657,PR000345,FL00120,1458,GBP,2021-02-12,Payoneer,,pending,false
TX0000658,PR000288,FL00446,6146,USD,2023-05-23,Stripe,14.47,refunded,False
TX0000659,PR000289,FL00169,1542,GBP,2021-08-05,Crypto,6.57,success,False
TX0000660,PR000701,FL00331,3058,GBP,2023-02-06,Bank Transfer,10.43,success,true
TX0000661,PR000030,FL00485,1144,EUR,2020-01-20,,14.56,success,1
TX0000662,PR000506,FL00053,6516,GBP,2021-05-12,Payoneer,11.54,refunded,true
TX0000663,PR000381,,2915,INR,2022-09-03,Payoneer,14.19,success,1
TX0000664,PR000556,FL00270,7785,BDT,2020-12-02,PayPal,17.56,pending,false
TX0000665,PR000107,FL00244,2769,PKR,2022-08-01,Bank Transfer,5.69,success,false
TX0000666,PR000752,FL00342,1160,EUR,2023-04-25,Bank Transfer,10.95,success,True
TX0000667,PR000224,FL00206,3670,BDT,2022-06-01,Stripe,13.0,refunded,false
TX0000668,PR000680,FL00277,1737,usd,2020-09-13,WISE,10.44,pending,0
TX0000669,PR000692,FL00374,7286,EUR,2020-04-19,Bank Transfer,6.58,pending,false
TX0000670,PR000558,FL00410,2152,INR,2022-03-06,Crypto,13.87,success,True
TX0000671,PR000145,FL00397,3753,,2024-07-20,Bank Transfer,,failed,False
TX0000672,PR000153,FL00116,3729,USD,2024-04-25,Crypto,15.39,refunded,false
TX0000673,PR000236,,5270,USD,2022-01-17,Wise,11.87,success,false
TX0000674,PR000308,FL00453,4251,USD,2022-04-25,CRYPTO,10.62,success,0
TX0000675,PR000864,FL00005,4996,USD,2022-04-07,Payoneer,15.34,success,1
TX0000676,PR000106,FL00316,1306,INR,2022-03-24,Bank Transfer,13.8,success,true
TX0000677,PR000471,FL00004,1244,GBP,2021-12-15,Crypto,8.41,pending,true
TX0000678,PR000726,FL00169,6954,INR,2022-10-30,,9.09,pending,true
TX0000679,PR001095,FL00393,354,INR,2023-05-07,Crypto,10.19,pending,false
TX0000680,,FL00405,4195,USD,2021-11-12,Wise,8.33,pending,True
TX0000681,PR001198,FL00060,2999,GBP,2023-03-10,PayPal,6.6,refunded,False
TX0000682,PR000405,,1353,GBP,2024-07-18,PayPal,17.03,success,0
TX0000683,PR000362,FL00275,1531,INR,2022-04-04,Wise,17.22,failed,0
TX0000684,PR000689,FL00266,148,GBP,2023-02-01,Wise,8.08,refunded,False
TX0000685,PR000413,FL00053,2060,EUR,2020-04-08,Wise,16.71,success,0
TX0000686,PR000701,FL00090,-1998,INR,2022-05-12,Crypto,11.4,success,0
TX0000687,PR000712,FL00410,2003,USD,2020-01-28,Stripe,,pending,1
TX0000688,PR000958,FL00350,1951,GBP,2020-09-08,PayPal,10.85,failed,true
TX0000689,PR000400,FL00108,954,BDT,2023-01-01,Crypto,12.58,pending,0
TX0000690,PR000077,FL00317,411969,EUR,2024-01-30,Stripe,13.41,success,true
TX0000691,PR000512,FL00491,7165,EUR,2020-04-03,PayPal,17.51,refunded,False
TX0000692,PR000704,FL00373,7923,PKR,2021-05-04,PayPal,,pending,false
TX0000693,PR000616,FL00185,2881,BDT,2023-02-06,Payoneer,16.85,success,0
TX0000694,PR001148,FL00318,5321,EUR,2020-11-28,Bank Transfer,17.6,success,False
TX0000695,PR000367,FL00413,2534,INR,2023-09-19,Crypto,5.15,refunded,True
TX0000696,PR001041,FL00248,4013,USD,2024-12-04,Crypto,7.88,pending,1
TX0000697,PR000032,FL00046,5355,INR,2020-07-24,PayPal,5.31,pending,true
TX0000698,PR001062,FL00289,5049,BDT,2022-01-20,Crypto,8.9,failed,false
TX0000699,PR000861,FL00160,358,USD,2020-03-04,Stripe,9.71,success,1
TX0000700,PR000996,FL00053,2813,INR,2022-01-31,PayPal,14.13,refunded,0
TX0000701,PR000355,FL00037,7689,BDT,2022-10-01,PayPal,20.54,success,true
TX0000702,PR000523,FL00189,764,BDT,2024-05-03,PayPal,15.55,refunded,True
TX0000703,PR000234,FL00119,2048,BDT,2024-12-06,Bank Transfer,8.29,success,True
TX0000704,PR000239,FL00013,5581,USD,2022-07-15,Bank Transfer,17.17,refunded,False
TX0000705,PR000650,FL00015,5190,GBP,2020-10-07,Bank Transfer,7.25,success,True
TX0000706,PR000552,FL00335,1588,PKR,2024-02-09,Wise,,success,true
TX0000707,,FL00333,6690,PKR,2024-11-08,PayPal,14.98,pending,false
TX0000708,PR000141,FL00083,3472,EUR,2022-01-25,Payoneer,19.05,success,true
TX0000709,PR000977,FL00435,3718,USD,2020-11-17,Bank Transfer,11.95,failed,1
TX0000710,PR000319,FL00381,124,GBP,2024-01-20,Payoneer,,success,1
TX0000711,PR000375,FL00204,3700,EUR,2023-03-03,Payoneer,13.62,success,0
TX0000712,PR000779,FL00238,335,EUR,2021-02-04,Wise,20.42,success,1
TX0000713,PR000657,FL00224,2925,GBP,2023-08-25,Stripe,12.88,success,1
TX0000714,PR000838,FL00195,6782,INR,2023-11-16,Crypto,10.63,success,1
TX0000715,PR001117,FL00387,110,usd,2020-06-06,PayPal,6.53,failed,0
TX0000716,PR000144,FL00351,7635,BDT,2023-04-18,Crypto,10.74,success,True
TX0000717,PR001174,FL00108,3482,PKR,2023-07-10,PayPal,10.7,success,True
TX0000718,PR000729,FL00356,739389,EUR,2020-12-12,Bank Transfer,11.21,success,False
TX0000719,PR000838,FL00446,-2122,USD,2024-03-30,Wise,11.77,success,false
TX0000720,PR000975,FL00457,3542,USD,2023-10-28,,14.5,refunded,True
TX0000721,PR000037,FL00019,2839,PKR,,Payoneer,11.74,failed,false
TX0000722,PR000681,FL00099,7437,PKR,2021-03-16,PayPal,10.68,success,True
TX0000723,PR000459,FL00128,6236,USD,2024-07-29,Payoneer,14.38,success,0
TX0000724,PR000825,FL00447,6245,USD,2022-02-15,Payoneer,7.31,pending,true
TX0000725,PR000554,FL00302,5700,GBP,2022-07-15,PayPal,14.65,refunded,True
TX0000726,PR001038,FL00258,493,INR,2021-10-15,PayPal,18.96,refunded,1
TX0000727,PR000098,FL00273,7421,INR,2020-07-04,,15.62,success,False
TX0000728,PR000787,FL00230,3461,BDT,2023-02-04,Wise,9.26,pending,true
TX0000729,PR000873,FL00021,-7090,USD,2024-09-22,PayPal,5.35,failed,False
TX0000730,PR000797,FL00128,6040,USD,2022-01-12,Wise,6.11,failed,True
TX0000731,PR000970,FL00273,5565,USD,2022-09-04,Payoneer,16.02,success,False
TX0000732,PR000914,FL00337,2951,BDT,2020-08-07,Stripe,5.02,success,True
TX0000733,,FL00489,4659,EUR,2020-03-21,,17.72,failed,0
TX0000734,PR000951,FL00296,482,INR,2022-08-27,Bank Transfer,9.57,success,True
TX0000735,PR000990,FL00128,5118,BDT,2020-03-05,Payoneer,5.64,pending,false
TX0000736,PR000526,FL00303,3664,USD,2022-10-04,PayPal,14.84,failed,false
TX0000737,PR000227,FL00325,3695,USD,2022-04-14,Stripe,7.21,success,False
TX0000738,PR001012,FL00076,7022,BDT,2021-11-19,Stripe,,success,True
TX0000739,PR001001,FL00308,6357,GBP,2021-12-16,PayPal,6.69,failed,False
TX0000740,PR000237,FL00137,-3832,USD,2021-09-21,Stripe,7.78,success,True
TX0000741,PR001013,FL00436,5843,USD,2020-04-22,Payoneer,11.8,success,false
TX0000742,PR000400,FL00430,2551,USD,2020-11-02,Wise,12.23,failed,1
TX0000743,PR000369,FL00491,7006,USD,2022-08-28,Wise,7.71,refunded,true
TX0000744,PR000123,FL00230,5722,PKR,2024-10-16,Wise,16.91,pending,false
TX0000745,PR000701,FL00465,2078,PKR,2023-02-23,Crypto,19.69,pending,0
TX0000746,PR000909,FL00397,3603,PKR,,Wise,6.99,success,true
TX0000747,PR001126,FL00142,465287,INR,2021-10-24,Bank Transfer,17.52,success,False
TX0000748,PR000185,FL00052,2647,INR,2021-03-24,Stripe,17.83,success,0
TX0000749,,FL00339,,EUR,,Crypto,8.17,success,True
TX0000750,PR000184,FL00028,1186,BDT,2023-09-29,Wise,10.98,pending,false
TX0000751,PR000583,FL00019,2035,PKR,2021-04-01,,6.63,success,true
TX0000752,PR000010,FL00227,1430,BDT,2023-03-06,PayPal,15.67,success,1
TX0000753,PR000510,FL00056,1776,USD,2023-10-25,Wise,14.61,success,0
TX0000754,PR000107,FL00486,860082,USD,2020-09-24,Crypto,20.49,refunded,0
TX0000755,PR000749,FL00084,4553,USD,2022-12-25,Stripe,7.59,pending,0
TX0000756,PR000087,FL00358,7167,,2023-05-05,Crypto,19.45,success,1
TX0000757,PR000556,FL00115,5520,BDT,2023-07-09,Wise,,failed,1
TX0000758,PR000635,FL00329,5528,USD,2020-09-30,Bank Transfer,10.94,success,true
TX0000759,PR000280,FL00356,5292,USD,2021-08-16,Stripe,,failed,False
TX0000760,PR000319,FL00141,7572,PKR,2021-03-29,Stripe,15.01,pending,0
TX0000761,PR000999,FL00192,2641,INR,2022-09-27,Stripe,6.75,failed,true
TX0000762,PR000894,FL00315,917502,gbp,2021-07-19,Wise,,success,True
TX0000763,PR000904,FL00250,3899,PKR,2020-06-19,Wise,6.89,pending,false
TX0000764,PR000493,FL00393,,USD,2022-02-04,Stripe,8.67,failed,1
TX0000765,PR001142,FL00284,3703,EUR,2021-05-24,Wise,7.82,success,true
TX0000766,PR001125,FL00405,974843,BDT,2024-06-11,PayPal,7.77,success,0
TX0000767,PR000989,FL00369,7522,EUR,2024-07-28,PayPal,8.01,failed,true
TX0000768,PR000486,FL00415,6054,EUR,2020-08-03,Bank Transfer,8.97,pending,true
TX0000769,PR000196,FL00022,1496,BDT,2021-10-03,Stripe,8.22,success,0
TX0000770,PR000840,FL00473,3978,USD,2023-05-29,Bank Transfer,17.89,success,True
TX0000771,PR000552,FL00464,1192,BDT,2021-02-05,Bank Transfer,20.74,pending,0
TX0000772,PR001132,FL00265,6928,USD,2023-06-27,Crypto,19.49,failed,true
TX0000773,PR000542,FL00450,6605,PKR,,PayPal,14.78,pending,false
TX0000774,PR000399,FL00489,6851,GBP,2021-10-10,Payoneer,17.87,refunded,True
TX0000775,PR000427,FL00457,926,EUR,2022-12-20,Crypto,20.53,pending,True
TX0000776,PR000198,FL00300,7518,EUR,2020-07-13,Bank Transfer,5.27,refunded,true
TX0000777,PR000001,FL00433,1112,USD,2024-10-07,Wise,16.41,pending,False
TX0000778,PR000720,FL00123,4818,PKR,2021-03-19,Stripe,17.1,failed,true
TX0000779,,FL00480,5723,gbp,2024-02-02,PayPal,12.41,success,false
TX0000780,PR000791,FL00425,107,USD,2020-06-14,PayPal,13.45,success,True
TX0000781,PR000162,FL00374,-469,USD,2024-03-15,Crypto,16.91,refunded,False
TX0000782,PR000333,,3593,INR,2020-03-28,Crypto,14.6,success,true
TX0000783,PR000906,FL00414,,USD,2021-06-12,Wise,14.22,failed,0
TX0000784,,FL00370,3233,GBP,2021-06-26,Stripe,,success,True
TX0000785,PR000550,FL00261,2607,BDT,2022-05-20,Crypto,18.04,pending,True
TX0000786,PR001149,FL00431,1715,EUR,2023-06-15,BANK TRANSFER,17.5,refunded,true
TX0000787,PR000438,FL00042,6602,PKR,2022-09-09,Crypto,11.82,success,true
TX0000788,PR000186,FL00244,637,INR,2022-09-12,Wise,6.13,success,1
TX0000789,PR000583,FL00370,262116,BDT,2023-07-08,Bank Transfer,13.7,refunded,True
TX0000790,PR001064,FL00069,-6684,INR,,Crypto,14.92,success,false
TX0000791,PR000112,FL00101,4473,USD,2021-12-17,Wise,10.52,success,1
TX0000792,PR001196,FL00108,4994,PKR,2021-04-08,Bank Transfer,16.02,success,1
TX0000793,PR000019,FL00456,2255,PKR,,PayPal,11.91,refunded,True
TX0000794,PR001005,,1548,PKR,2020-05-27,Bank Transfer,12.85,refunded,False
TX0000795,PR000217,FL00469,7012,USD,2021-10-18,Stripe,10.46,success,1
TX0000796,PR000736,FL00415,1535,INR,2021-05-23,Stripe,17.17,success,0
TX0000797,PR001114,FL00319,915,BDT,2021-11-02,Stripe,16.13,refunded,False
TX0000798,PR000166,FL00222,1122,EUR,,Crypto,18.8,pending,True
TX0000799,PR000577,FL00007,3455,GBP,2020-10-05,Bank Transfer,11.55,refunded,false
TX0000800,PR000340,FL00059,4234,USD,2021-11-26,Bank Transfer,12.52,success,false
TX0000801,PR000699,FL00292,4095,PKR,2020-05-10,PayPal,18.37,success,1
TX0000802,PR001034,,7489,BDT,2020-11-28,Crypto,,failed,True
TX0000803,PR000337,FL00440,5915,USD,2022-12-08,Payoneer,6.35,success,0
TX0000804,PR000032,FL00179,2254,,2024-04-22,Stripe,15.64,success,False
TX0000805,PR000635,FL00390,4361,BDT,2023-08-06,Payoneer,11.71,success,true
TX0000806,PR001001,FL00226,6167,USD,2023-08-06,PayPal,12.35,success,true
TX0000807,PR000809,FL00011,1197,USD,2020-01-26,Crypto,7.73,refunded,true
TX0000808,PR000007,FL00060,3826,INR,2020-02-10,Stripe,7.19,success,1
TX0000809,PR000849,FL00403,-107,EUR,2023-02-12,Wise,17.42,success,false
TX0000810,PR000921,FL00100,2620,BDT,2024-09-21,Crypto,13.33,success,0
TX0000811,PR000244,FL00043,908,GBP,2023-12-06,,19.05,success,1
TX0000812,PR000092,,6310,EUR,2021-08-05,CRYPTO,18.17,success,0
TX0000813,PR000474,FL00082,2152,USD,2024-08-02,Payoneer,13.78,success,True
TX0000814,PR000106,FL00349,1100,USD,2022-05-02,Stripe,8.07,success,True
TX0000815,PR000466,FL00028,2973,BDT,2020-02-11,Stripe,20.9,success,true
TX0000816,PR000074,FL00171,6433,INR,2023-10-01,WISE,11.09,success,True
TX0000817,PR000202,FL00336,4655,GBP,2023-01-06,Stripe,,success,false
TX0000818,PR000266,FL00120,,PKR,2020-06-18,Crypto,,refunded,0
TX0000819,PR000203,FL00380,3939,,2024-02-09,PayPal,14.4,pending,0
TX0000820,PR000149,FL00301,3828,EUR,2021-12-09,Crypto,10.6,success,true
TX0000821,PR000248,FL00080,4978,USD,2023-04-13,Crypto,9.43,success,False
TX0000822,PR000119,FL00157,7217,INR,2024-02-11,Wise,8.37,pending,1
TX0000823,PR001177,FL00171,631,INR,2023-11-24,PayPal,13.49,failed,true
TX0000824,PR000515,FL00062,5558,GBP,2020-09-27,Crypto,20.22,refunded,True
TX0000825,PR000193,FL00049,6730,GBP,2023-10-07,Crypto,18.26,success,false
TX0000826,PR000800,FL00061,6323,GBP,2021-01-15,Wise,8.23,failed,False
TX0000827,PR000824,FL00039,4769,GBP,2023-08-03,Crypto,8.86,success,false
TX0000828,PR000767,FL00318,927,PKR,,Crypto,,refunded,true
TX0000829,PR000161,FL00103,460,GBP,2022-08-12,Stripe,19.29,success,true
TX0000830,PR000671,FL00329,1889,EUR,2023-07-09,PayPal,18.44,refunded,False
TX0000831,PR000594,FL00336,-7153,GBP,2023-06-07,Stripe,9.51,failed,false
TX0000832,PR001164,FL00017,2015,PKR,2021-08-04,Stripe,19.65,success,false
TX0000833,PR000791,FL00024,6522,usd,2024-03-21,Wise,,pending,False
TX0000834,PR000748,FL00358,1822,EUR,2022-03-30,Bank Transfer,17.33,success,false
TX0000835,PR000947,FL00358,6996,GBP,2023-12-22,Wise,14.34,refunded,False
TX0000836,PR000655,FL00385,7344,EUR,2024-11-02,Stripe,11.36,pending,false
TX0000837,PR000916,FL00075,4270,BDT,2020-11-04,Bank Transfer,13.63,success,false
TX0000838,PR000370,FL00258,1821,USD,2021-03-15,Bank Transfer,6.39,pending,True
TX0000839,PR000785,FL00473,4937,USD,2022-11-14,Crypto,14.74,failed,True
TX0000840,PR000316,FL00117,1386,EUR,2024-04-07,Crypto,10.35,success,False
TX0000841,PR000458,FL00254,,EUR,2023-03-13,Stripe,19.69,pending,true
TX0000842,PR000059,FL00125,5603,INR,2021-07-02,Stripe,5.6,refunded,False
TX0000843,PR000204,FL00218,5614,,2022-07-04,Crypto,6.31,failed,1
TX0000844,PR000670,FL00422,1242,GBP,,Wise,18.87,failed,1
TX0000845,PR000900,FL00126,6961,USD,2020-12-08,Payoneer,11.21,success,0
TX0000846,PR000505,FL00062,6091,EUR,2024-03-26,PayPal,12.07,success,1
TX0000847,PR000933,FL00150,5088,USD,2022-05-09,Bank Transfer,14.88,success,False
TX0000848,PR000517,FL00039,2295,INR,,Crypto,11.01,success,False
TX0000849,PR000566,FL00500,295,PKR,2022-07-18,Bank Transfer,7.36,failed,True
TX0000850,PR000852,FL00423,7314,,2020-07-09,Stripe,16.34,success,false
TX0000851,PR000352,FL00470,860,BDT,2023-07-14,Bank Transfer,19.34,refunded,0
TX0000852,PR000031,FL00464,6309,PKR,2023-05-18,Stripe,20.78,failed,false
TX0000853,PR000444,FL00332,5218,GBP,2020-09-12,Payoneer,5.47,success,true
TX0000854,PR000291,,1789,EUR,2024-03-28,Payoneer,12.37,pending,1
TX0000855,PR000344,FL00450,4008,USD,2023-08-14,,17.18,success,true
TX0000856,PR001177,FL00393,4474,INR,2023-04-16,Wise,,success,true
TX0000857,PR001059,FL00492,1875,PKR,2021-02-03,Bank Transfer,19.86,pending,true
TX0000858,PR000017,FL00403,2050,GBP,2021-11-13,Payoneer,12.79,pending,0
TX0000859,PR000446,FL00373,388,GBP,2021-08-07,Crypto,11.75,refunded,1
TX0000860,PR000803,FL00233,4911,PKR,2020-02-25,PAYPAL,17.2,refunded,true
TX0000861,PR000212,FL00399,3885,,2023-10-04,Payoneer,15.26,success,False
TX0000862,PR001035,FL00089,761,USD,2020-06-28,Stripe,13.72,pending,0
TX0000863,PR000254,FL00152,,INR,2021-08-28,Crypto,16.02,pending,False
TX0000864,PR000681,FL00131,3762,EUR,2022-07-03,Stripe,13.52,refunded,true
TX0000865,,FL00381,379,GBP,2020-02-21,Payoneer,8.5,success,False
TX0000866,PR001073,,2433,USD,2024-11-22,Crypto,14.09,refunded,true
TX0000867,PR001158,FL00394,5172,GBP,2023-08-31,Crypto,,refunded,0
TX0000868,PR000049,FL00251,419,INR,2023-09-03,Stripe,,success,0
TX0000869,PR000057,,325,USD,2020-12-28,Wise,7.89,success,0
TX0000870,PR001135,FL00097,6885,INR,2024-09-29,Payoneer,10.08,failed,0
TX0000871,PR000107,FL00275,7304,EUR,2023-01-19,Payoneer,19.75,success,False
TX0000872,,FL00105,4914,INR,2022-08-27,BANK TRANSFER,16.37,refunded,0
TX0000873,PR000042,FL00021,6454,PKR,2020-05-12,Bank Transfer,16.74,success,true
TX0000874,PR001194,FL00202,7949,USD,2023-12-06,Crypto,17.72,success,false
TX0000875,PR000344,FL00110,3494,BDT,2024-05-13,Stripe,13.18,success,True
TX0000876,PR000630,FL00345,2170,BDT,2023-10-04,Payoneer,15.2,failed,False
TX0000877,PR000716,FL00400,7016,BDT,2024-01-08,PayPal,19.0,pending,true
TX0000878,PR000786,FL00033,7405,GBP,2021-10-02,PayPal,5.23,refunded,1
TX0000879,PR000978,FL00069,688863,USD,2021-12-12,PayPal,7.05,failed,true
TX0000880,PR000800,,3642,USD,2022-08-17,Payoneer,16.79,success,1
TX0000881,PR000474,FL00285,3132,BDT,2023-03-24,Crypto,5.69,success,False
TX0000882,PR000669,FL00200,2205,GBP,2024-02-01,Crypto,19.21,success,true
TX0000883,PR000193,FL00053,7010,BDT,2020-10-02,Crypto,20.06,success,True
TX0000884,PR000377,FL00415,4192,USD,2020-10-16,PayPal,11.45,success,False
TX0000885,PR000307,FL00479,7099,INR,2024-12-26,Bank Transfer,5.42,success,0
TX0000886,PR001088,FL00391,3165,INR,2023-11-20,,8.18,success,False
TX0000887,PR000737,FL00026,2055,USD,2022-05-19,Wise,13.85,failed,0
TX0000888,PR000748,FL00103,6972,PKR,2022-03-16,Payoneer,9.22,success,True
TX0000889,PR000762,FL00006,6957,USD,,Crypto,14.84,failed,false
TX0000890,PR001034,FL00060,7955,PKR,2024-05-19,Bank Transfer,10.12,success,1
TX0000891,PR000994,FL00451,155090,EUR,2024-03-21,Bank Transfer,7.83,success,false
TX0000892,,FL00474,7387,USD,2021-04-05,,15.95,refunded,False
TX0000893,PR000937,FL00455,4090,USD,2020-11-14,Crypto,13.69,success,1
TX0000894,PR000024,FL00327,,USD,2022-09-04,Crypto,11.38,refunded,False
TX0000895,PR001138,,3302,USD,2020-01-17,Payoneer,17.69,success,False
TX0000896,PR001112,FL00083,4288,PKR,2024-04-03,Bank Transfer,15.25,success,0
TX0000897,PR001016,FL00381,3893,BDT,,Wise,11.37,failed,false
TX0000898,PR000260,FL00309,3854,BDT,2020-03-14,Payoneer,14.11,success,False
TX0000899,PR000230,FL00182,,BDT,,PayPal,5.25,pending,False
TX0000900,PR001046,FL00362,2420,USD,2020-02-08,Crypto,5.01,failed,true
TX0000901,PR000343,FL00141,7993,USD,2023-05-07,Payoneer,18.1,success,false
TX0000902,PR000842,FL00023,4320,gbp,2021-06-05,Bank Transfer,10.2,success,true
TX0000903,PR000951,FL00305,5026,INR,2023-08-30,Bank Transfer,14.47,failed,true
TX0000904,,FL00046,1656,INR,2020-10-21,Wise,8.94,success,False
TX0000905,PR000757,FL00322,6281,USD,2020-04-10,PayPal,13.51,refunded,false
TX0000906,PR000274,FL00111,4711,PKR,2023-12-03,PayPal,7.14,success,true
TX0000907,PR000394,FL00050,2155,USD,2020-09-24,Wise,19.1,pending,True
TX0000908,PR000653,FL00146,7336,GBP,2024-06-04,Crypto,10.02,success,false
TX0000909,PR001051,FL00112,7200,bdt,2021-01-24,Bank Transfer,7.83,success,True
TX0000910,PR000825,FL00159,2957,PKR,2020-07-12,Stripe,13.45,refunded,False
TX0000911,PR000880,FL00052,5593,USD,2022-04-01,PayPal,6.82,success,0
TX0000912,PR000593,FL00206,107,USD,2024-06-09,PayPal,12.68,success,false
TX0000913,PR000829,FL00269,6287,,2021-08-19,Crypto,5.69,success,0
TX0000914,PR000550,FL00114,6409,INR,2021-07-11,Stripe,10.64,success,True
TX0000915,PR000769,FL00229,5558,INR,2020-12-12,Bank Transfer,10.45,success,False
TX0000916,PR000248,FL00487,5984,BDT,2024-11-11,Crypto,9.03,failed,0
TX0000917,PR001081,FL00492,7919,INR,2021-10-02,Bank Transfer,5.51,pending,False
TX0000918,PR000365,FL00459,2969,BDT,2020-12-30,Payoneer,6.34,success,1
TX0000919,PR000925,FL00290,7115,USD,2021-06-03,Payoneer,16.39,failed,0
TX0000920,PR000023,FL00060,1196,USD,2022-05-15,Crypto,15.81,pending,True
TX0000921,PR000839,FL00331,6323,USD,2024-11-11,Stripe,10.43,pending,0
TX0000922,PR000367,FL00029,190,INR,2023-01-31,Stripe,18.88,success,1
TX0000923,PR000094,FL00456,579,USD,2024-06-02,Bank Transfer,9.5,success,False
TX0000924,PR000680,FL00319,6348,USD,,Bank Transfer,,success,1
TX0000925,PR000063,FL00192,5582,eur,2020-12-31,Bank Transfer,18.39,success,0
TX0000926,PR000565,FL00415,2254,USD,2021-10-30,Crypto,18.14,success,true
TX0000927,PR000025,FL00243,2234,USD,2020-04-06,PayPal,6.4,failed,False
TX0000928,PR000145,FL00173,6502,USD,2021-09-18,Bank Transfer,12.04,refunded,False
TX0000929,PR000978,,919,PKR,2022-10-15,Wise,12.09,failed,0
TX0000930,PR000377,FL00352,,USD,2021-07-02,PAYPAL,18.35,success,false
TX0000931,PR001166,FL00433,4008,INR,2020-05-26,STRIPE,10.28,failed,1
TX0000932,PR000239,FL00407,1098,GBP,2022-04-03,Stripe,12.31,refunded,true
TX0000933,PR000009,FL00053,4352,BDT,2024-11-11,Stripe,18.06,success,false
TX0000934,PR000958,FL00395,6133,USD,2020-02-11,Payoneer,5.11,failed,false
TX0000935,PR000681,FL00475,4399,INR,2023-04-20,Wise,10.11,failed,true
TX0000936,PR000738,FL00420,,USD,2022-04-16,Bank Transfer,17.38,success,True
TX0000937,PR000141,FL00422,2536,INR,2023-09-11,Crypto,15.22,refunded,1
TX0000938,PR000008,FL00453,-74,eur,2024-07-05,Payoneer,15.61,success,False
TX0000939,PR000870,FL00132,4990,INR,2020-06-14,Stripe,10.91,pending,False
TX0000940,PR000231,FL00454,6100,USD,2024-10-10,Bank Transfer,13.65,failed,True
TX0000941,PR000884,FL00035,-5320,INR,2021-09-21,Crypto,8.26,failed,true
TX0000942,PR000826,FL00193,2551,USD,,Stripe,14.63,failed,1
TX0000943,PR000218,FL00389,2301,PKR,2024-02-25,Bank Transfer,20.01,failed,0
TX0000944,PR000532,FL00329,559,PKR,2020-05-26,PayPal,8.26,success,1
TX0000945,PR000562,FL00470,6954,USD,2021-05-27,PayPal,8.8,failed,1
TX0000946,PR000465,FL00037,7223,GBP,2020-03-28,Bank Transfer,18.8,success,True
TX0000947,PR000822,FL00077,941544,EUR,2020-05-09,Payoneer,18.41,refunded,1
TX0000948,,,7887,PKR,,Crypto,10.36,success,True
TX0000949,PR001146,FL00332,4842,EUR,,Crypto,10.41,pending,true
TX0000950,PR000208,FL00292,,INR,2021-08-24,Payoneer,6.25,refunded,0
TX0000951,PR000122,FL00209,1344,USD,2021-05-02,Crypto,20.42,refunded,True
TX0000952,PR000616,FL00018,7988,usd,2024-02-13,Payoneer,18.98,success,false
TX0000953,PR000149,FL00015,2069,USD,2020-03-09,Wise,17.08,success,true
TX0000954,PR000903,FL00375,4296,GBP,2024-11-25,Bank Transfer,13.93,success,True
TX0000955,PR000151,FL00195,883,BDT,2023-11-23,PAYPAL,11.49,success,0
TX0000956,PR000393,FL00076,3303,USD,2024-01-12,Payoneer,11.4,success,1
TX0000957,PR000880,FL00292,337398,PKR,2022-05-08,Wise,13.44,success,False
TX0000958,PR000681,FL00085,2154,USD,2022-09-05,Wise,17.15,success,true
TX0000959,PR000469,FL00292,4326,BDT,2023-08-16,Stripe,13.93,failed,0
TX0000960,PR000582,,1094,BDT,2020-12-11,Wise,9.78,success,1
TX0000961,PR000403,FL00491,-5054,BDT,2020-08-20,Stripe,13.24,pending,true
TX0000962,PR001010,FL00340,6065,BDT,2022-08-11,Crypto,17.27,failed,0
TX0000963,PR000626,FL00488,3117,BDT,2024-08-04,Wise,6.61,failed,True
TX0000964,PR000618,FL00327,4312,USD,2022-08-05,Stripe,14.66,pending,0
TX0000965,PR001142,FL00352,,GBP,2022-06-27,Crypto,13.83,failed,true
TX0000966,PR000081,FL00011,7240,USD,2024-11-13,Crypto,7.89,success,false
TX0000967,PR001018,FL00080,658318,USD,2023-08-19,Crypto,9.07,pending,0
TX0000968,PR000696,FL00267,6282,USD,2021-07-21,Stripe,,success,False
TX0000969,PR000990,FL00442,7621,USD,2020-11-29,Payoneer,9.99,pending,true
TX0000970,PR000732,FL00248,6278,pkr,2024-05-05,Stripe,16.04,success,true
TX0000971,PR000158,FL00255,4777,USD,2023-08-08,PayPal,19.25,refunded,False
TX0000972,PR000443,FL00062,7967,GBP,2020-04-25,Wise,19.35,failed,1
TX0000973,PR001078,FL00113,6759,USD,2021-07-02,Bank Transfer,17.33,refunded,False
TX0000974,PR000271,FL00107,-1625,INR,2023-06-06,Stripe,11.26,success,False
TX0000975,,FL00046,3643,USD,2022-11-15,PayPal,6.89,failed,False
TX0000976,PR001027,FL00484,6862,EUR,2022-03-13,Bank Transfer,5.35,failed,0
TX0000977,,FL00211,3171,GBP,2020-02-18,Payoneer,5.63,failed,1
TX0000978,PR000458,FL00315,4962,GBP,2020-04-23,Stripe,13.17,success,True
TX0000979,PR000900,FL00322,3024,PKR,2024-08-13,Bank Transfer,18.24,success,true
TX0000980,PR000337,FL00132,6303,INR,2020-07-05,Payoneer,9.74,refunded,1
TX0000981,PR000828,FL00224,3537,INR,2020-05-24,Crypto,,failed,True
TX0000982,PR000679,FL00296,6182,BDT,2022-10-28,Wise,12.36,refunded,1
TX0000983,PR000433,FL00241,4710,,2024-10-27,PayPal,11.65,success,True
TX0000984,PR000426,FL00146,1453,INR,2020-06-21,Stripe,15.48,refunded,false
TX0000985,PR000480,FL00312,-5032,INR,2024-08-20,WISE,9.49,refunded,False
TX0000986,PR000347,FL00299,5362,USD,2020-08-14,Stripe,9.86,success,0
TX0000987,PR000161,FL00216,2528,BDT,2022-03-28,Payoneer,20.08,failed,True
TX0000988,PR000626,FL00364,5980,GBP,2020-07-16,PayPal,19.92,pending,true
TX0000989,PR000548,FL00120,6564,GBP,2020-10-28,PayPal,11.52,success,1
TX0000990,PR000623,FL00081,6492,USD,2020-06-27,Stripe,19.45,failed,False
TX0000991,PR000254,FL00498,-7257,,2022-09-03,Bank Transfer,19.53,failed,False
TX0000992,PR000005,FL00486,273,USD,2023-05-02,Crypto,18.67,refunded,True
TX0000993,PR000505,FL00150,2268,USD,,Wise,,pending,True
TX0000994,PR000508,FL00163,,USD,2022-03-01,Payoneer,11.66,success,True
TX0000995,PR000173,FL00435,2090,USD,2023-02-21,Wise,10.18,success,true
TX0000996,PR000705,FL00114,1648,EUR,2024-03-01,Bank Transfer,17.53,success,0
TX0000997,PR000201,FL00283,2848,USD,2020-08-20,Wise,6.77,pending,true
TX0000998,PR000535,FL00233,4287,INR,2023-06-13,Wise,20.88,success,0
TX0000999,,FL00403,5302,USD,2020-11-14,CRYPTO,9.57,pending,False
TX0001000,PR000136,FL00269,344,BDT,2023-10-07,PayPal,19.1,pending,1
TX0001001,PR000809,FL00037,2402,USD,2020-12-24,PayPal,20.71,success,True
TX0001002,PR000197,FL00350,6913,eur,2022-04-14,Payoneer,13.95,refunded,false
TX0001003,PR000463,FL00339,6138,PKR,2020-08-14,Stripe,14.05,refunded,false
TX0001004,PR000986,FL00301,1445,USD,2022-10-31,Stripe,13.49,failed,1
TX0001005,PR001060,FL00216,5275,,2020-10-28,Crypto,18.18,refunded,False
TX0001006,PR000145,FL00406,6704,USD,2022-02-25,Bank Transfer,5.45,success,0
TX0001007,PR000765,FL00175,6037,USD,2021-06-25,Stripe,,failed,true
TX0001008,PR000604,FL00151,3898,EUR,2023-10-14,Crypto,6.8,success,False
TX0001009,PR000006,FL00233,6263,PKR,2021-02-13,PayPal,18.02,failed,true
TX0001010,PR000062,,6593,USD,2021-03-15,Payoneer,,success,false
TX0001011,PR000627,FL00078,4062,USD,2022-03-28,PayPal,12.8,pending,1
TX0001012,PR000629,FL00367,2720,USD,2024-12-16,Crypto,10.61,success,false
TX0001013,PR000393,FL00069,1732,GBP,2024-05-13,Stripe,17.24,success,false
TX0001014,PR001121,FL00385,5597,USD,,PayPal,12.42,failed,True
TX0001015,PR001151,FL00452,5250,BDT,2021-07-09,Wise,12.65,refunded,true
TX0001016,PR000346,FL00488,6068,USD,2021-08-22,,10.52,success,false
TX0001017,PR001166,FL00026,3133,INR,2021-10-30,Bank Transfer,15.58,failed,0
TX0001018,PR000197,FL00354,2648,PKR,2020-10-01,Bank Transfer,17.23,failed,False
TX0001019,PR000271,FL00108,1539,USD,2020-02-06,PayPal,18.5,failed,False
TX0001020,PR000085,FL00479,433,INR,2020-12-03,Stripe,10.71,success,True
TX0001021,PR001192,FL00335,2626,PKR,2020-06-15,Payoneer,5.02,failed,False
TX0001022,PR000254,FL00357,1460,INR,2022-12-15,Payoneer,6.3,success,False
TX0001023,PR000842,FL00194,7001,BDT,2020-04-27,Wise,14.9,success,true
TX0001024,PR000090,FL00191,1295,EUR,2021-08-10,Bank Transfer,20.88,success,false
TX0001025,PR000290,FL00079,1290,PKR,2023-08-30,PayPal,12.33,success,1
TX0001026,PR000208,FL00408,2491,INR,2023-05-02,Bank Transfer,11.0,success,True
TX0001027,PR000106,FL00412,1185,BDT,2022-06-20,Stripe,7.17,failed,true
TX0001028,PR000113,FL00241,7270,gbp,2024-12-10,PayPal,10.66,success,False
TX0001029,PR000047,FL00299,604644,USD,2020-02-03,Crypto,16.2,success,1
TX0001030,PR000408,FL00022,1162,USD,2023-12-03,Wise,,refunded,0
TX0001031,PR000197,FL00490,5773,INR,2021-10-12,Wise,7.0,success,False
TX0001032,PR001189,FL00171,1506,inr,2023-05-02,PayPal,5.23,refunded,True
TX0001033,PR000218,FL00304,3651,USD,2024-06-15,Crypto,5.72,success,true
TX0001034,PR000415,FL00265,4645,USD,2023-04-28,Bank Transfer,6.21,success,False
TX0001035,PR000660,FL00328,7485,inr,2024-10-18,Wise,11.96,pending,true
TX0001036,PR000985,FL00016,3901,PKR,2023-07-13,Wise,11.38,success,0
TX0001037,PR000011,FL00060,499,usd,2022-07-24,Wise,19.55,success,True
TX0001038,PR000933,FL00257,270,BDT,2021-04-16,Stripe,11.98,success,1
TX0001039,PR000168,FL00042,3048,GBP,2020-06-29,,9.16,failed,true
TX0001040,PR001062,FL00067,5232,USD,2024-12-17,Bank Transfer,6.33,failed,1
TX0001041,PR001150,FL00389,990,USD,2020-11-08,Stripe,18.85,success,True
TX0001042,PR000547,FL00429,4180,PKR,2021-12-03,Payoneer,8.13,success,0
TX0001043,PR000887,FL00231,2038,BDT,2020-09-07,STRIPE,14.03,refunded,false
TX0001044,PR000083,FL00263,727,bdt,2021-11-27,Wise,15.24,failed,True
TX0001045,PR000411,FL00351,747,BDT,2023-01-30,,20.57,success,0
TX0001046,PR000397,FL00082,975,USD,2023-10-14,Crypto,12.62,success,1
TX0001047,PR000381,,5491,INR,2021-09-08,Stripe,19.77,success,true
TX0001048,PR000887,FL00287,6000,USD,2020-11-11,PAYONEER,18.1,success,False
TX0001049,PR000052,FL00170,1109,BDT,2022-10-17,PayPal,16.57,failed,0
TX0001050,PR000799,FL00078,7194,INR,2023-02-18,Wise,19.74,refunded,false
TX0001051,PR000532,FL00314,,USD,2024-10-05,Bank Transfer,14.9,refunded,True
TX0001052,PR000962,FL00024,5199,USD,2024-03-24,Crypto,8.73,success,true
TX0001053,PR000402,FL00294,4357,INR,2020-01-14,Bank Transfer,9.43,success,False
TX0001054,,FL00171,2041,GBP,2023-08-10,Stripe,12.71,success,True
TX0001055,PR000665,FL00346,4568,usd,2024-03-31,Wise,8.89,refunded,true
TX0001056,PR000163,FL00005,3084,USD,2023-03-15,Stripe,9.31,refunded,false
TX0001057,PR000018,FL00086,-5266,BDT,2023-12-19,PayPal,17.15,pending,True
TX0001058,PR000497,,3158,USD,2024-05-04,Crypto,16.9,success,False
TX0001059,PR000215,FL00440,3369,USD,2023-10-07,Bank Transfer,19.33,failed,0
TX0001060,,FL00148,1376,USD,2022-07-23,PayPal,8.08,success,False
TX0001061,PR000394,FL00138,4983,USD,2021-03-15,Payoneer,18.92,refunded,True
TX0001062,PR000971,FL00308,6863,USD,2021-04-07,PayPal,17.26,refunded,True
TX0001063,PR000767,FL00273,148,USD,2024-03-01,Wise,16.61,success,true
TX0001064,PR000166,FL00107,4423,EUR,2023-03-25,Crypto,11.22,success,False
TX0001065,PR000511,FL00289,7529,usd,2022-05-12,Bank Transfer,6.06,pending,0
TX0001066,,FL00243,5550,USD,2024-07-10,PayPal,5.87,failed,true
TX0001067,PR000972,FL00079,6623,INR,2022-06-10,Wise,19.8,success,false
TX0001068,PR000218,FL00004,6559,PKR,2023-07-31,PayPal,6.4,success,1
TX0001069,PR001039,FL00457,7018,USD,2023-10-11,PayPal,6.68,success,1
TX0001070,PR000355,FL00129,3598,GBP,2021-11-20,Wise,,failed,False
TX0001071,PR000956,FL00438,2588,BDT,2021-07-22,Payoneer,10.31,success,true
TX0001072,PR000521,FL00202,537,USD,2024-06-27,Wise,19.57,success,1
TX0001073,PR000385,FL00101,,,2023-12-24,Wise,15.09,success,false
TX0001074,PR000765,FL00358,2644,BDT,2024-08-10,Wise,19.09,refunded,True
TX0001075,PR000727,FL00209,4870,USD,2022-07-21,Crypto,19.08,refunded,True
TX0001076,PR000552,FL00314,6179,GBP,2020-07-27,PayPal,19.32,success,True
TX0001077,,FL00367,588,EUR,2023-08-22,Payoneer,17.13,success,False
TX0001078,PR001035,FL00298,483,GBP,2020-05-20,Stripe,9.66,failed,True
TX0001079,PR000465,FL00078,114091,GBP,2024-08-02,Payoneer,20.1,failed,1
TX0001080,PR000145,FL00495,3471,USD,2024-08-04,PayPal,16.52,refunded,false
TX0001081,PR000147,FL00378,2551,USD,2022-10-15,Payoneer,19.83,pending,true
TX0001082,PR000981,FL00112,3538,PKR,2021-12-21,Wise,11.71,success,true
TX0001083,PR000037,,5181,PKR,2020-12-01,Payoneer,19.24,success,False
TX0001084,,FL00159,6697,PKR,2021-09-04,Crypto,17.31,failed,False
TX0001085,PR000426,FL00146,1367,PKR,2021-07-26,Bank Transfer,5.85,success,True
TX0001086,PR000686,,6072,PKR,,Stripe,6.21,success,False
TX0001087,PR000860,FL00323,6116,PKR,2024-09-06,Stripe,9.06,success,true
TX0001088,PR000181,FL00115,1202,USD,,Crypto,8.73,failed,true
TX0001089,PR000960,FL00305,472,USD,,PayPal,9.15,success,true
TX0001090,PR000608,FL00428,,GBP,2022-08-08,,13.99,failed,true
TX0001091,PR000107,FL00246,2347,USD,2020-04-10,Payoneer,6.89,pending,false
TX0001092,PR000887,FL00232,4429,USD,2023-04-12,Wise,16.67,refunded,true
TX0001093,PR000070,FL00380,3419,INR,2021-04-25,Bank Transfer,16.03,success,true
TX0001094,PR000490,FL00036,3700,GBP,2020-10-05,Stripe,10.51,refunded,True
TX0001095,PR000239,FL00183,3771,USD,2023-09-18,Wise,7.63,pending,false
TX0001096,PR000084,FL00156,7530,EUR,2022-12-16,Bank Transfer,16.21,success,1
TX0001097,PR000651,FL00499,6036,EUR,2021-04-14,Stripe,8.93,pending,false
TX0001098,PR000513,FL00015,1418,,2023-08-10,Crypto,14.67,success,False
TX0001099,PR000718,FL00286,6995,USD,,Wise,6.56,success,0
TX0001100,PR001064,FL00181,626,EUR,2020-12-30,Stripe,15.42,success,1
TX0001101,PR000529,FL00476,1292,PKR,2024-07-16,PAYPAL,13.46,success,0
TX0001102,PR000703,FL00148,646,,2021-08-10,Wise,5.46,success,False
TX0001103,PR000672,FL00098,2579,USD,2023-04-10,Wise,17.01,success,1
TX0001104,PR000343,FL00441,3071,GBP,2022-04-03,WISE,20.66,success,false
TX0001105,PR000336,FL00353,6192,GBP,,,14.06,success,0
TX0001106,PR000393,,5616,PKR,2024-04-11,Stripe,20.87,success,true
TX0001107,PR000673,FL00287,1756,BDT,2023-07-13,Crypto,8.14,refunded,true
TX0001108,PR001032,,7993,GBP,2021-02-25,Stripe,6.05,pending,0
TX0001109,PR000885,FL00167,6312,EUR,2024-03-07,Bank Transfer,15.7,refunded,false
TX0001110,PR000478,FL00419,-2751,USD,2020-01-17,Bank Transfer,18.12,failed,True
TX0001111,PR000644,FL00151,163033,USD,2020-07-07,BANK TRANSFER,20.86,success,False
TX0001112,PR001178,FL00007,2636,GBP,2023-07-19,Stripe,20.81,pending,True
TX0001113,PR000071,FL00108,1520,USD,2024-12-03,Payoneer,5.94,success,false
TX0001114,PR001148,FL00435,2585,USD,2021-12-30,Stripe,9.74,success,0
TX0001115,,FL00403,3704,EUR,2020-08-12,Bank Transfer,10.77,success,true
TX0001116,PR000470,FL00179,,PKR,2020-10-28,CRYPTO,,success,true
TX0001117,PR000543,FL00469,5287,GBP,2020-09-26,Payoneer,18.26,failed,false
TX0001118,PR001128,FL00267,204,USD,2022-12-07,PAYPAL,7.0,failed,False
TX0001119,PR001176,FL00243,1364,USD,2024-12-23,Stripe,6.7,failed,0
TX0001120,PR000275,FL00392,1694,EUR,2022-07-14,Bank Transfer,,failed,False
TX0001121,PR000565,FL00097,3997,GBP,,Stripe,10.44,pending,0
TX0001122,PR001087,FL00232,1962,INR,2021-05-26,Wise,14.43,success,0
TX0001123,PR000640,FL00278,7935,BDT,2023-04-13,Stripe,5.47,pending,True
TX0001124,PR001139,FL00277,3538,BDT,2020-05-07,PayPal,10.16,failed,0
TX0001125,PR000353,FL00286,379766,GBP,2022-11-10,Stripe,16.1,success,True
TX0001126,PR001052,FL00136,1932,EUR,2021-09-01,Bank Transfer,14.21,failed,0
TX0001127,,FL00445,6194,INR,2022-01-12,Stripe,18.24,refunded,1
TX0001128,PR000487,FL00275,1306,USD,2021-11-13,Crypto,15.55,pending,True
TX0001129,PR000574,FL00259,7426,PKR,2022-08-16,Wise,11.09,success,0
TX0001130,PR000107,FL00154,4516,GBP,2024-08-15,PayPal,13.49,failed,0
TX0001131,PR000994,FL00290,1283,PKR,2020-11-14,Bank Transfer,,success,0
TX0001132,PR000406,FL00302,7818,EUR,2021-10-18,Stripe,11.75,refunded,true
TX0001133,PR000755,FL00135,428,USD,2024-01-05,Wise,19.31,refunded,True
TX0001134,PR000549,FL00193,635,USD,2020-05-19,Payoneer,5.07,refunded,1
TX0001135,PR000465,FL00372,,gbp,2021-12-06,Crypto,,success,true
TX0001136,PR001183,FL00309,5664,USD,2021-10-06,Stripe,,success,True
TX0001137,PR000683,FL00354,2114,BDT,2024-12-04,Crypto,9.59,failed,False
TX0001138,PR000382,FL00235,688,,2023-05-19,Crypto,11.46,pending,false
TX0001139,PR000010,FL00259,1394,PKR,2024-02-25,Payoneer,8.84,success,1
TX0001140,PR001006,FL00090,1275,EUR,2020-02-09,Bank Transfer,12.53,success,0
TX0001141,PR000821,FL00091,2467,USD,2023-09-02,Wise,9.6,success,true
TX0001142,PR001091,FL00068,1530,GBP,2021-04-08,Stripe,20.52,pending,True
TX0001143,PR001124,FL00032,353,GBP,2024-04-22,PayPal,,failed,False
TX0001144,PR001028,FL00009,196,INR,2021-01-06,Bank Transfer,12.25,pending,True
TX0001145,PR001174,FL00222,3415,INR,2024-03-14,Payoneer,14.74,pending,True
TX0001146,PR000468,FL00120,110,,2020-11-28,Crypto,16.5,failed,false
TX0001147,PR000397,FL00455,3624,PKR,,Bank Transfer,5.4,refunded,1
TX0001148,PR000687,FL00074,3359,INR,2022-07-08,Crypto,15.09,failed,1
TX0001149,PR001166,FL00452,421,USD,2022-09-09,Stripe,5.85,success,False
TX0001150,PR000767,FL00363,-1176,USD,2023-03-28,Bank Transfer,10.88,success,False
TX0001151,PR000086,FL00305,5777,USD,2023-08-17,Wise,20.75,refunded,false
TX0001152,PR000368,FL00475,2660,USD,2024-01-04,Wise,17.58,success,false
TX0001153,PR000821,FL00190,6143,USD,2020-03-28,Bank Transfer,5.32,success,0
TX0001154,PR000004,FL00482,3002,GBP,2022-12-09,PayPal,17.4,refunded,0
TX0001155,PR000020,FL00084,2141,EUR,2020-07-27,Payoneer,,failed,False
TX0001156,PR000646,FL00366,-633,USD,2024-04-04,Crypto,20.2,success,False
TX0001157,PR000426,FL00390,5860,INR,2023-07-05,Payoneer,17.65,pending,false
TX0001158,PR000881,FL00179,4180,USD,2023-12-14,Crypto,20.48,success,0
TX0001159,PR000544,FL00035,4592,PKR,2023-10-19,PayPal,6.43,pending,False
TX0001160,PR000792,FL00008,6675,USD,2022-05-26,Crypto,19.37,success,false
TX0001161,PR000252,FL00330,3538,USD,2021-06-24,PayPal,6.41,pending,False
TX0001162,PR000856,FL00140,145,USD,2020-12-23,PayPal,19.03,failed,1
TX0001163,PR000227,FL00368,7073,GBP,2022-10-24,Payoneer,19.63,success,0
TX0001164,PR000767,FL00178,6210,inr,2024-06-27,Payoneer,8.29,success,1
TX0001165,PR000573,FL00237,7233,USD,2021-11-30,Payoneer,14.04,success,True
TX0001166,PR001055,FL00071,5025,USD,2021-11-20,,18.59,failed,False
TX0001167,PR000665,FL00430,6395,PKR,2021-12-12,Crypto,8.52,refunded,false
TX0001168,PR000253,FL00083,3413,GBP,2020-11-24,Stripe,20.75,refunded,0
TX0001169,,FL00443,2037,USD,2020-11-12,Crypto,12.51,failed,False
TX0001170,PR000253,FL00452,4661,USD,2020-06-03,PayPal,6.93,success,False
TX0001171,PR000788,,4150,USD,2023-10-27,Payoneer,20.82,pending,true
TX0001172,PR001032,FL00029,6296,USD,2020-10-16,,11.46,success,False
TX0001173,PR000660,FL00155,7563,INR,2024-12-08,Wise,20.39,success,false
TX0001174,PR000971,FL00235,6460,EUR,2020-01-13,Payoneer,14.02,success,0
TX0001175,PR000931,FL00321,1671,USD,2020-03-25,PayPal,19.82,success,1
TX0001176,PR000574,FL00283,1714,PKR,2024-07-21,PayPal,7.86,success,True
TX0001177,PR000082,FL00201,1588,USD,2022-07-07,Payoneer,15.1,refunded,False
TX0001178,PR000546,FL00145,7711,BDT,2020-04-29,Wise,18.59,refunded,false
TX0001179,,FL00199,1463,BDT,2024-02-15,Wise,7.38,success,false
TX0001180,PR001029,FL00276,904,EUR,2023-05-05,,7.63,success,True
TX0001181,PR001032,FL00479,,GBP,2020-08-21,Stripe,11.39,success,0
TX0001182,PR001099,FL00252,6783,GBP,2023-03-08,Payoneer,6.69,failed,True
TX0001183,PR000079,FL00310,993,INR,,Payoneer,10.71,success,0
TX0001184,PR000848,FL00252,3062,BDT,2021-01-15,Crypto,8.43,success,0
TX0001185,PR000485,,1894,USD,2021-09-30,PayPal,10.01,failed,1
TX0001186,PR000919,FL00039,3060,PKR,,PayPal,19.13,success,false
TX0001187,PR000627,FL00285,5070,USD,2022-09-11,Payoneer,10.66,success,0
TX0001188,PR001128,FL00159,4428,INR,2023-10-11,Stripe,9.24,success,False
TX0001189,PR000729,FL00102,2933,EUR,2021-12-19,PayPal,19.51,success,1
TX0001190,PR000744,FL00127,6619,,2021-01-01,Crypto,19.58,pending,true
TX0001191,PR001161,FL00176,2303,EUR,2020-06-01,Bank Transfer,11.73,success,false
TX0001192,PR001028,FL00057,7350,EUR,2023-10-29,Payoneer,6.08,failed,False
TX0001193,PR000307,FL00029,6746,EUR,2021-02-12,Payoneer,16.26,success,1
TX0001194,PR000505,FL00328,5992,USD,2024-03-24,Bank Transfer,20.92,failed,False
TX0001195,PR000431,FL00012,2409,EUR,2020-04-07,Wise,19.66,pending,False
TX0001196,PR000160,FL00270,4940,BDT,2024-06-25,Payoneer,13.09,failed,true
TX0001197,PR001106,FL00007,3186,PKR,2024-01-09,Bank Transfer,6.25,pending,false
TX0001198,PR000204,FL00200,2894,USD,2024-08-29,STRIPE,19.82,failed,true
TX0001199,PR001053,,4669,PKR,2022-01-15,Wise,19.5,success,0
TX0001200,,FL00247,3634,BDT,2024-01-08,PayPal,15.23,refunded,1
TX0001201,PR000253,,2359,USD,2021-02-02,Wise,17.71,success,False
TX0001202,PR000755,FL00301,270,EUR,2023-11-22,Wise,15.29,pending,true
TX0001203,PR001061,FL00424,1302,EUR,2024-05-28,BANK TRANSFER,18.95,success,0
TX0001204,PR000331,FL00299,388991,GBP,2024-08-10,PayPal,6.96,success,1
TX0001205,PR000816,FL00323,7143,GBP,2023-11-30,PayPal,15.77,failed,1
TX0001206,PR000336,FL00441,3165,USD,2023-11-15,PayPal,18.2,refunded,True
TX0001207,PR000172,FL00147,131,USD,2022-12-01,Bank Transfer,19.08,pending,1
TX0001208,PR000624,FL00122,2726,EUR,2020-11-01,Payoneer,9.43,pending,1
TX0001209,PR000349,FL00412,7126,EUR,2023-09-10,PayPal,18.94,success,1
TX0001210,PR000175,FL00362,6738,USD,2024-12-19,Payoneer,8.84,success,false
TX0001211,PR000129,FL00297,5966,USD,2020-05-31,Bank Transfer,,refunded,0
TX0001212,PR000993,FL00276,2561,USD,2023-02-07,Crypto,17.51,success,0
TX0001213,PR000422,FL00277,7573,USD,2020-03-19,Bank Transfer,17.62,success,false
TX0001214,PR000827,FL00334,1225,GBP,2024-05-03,Bank Transfer,14.86,refunded,False
TX0001215,PR000872,FL00310,562,EUR,2020-12-19,Crypto,6.11,pending,true
TX0001216,PR000451,FL00421,7485,USD,,Wise,20.96,refunded,0
TX0001217,PR000177,FL00278,2805,INR,2024-04-04,Bank Transfer,6.44,success,false
TX0001218,PR000455,FL00018,1294,USD,2022-07-23,PayPal,17.82,refunded,0
TX0001219,PR000674,FL00051,2487,USD,2020-06-26,PayPal,,success,False
TX0001220,PR000425,FL00226,5683,PKR,2021-09-16,Bank Transfer,9.23,success,false
TX0001221,PR000097,FL00113,-4267,USD,,,14.76,success,0
TX0001222,PR000744,FL00364,3486,gbp,2020-08-15,Stripe,11.04,success,True
TX0001223,PR000251,FL00025,4223,USD,2024-05-24,Stripe,7.83,success,false
TX0001224,PR001039,FL00303,5149,INR,2022-06-01,Crypto,13.76,refunded,False
TX0001225,PR000511,FL00423,6936,USD,2020-07-06,,5.45,pending,1
TX0001226,PR000429,FL00056,7559,PKR,2023-02-16,Stripe,12.3,success,False
TX0001227,PR000246,FL00361,7556,USD,2023-04-16,PayPal,9.55,success,1
TX0001228,PR000986,FL00202,4777,PKR,2021-01-02,PayPal,18.69,failed,1
TX0001229,PR001106,FL00110,7086,EUR,2020-06-23,Crypto,11.49,success,0
TX0001230,PR000334,FL00498,5460,,2021-10-12,Bank Transfer,12.66,success,1
TX0001231,PR000823,FL00164,5016,PKR,2023-04-30,PayPal,14.09,success,true
TX0001232,PR000862,,6916,,2023-10-05,Payoneer,16.28,success,False
TX0001233,PR000190,FL00167,5028,USD,2020-10-21,,6.47,refunded,true
TX0001234,PR000020,FL00316,6895,USD,2022-01-06,Payoneer,8.76,failed,0
TX0001235,PR000547,FL00497,6394,PKR,2023-11-18,Payoneer,15.2,success,False
TX0001236,PR000770,FL00173,4185,bdt,2022-04-16,Crypto,10.81,pending,True
TX0001237,PR000994,FL00229,7583,USD,2023-08-05,PAYONEER,18.57,success,True
TX0001238,PR001164,,,USD,2022-12-29,Stripe,12.34,pending,true
TX0001239,PR000513,FL00348,2015,INR,2023-05-06,Crypto,,success,false
TX0001240,,FL00375,6702,PKR,,Wise,17.71,failed,false
TX0001241,PR000201,FL00090,3795,USD,2020-11-19,PayPal,,pending,True
TX0001242,PR000353,FL00316,,USD,2020-11-25,Wise,10.95,success,True
TX0001243,PR000075,FL00118,4664,INR,2022-02-16,Crypto,11.59,pending,False
TX0001244,PR001009,FL00384,3189,PKR,2020-11-07,PayPal,7.81,failed,0
TX0001245,PR000347,FL00390,4109,USD,2021-05-21,Bank Transfer,12.0,refunded,False
TX0001246,PR000137,FL00370,509,INR,2022-06-02,PayPal,19.37,success,false
TX0001247,PR000682,FL00486,3483,USD,2024-08-02,Stripe,14.85,pending,True
TX0001248,PR000742,FL00148,5567,INR,2023-12-15,Bank Transfer,11.99,success,1
TX0001249,PR001157,FL00034,3613,,2022-12-12,Bank Transfer,13.67,success,false
TX0001250,PR000516,FL00022,3034,USD,2024-08-05,Crypto,9.27,failed,false
TX0001251,PR001026,,6814,EUR,2021-10-19,PayPal,18.72,failed,false
TX0001252,PR000217,FL00309,5919,USD,2024-01-19,Stripe,20.92,failed,1
TX0001253,PR000824,FL00445,1875,USD,2024-10-03,Crypto,16.32,success,true
TX0001254,PR000906,FL00198,,USD,2020-07-30,Payoneer,14.86,success,true
TX0001255,PR000824,FL00273,7294,USD,2022-12-05,Crypto,10.4,pending,true
TX0001256,PR000440,FL00391,,USD,2024-01-08,,10.54,pending,1
TX0001257,PR000794,FL00167,1921,EUR,2022-06-12,Payoneer,17.48,success,false
TX0001258,PR000754,FL00034,781,INR,2020-12-15,,15.87,success,true
TX0001259,PR000087,FL00029,6033,USD,2024-11-18,Crypto,6.05,pending,false
TX0001260,PR001041,,4853,eur,2024-10-10,Payoneer,6.88,success,1
TX0001261,PR001147,FL00422,7837,USD,2021-05-24,Crypto,19.02,failed,0
TX0001262,PR000408,FL00232,2060,GBP,2024-08-18,Crypto,15.31,success,true
TX0001263,PR001200,FL00079,6850,INR,2023-10-14,Stripe,12.26,refunded,true
TX0001264,PR001152,FL00108,3249,INR,2022-01-25,Wise,19.74,failed,0
TX0001265,PR000763,FL00149,1260,INR,2022-09-03,Crypto,10.28,failed,False
TX0001266,,,4957,USD,2021-01-31,CRYPTO,16.7,refunded,0
TX0001267,PR000812,FL00259,2834,USD,2024-02-04,Stripe,16.95,success,False
TX0001268,PR000180,FL00417,5702,INR,2021-12-27,Wise,11.96,success,False
TX0001269,PR000162,FL00140,-1124,USD,2024-06-22,Bank Transfer,,success,false
TX0001270,PR000087,FL00324,1261,PKR,2023-04-04,Crypto,17.7,success,0
TX0001271,PR000355,FL00325,2990,PKR,2021-09-11,Wise,,success,false
TX0001272,PR000926,FL00364,2964,USD,2024-01-03,Bank Transfer,7.41,pending,True
TX0001273,PR000624,FL00455,3759,BDT,2024-06-22,Crypto,6.1,success,0
TX0001274,PR000107,FL00096,7907,USD,2024-03-12,Payoneer,12.74,failed,false
TX0001275,PR001188,FL00281,4223,USD,2022-03-05,Payoneer,11.72,refunded,False
TX0001276,PR000328,FL00169,3781,GBP,2021-08-25,Bank Transfer,18.46,failed,0
TX0001277,PR000867,FL00437,3495,EUR,2020-01-05,PayPal,5.43,failed,false
TX0001278,PR000143,FL00374,2136,USD,2022-03-09,Bank Transfer,8.06,failed,True
TX0001279,PR000883,FL00392,6013,EUR,2023-03-01,PayPal,14.45,success,0
TX0001280,PR000801,,6200,,2021-11-07,Bank Transfer,16.15,success,False
TX0001281,PR000028,,5059,PKR,2020-08-10,Crypto,11.99,success,True
TX0001282,PR000426,FL00127,5298,GBP,2024-12-25,Wise,5.01,success,True
TX0001283,PR000769,FL00203,670,BDT,2024-06-29,Wise,13.84,failed,True
TX0001284,PR000998,FL00088,5937,INR,2021-11-26,Stripe,19.48,pending,False
TX0001285,PR000530,FL00451,5280,EUR,2021-02-02,PAYONEER,5.58,failed,1
TX0001286,PR000834,FL00346,736,GBP,2022-08-09,Stripe,16.66,success,False
TX0001287,PR000531,FL00369,2912,INR,2020-04-24,PayPal,5.17,pending,True
TX0001288,PR000112,FL00344,2036,PKR,2021-11-02,Bank Transfer,5.76,pending,0
TX0001289,PR000686,FL00243,2060,USD,2023-08-05,STRIPE,6.16,refunded,false
TX0001290,PR000562,FL00361,810775,PKR,2020-10-12,Crypto,16.94,failed,0
TX0001291,PR000871,FL00050,2086,INR,2022-11-17,Wise,6.69,refunded,True
TX0001292,,FL00081,3810,USD,2023-07-03,Wise,18.3,success,true
TX0001293,PR000386,FL00392,2000,USD,2021-11-18,Bank Transfer,20.13,refunded,False
TX0001294,PR000623,FL00016,6667,INR,2022-07-27,Stripe,17.38,failed,false
TX0001295,PR000781,FL00356,7165,USD,2022-07-25,Stripe,19.75,pending,True
TX0001296,PR000286,FL00298,-1693,EUR,2020-06-25,PayPal,6.04,pending,False
TX0001297,PR000283,FL00167,7066,PKR,2023-08-27,Bank Transfer,6.38,refunded,True
TX0001298,PR000805,FL00266,-4528,PKR,2024-08-04,Wise,20.6,success,1
TX0001299,PR000493,FL00077,3901,USD,2021-07-10,Payoneer,14.55,success,False
TX0001300,PR001119,FL00041,502411,USD,2020-12-29,Crypto,17.2,success,0
TX0001301,PR000935,FL00495,,USD,2023-06-18,Bank Transfer,5.36,success,False
TX0001302,PR000762,FL00371,7238,USD,2023-06-07,Stripe,19.53,success,0
TX0001303,PR000272,FL00480,,PKR,2021-01-01,Stripe,10.34,success,1
TX0001304,PR000225,FL00346,413,USD,2024-04-29,PayPal,8.77,pending,False
TX0001305,PR001116,FL00265,1123,EUR,2024-04-02,Payoneer,15.71,pending,False
TX0001306,PR000900,FL00310,4105,PKR,2022-03-29,Stripe,13.91,refunded,true
TX0001307,PR000063,FL00034,595,USD,2020-01-18,Crypto,16.37,success,1
TX0001308,PR000486,FL00166,4726,USD,2022-07-31,Payoneer,20.33,success,1
TX0001309,PR000795,FL00398,1094,GBP,2023-05-10,Payoneer,16.48,success,True
TX0001310,PR001187,FL00039,6516,GBP,2020-10-20,Crypto,17.26,success,True
TX0001311,PR000004,FL00498,,PKR,2024-06-18,Crypto,,success,False
TX0001312,PR000128,FL00135,3982,BDT,2024-07-26,Wise,14.14,success,true
TX0001313,PR000074,FL00085,1639,EUR,2023-08-29,Wise,,success,True
TX0001314,,FL00407,1327,GBP,2024-03-29,Crypto,12.57,success,1
TX0001315,PR001029,FL00336,927,GBP,2024-08-28,Crypto,10.11,success,0
TX0001316,PR000251,FL00323,1637,INR,2022-09-29,PayPal,13.45,success,True
TX0001317,PR000836,FL00479,4992,EUR,2021-02-18,Wise,20.07,success,false
TX0001318,PR000314,FL00194,6174,USD,2022-03-01,Bank Transfer,6.73,refunded,1
TX0001319,PR000208,FL00017,4901,USD,2021-01-25,Wise,16.49,success,1
TX0001320,PR000198,FL00354,2871,USD,2024-02-15,Bank Transfer,5.98,refunded,true
TX0001321,PR001104,FL00195,6842,EUR,2021-11-30,Crypto,9.29,refunded,1
TX0001322,PR000993,FL00182,5565,USD,2024-10-27,Payoneer,12.7,success,True
TX0001323,PR000701,FL00222,307,USD,2024-05-13,Payoneer,19.21,refunded,0
TX0001324,PR000570,FL00044,-3118,USD,2024-06-27,Stripe,11.56,success,0
TX0001325,PR000115,FL00116,2316,USD,2022-07-15,Stripe,15.29,success,False
TX0001326,PR000045,FL00302,6841,INR,2022-07-17,Bank Transfer,,failed,0
TX0001327,PR000755,FL00085,2771,USD,2022-03-13,Wise,19.66,success,False
TX0001328,PR000242,FL00461,1988,INR,2023-03-08,Payoneer,10.81,success,true
TX0001329,PR000114,FL00308,2315,USD,2022-12-13,Stripe,15.17,refunded,False
TX0001330,PR000908,FL00140,2691,EUR,2023-03-26,Payoneer,,pending,1
TX0001331,PR000914,FL00467,3757,INR,2020-10-10,Crypto,7.92,success,False
TX0001332,PR001047,FL00113,265,BDT,2023-10-14,,15.86,pending,True
TX0001333,PR000921,FL00047,7707,INR,2021-02-23,Stripe,14.6,refunded,false
TX0001334,PR000636,FL00375,2716,GBP,2023-05-22,Stripe,10.4,failed,0
TX0001335,PR000075,FL00066,6602,INR,2024-05-11,Bank Transfer,5.09,success,true
TX0001336,PR001162,FL00267,6111,EUR,2021-06-06,Stripe,,success,false
TX0001337,PR000539,,6749,USD,,Payoneer,10.63,success,true
TX0001338,,FL00491,5822,USD,2020-02-13,Wise,10.4,pending,true
TX0001339,PR000943,FL00224,135,EUR,2022-10-13,PayPal,8.17,success,false
TX0001340,PR000397,FL00288,818,USD,2022-11-26,PayPal,,refunded,False
TX0001341,PR000241,FL00397,276,INR,2023-01-29,PayPal,,success,False
TX0001342,PR001116,FL00184,609009,INR,2024-11-04,Stripe,16.18,success,1
TX0001343,PR000137,FL00433,,GBP,2023-11-18,Payoneer,10.46,refunded,true
TX0001344,PR000594,FL00030,6671,PKR,2022-07-26,PayPal,20.61,failed,True
TX0001345,PR001117,FL00163,2442,PKR,2022-04-18,Stripe,12.51,success,False
TX0001346,PR001150,FL00352,767,GBP,2020-08-06,PayPal,20.41,success,1
TX0001347,PR000535,FL00269,3773,USD,2021-11-20,Bank Transfer,19.25,refunded,true
TX0001348,PR001165,FL00080,,INR,2023-09-10,Wise,8.19,pending,0
TX0001349,PR001188,FL00141,5466,GBP,2024-03-26,Payoneer,10.09,success,True
TX0001350,PR000420,FL00381,2140,BDT,,Bank Transfer,18.54,refunded,false
TX0001351,PR000863,FL00053,6730,EUR,2023-10-18,,9.75,failed,false
TX0001352,PR000103,FL00144,1161,USD,2024-06-20,Stripe,8.56,success,False
TX0001353,PR000207,FL00439,7658,GBP,2021-06-21,PayPal,20.76,success,0
TX0001354,PR000588,FL00199,3308,BDT,2020-07-03,Bank Transfer,20.13,success,False
TX0001355,PR000701,FL00222,7740,PKR,2020-07-13,Wise,18.64,success,true
TX0001356,PR000470,,1442,EUR,2021-03-27,Wise,15.49,refunded,true
TX0001357,PR000260,FL00283,7461,USD,2022-11-10,Bank Transfer,20.13,failed,True
TX0001358,PR000164,FL00212,4399,BDT,2023-01-30,Wise,15.23,failed,true
TX0001359,PR000577,FL00004,3876,PKR,2024-08-12,Bank Transfer,14.97,success,True
TX0001360,PR001136,FL00415,3062,EUR,2024-07-15,PayPal,18.63,pending,0
TX0001361,PR000045,FL00340,1787,EUR,2021-08-15,Crypto,11.65,success,False
TX0001362,PR000725,FL00318,3633,BDT,2021-12-30,Stripe,20.75,success,False
TX0001363,PR000023,FL00158,2802,EUR,2024-03-31,PayPal,7.74,refunded,False
TX0001364,PR000166,FL00496,692414,USD,2023-08-17,Payoneer,10.63,pending,0
TX0001365,PR000087,FL00032,4825,USD,2022-02-02,Stripe,,refunded,1
TX0001366,PR000212,FL00403,2979,usd,2022-01-14,Wise,5.76,success,False
TX0001367,PR000892,FL00018,882,EUR,,Wise,9.94,failed,true
TX0001368,PR000984,FL00285,2539,EUR,2022-09-15,Wise,19.84,success,true
TX0001369,PR001071,FL00265,5882,EUR,2021-09-02,PayPal,8.39,success,True
TX0001370,PR000084,FL00232,2961,USD,2024-04-17,Wise,19.44,success,True
TX0001371,PR000980,FL00189,311,INR,2023-10-03,Stripe,16.9,success,1
TX0001372,PR000858,FL00074,6451,USD,2022-03-22,Crypto,13.03,pending,1
TX0001373,PR000527,FL00074,3028,EUR,2021-04-15,Stripe,10.45,refunded,1
TX0001374,PR000795,FL00273,403,USD,2023-02-20,Payoneer,11.73,failed,false
TX0001375,PR000927,FL00115,1503,EUR,2023-08-30,Stripe,14.23,success,0
TX0001376,PR000143,FL00430,2689,BDT,2024-02-04,Bank Transfer,,success,0
TX0001377,PR000431,FL00059,1084,PKR,2020-04-25,Wise,5.04,failed,0
TX0001378,PR000033,FL00491,1726,PKR,2023-07-21,Stripe,6.11,refunded,0
TX0001379,PR001030,FL00357,4014,BDT,2021-09-26,Crypto,19.39,pending,1
TX0001380,PR001072,FL00068,730,usd,2020-07-23,,15.22,pending,true
TX0001381,PR000033,FL00180,4880,GBP,2022-10-17,PayPal,11.67,success,1
TX0001382,PR000453,FL00191,1529,USD,2023-11-19,Crypto,5.57,success,1
TX0001383,,FL00222,468,GBP,2020-02-15,Bank Transfer,12.85,success,1
TX0001384,PR000472,FL00481,6774,USD,2021-03-26,PayPal,15.55,success,true
TX0001385,,FL00226,6587,GBP,2023-12-13,Bank Transfer,7.1,failed,1
TX0001386,PR000594,FL00416,2823,EUR,2024-04-22,PayPal,12.91,refunded,true
TX0001387,PR000446,,7026,USD,2022-05-11,Bank Transfer,19.43,success,1
TX0001388,PR000367,FL00024,7180,EUR,2021-08-16,Stripe,10.33,pending,false
TX0001389,PR000288,FL00260,3582,USD,2022-06-20,Payoneer,11.12,success,1
TX0001390,PR000880,FL00079,4385,PKR,2023-07-19,,19.3,success,False
TX0001391,PR000525,FL00435,,,2024-01-23,Stripe,15.1,success,False
TX0001392,PR000328,FL00236,2219,INR,2020-03-21,PayPal,19.61,success,true
TX0001393,,FL00445,2083,INR,2022-07-14,Bank Transfer,5.75,refunded,False
TX0001394,PR001145,FL00456,,USD,2023-02-02,Crypto,19.82,pending,1
TX0001395,PR000544,FL00194,,USD,2020-08-02,Payoneer,5.16,success,true
TX0001396,PR000896,FL00066,2051,,2021-03-27,,12.83,failed,false
TX0001397,PR000725,FL00023,637672,EUR,2021-02-24,Wise,7.99,success,False
TX0001398,PR001099,FL00257,4589,PKR,2021-08-05,Wise,19.47,failed,true
TX0001399,PR000253,FL00032,422,USD,2022-12-07,PayPal,12.71,success,False
TX0001400,PR001020,FL00439,714,EUR,2023-03-19,PAYONEER,10.88,success,true
TX0001401,PR001045,FL00393,4314,EUR,,Payoneer,10.2,refunded,0
TX0001402,PR000803,FL00096,6008,EUR,2022-05-25,Bank Transfer,11.28,refunded,False
TX0001403,PR001102,FL00306,-6105,GBP,2022-07-09,,19.59,failed,true
TX0001404,PR000382,FL00392,7516,INR,2023-08-04,Bank Transfer,17.65,pending,True
TX0001405,PR000060,FL00141,6517,INR,2024-07-15,Payoneer,10.21,pending,1
TX0001406,PR000069,FL00461,1939,BDT,2020-06-27,Bank Transfer,,refunded,true
TX0001407,PR001134,FL00306,2076,GBP,2024-01-18,Wise,8.37,success,true
TX0001408,PR001017,FL00001,7128,USD,2024-10-30,Stripe,18.42,failed,False
TX0001409,PR000873,FL00407,7063,PKR,2020-12-15,Payoneer,7.0,pending,0
TX0001410,PR000102,FL00005,7499,EUR,2021-07-17,,18.32,refunded,true
TX0001411,PR001090,FL00304,4029,GBP,2023-03-08,Crypto,18.84,refunded,0
TX0001412,PR000604,FL00330,4884,GBP,2023-01-26,Wise,12.81,failed,false
TX0001413,PR000973,FL00435,1484,USD,2020-04-07,Wise,9.3,success,false
TX0001414,PR000766,FL00095,7685,PKR,2022-03-24,Stripe,,failed,False
TX0001415,PR000665,FL00347,7727,USD,2020-12-04,Stripe,20.09,pending,true
TX0001416,PR000947,FL00163,1822,INR,2024-04-01,Payoneer,,success,false
TX0001417,PR000008,FL00093,318,BDT,2023-10-14,PayPal,11.42,failed,true
TX0001418,PR000971,,6718,BDT,2020-04-12,Stripe,8.2,failed,False
TX0001419,PR001193,FL00115,5404,EUR,2023-10-24,Wise,,success,false
TX0001420,PR000510,FL00191,5836,,2023-11-10,Payoneer,13.78,success,True
TX0001421,PR000191,FL00418,7304,EUR,2023-03-09,Stripe,9.62,pending,True
TX0001422,PR000336,FL00073,3567,USD,2023-09-19,Stripe,20.55,pending,True
TX0001423,PR000672,FL00368,4025,GBP,2020-06-25,PayPal,18.41,refunded,False
TX0001424,PR001192,FL00108,6222,BDT,2022-11-16,Payoneer,6.72,success,False
TX0001425,PR000482,FL00263,7429,USD,2023-07-31,Bank Transfer,6.75,refunded,True
TX0001426,PR001104,FL00374,7993,USD,,PAYONEER,20.51,success,False
TX0001427,PR000580,FL00004,6406,BDT,2024-06-19,PAYPAL,9.61,failed,false
TX0001428,,FL00209,4467,USD,2020-06-07,PAYONEER,15.14,refunded,1
TX0001429,PR001049,,994,GBP,2023-06-22,PayPal,8.18,refunded,false
TX0001430,PR000816,FL00038,,USD,2022-12-08,Wise,5.86,success,false
TX0001431,PR000639,FL00059,,BDT,2022-07-03,PayPal,9.61,success,1
TX0001432,PR000083,FL00113,3190,USD,2023-07-18,Crypto,14.66,pending,true
TX0001433,PR000878,FL00303,2189,BDT,2022-10-28,Crypto,11.08,pending,False
TX0001434,PR000876,FL00334,1597,GBP,2023-10-31,PayPal,19.67,success,1
TX0001435,PR000641,FL00345,3397,INR,2022-05-07,Wise,5.82,refunded,1
TX0001436,PR000550,FL00064,4673,EUR,2020-03-20,Payoneer,9.89,success,0
TX0001437,PR001023,FL00329,5531,BDT,2021-01-13,STRIPE,15.2,refunded,True
TX0001438,PR000467,FL00017,4616,PKR,,Payoneer,13.58,failed,True
TX0001439,PR000780,FL00238,5014,USD,2021-04-02,Payoneer,14.42,success,True
TX0001440,PR000800,FL00247,5280,GBP,2022-03-18,Payoneer,11.73,refunded,0
TX0001441,PR000689,FL00096,5081,INR,2023-09-30,Bank Transfer,12.5,success,0
TX0001442,PR000736,FL00404,5696,USD,2024-06-05,Crypto,14.86,success,false
TX0001443,PR001145,FL00429,4882,PKR,2022-01-09,Bank Transfer,10.03,success,False
TX0001444,PR000478,FL00058,271053,EUR,2024-04-26,Payoneer,20.8,pending,0
TX0001445,PR000488,FL00086,488,INR,2020-11-11,,19.68,success,True
TX0001446,PR000468,FL00087,5987,eur,,PayPal,12.17,failed,false
TX0001447,PR000041,FL00190,7844,USD,2023-11-17,PayPal,9.53,success,1
TX0001448,PR000166,FL00160,4712,PKR,2020-07-10,Bank Transfer,8.46,success,False
TX0001449,PR001019,FL00328,7613,USD,2020-11-04,,18.04,success,0
TX0001450,PR000793,FL00115,2178,USD,2022-10-15,Crypto,6.6,refunded,0
TX0001451,PR000549,FL00134,3292,INR,2022-02-25,Bank Transfer,19.18,failed,0
TX0001452,PR001166,FL00029,1433,USD,2023-06-25,Payoneer,8.82,success,False
TX0001453,PR000744,FL00383,7747,PKR,2021-06-19,Bank Transfer,5.21,refunded,False
TX0001454,PR000224,FL00008,3093,USD,2023-11-17,Payoneer,9.03,success,true
TX0001455,PR000697,FL00157,-3012,USD,2023-02-22,,11.96,success,True
TX0001456,PR001181,FL00481,-206,EUR,2022-06-21,Stripe,11.18,success,1
TX0001457,PR000475,FL00086,2831,eur,2023-07-15,PayPal,16.51,success,True
TX0001458,PR001125,FL00198,6207,USD,2022-02-28,Bank Transfer,8.18,success,1
TX0001459,PR000290,FL00290,5488,,2024-10-15,Wise,19.84,refunded,1
TX0001460,PR000837,FL00259,556,USD,2022-08-20,Stripe,11.69,success,0
TX0001461,PR000320,FL00318,6060,USD,2023-07-07,Payoneer,12.58,success,true
TX0001462,PR000872,FL00139,5930,BDT,2024-05-03,Bank Transfer,6.74,success,False
TX0001463,,FL00091,6945,USD,2020-09-23,Stripe,15.28,success,0
TX0001464,PR000216,FL00423,4899,USD,2021-03-10,Bank Transfer,5.62,success,false
TX0001465,PR001026,FL00196,3635,INR,2023-07-06,Payoneer,13.78,pending,true
TX0001466,PR000734,FL00211,6274,USD,2024-06-30,Wise,19.03,success,true
TX0001467,PR000066,FL00140,3029,PKR,2023-10-08,Payoneer,5.21,success,true
TX0001468,PR001065,FL00076,6116,PKR,2023-08-15,Bank Transfer,7.66,success,false
TX0001469,PR000588,FL00094,3406,BDT,2024-08-22,PayPal,9.45,pending,false
TX0001470,PR001055,FL00119,3910,USD,2022-10-11,Payoneer,5.15,success,false
TX0001471,PR001082,FL00353,4928,INR,2020-08-01,Crypto,13.2,success,True
TX0001472,PR001000,,899833,USD,2022-12-18,Payoneer,11.66,pending,False
TX0001473,PR000139,FL00360,3868,USD,2020-10-03,,6.25,success,0
TX0001474,PR000167,FL00005,1338,INR,2021-08-05,Stripe,15.97,pending,1
TX0001475,PR000525,FL00089,7514,USD,2020-03-19,Crypto,15.38,failed,False
TX0001476,PR001086,FL00343,964073,USD,2020-02-08,Payoneer,18.39,pending,True
TX0001477,PR000851,FL00119,6290,USD,2020-08-30,Wise,10.8,pending,False
TX0001478,PR001168,FL00030,590,USD,2023-05-18,Wise,11.68,success,true
TX0001479,PR000006,FL00275,7908,USD,2022-02-15,Crypto,16.1,pending,True
TX0001480,PR000850,FL00181,779,INR,2023-02-13,Crypto,11.65,pending,1
TX0001481,PR000748,FL00205,7244,BDT,,Bank Transfer,18.37,failed,0
TX0001482,PR000479,FL00348,2049,EUR,2022-12-04,Wise,14.69,success,1
TX0001483,PR000492,FL00038,5808,BDT,2024-04-25,Bank Transfer,6.51,refunded,true
TX0001484,PR000486,FL00441,2040,USD,2024-04-25,WISE,19.36,failed,0
TX0001485,PR000813,FL00076,2363,USD,2023-12-01,Bank Transfer,10.42,pending,False
TX0001486,PR000203,,5039,USD,2023-11-10,Stripe,19.71,success,False
TX0001487,PR000345,FL00254,4619,BDT,2024-12-04,Wise,,failed,true
TX0001488,PR000880,FL00056,-5595,INR,2023-01-22,,18.16,refunded,false
TX0001489,PR000571,FL00389,7918,USD,2024-07-15,Crypto,8.39,refunded,1
TX0001490,PR000711,FL00377,,PKR,2024-04-08,Crypto,11.97,success,0
TX0001491,PR000744,FL00394,7151,EUR,2023-11-23,Bank Transfer,8.44,success,0
TX0001492,PR000009,FL00039,6148,GBP,2024-08-07,Payoneer,18.06,failed,1
TX0001493,PR000139,FL00174,5464,EUR,2021-05-19,PayPal,7.42,success,False
TX0001494,PR001124,FL00339,3384,GBP,2024-07-23,Crypto,14.77,pending,true
TX0001495,PR000943,FL00490,,USD,2023-09-18,Stripe,16.37,success,false
TX0001496,PR000986,FL00389,2122,GBP,2023-03-11,PayPal,6.36,refunded,true
TX0001497,PR000143,FL00316,6870,BDT,,Crypto,16.7,refunded,0
TX0001498,PR000994,FL00400,1075,INR,2021-07-23,PayPal,17.66,success,0
TX0001499,PR001144,FL00304,7896,USD,2023-08-28,Payoneer,15.94,pending,1
TX0001500,PR000876,FL00243,-3346,USD,2022-04-10,Bank Transfer,8.91,success,True
TX0001501,PR001160,FL00025,6249,BDT,2024-04-22,Wise,13.0,refunded,0
TX0001502,PR000949,FL00184,7017,PKR,2021-09-14,Wise,17.22,success,false
TX0001503,PR000088,FL00152,493,USD,2023-09-20,Crypto,10.62,pending,true
TX0001504,PR000539,,3941,GBP,2023-09-16,Crypto,9.99,success,True
TX0001505,PR000326,FL00463,7082,USD,2022-02-25,Wise,14.22,pending,0
TX0001506,PR000353,FL00407,2301,USD,2021-04-14,Payoneer,11.49,refunded,1
TX0001507,PR000182,FL00208,2369,GBP,2020-11-29,Payoneer,14.87,success,0
TX0001508,PR000015,FL00260,4531,PKR,2023-07-05,Wise,8.33,success,False
TX0001509,PR000401,FL00298,7029,USD,2023-01-06,Wise,12.29,success,false
TX0001510,PR001175,FL00342,4711,BDT,2022-06-28,Wise,17.38,failed,False
TX0001511,PR001043,FL00200,7465,EUR,2024-08-19,Stripe,13.8,pending,1
TX0001512,PR001043,FL00351,1214,usd,2023-07-27,Payoneer,14.42,success,0
TX0001513,PR000431,FL00032,6553,INR,2023-02-21,Wise,13.91,success,False
TX0001514,PR000465,FL00220,2658,USD,2022-11-13,PayPal,19.97,pending,False
TX0001515,PR000150,FL00364,1590,USD,2024-03-11,,11.43,success,1
TX0001516,PR000545,FL00353,6159,USD,2023-01-11,Wise,10.36,success,1
TX0001517,PR000343,FL00288,272197,USD,2021-06-14,PayPal,19.93,refunded,1
TX0001518,PR001059,FL00375,4926,PKR,2021-10-11,Wise,6.64,success,1
TX0001519,PR000187,FL00174,963578,GBP,2024-03-03,Crypto,8.82,success,1
TX0001520,PR000364,FL00469,3461,USD,2023-04-01,Crypto,6.99,refunded,0
TX0001521,PR000486,FL00408,6973,BDT,2020-08-20,Crypto,20.31,success,False
TX0001522,PR000141,FL00223,7088,PKR,2021-12-02,Bank Transfer,13.16,pending,True
TX0001523,PR000461,FL00131,144,BDT,2020-02-22,Crypto,19.85,success,True
TX0001524,PR000809,FL00333,290,BDT,2020-09-29,Crypto,14.69,success,0
TX0001525,PR001182,FL00317,1693,INR,2021-02-11,Payoneer,18.75,refunded,False
TX0001526,PR000819,FL00272,3977,PKR,2021-08-14,PayPal,20.8,success,false
TX0001527,PR000683,FL00073,2932,PKR,,Wise,11.72,success,False
TX0001528,PR000363,FL00384,2527,USD,2022-08-30,PayPal,7.46,pending,true
TX0001529,PR000471,FL00364,3679,USD,2020-09-28,Wise,15.43,success,1
TX0001530,PR000477,FL00327,7335,GBP,2021-11-25,PayPal,17.85,success,1
TX0001531,PR000498,FL00295,2106,EUR,,Wise,10.44,pending,true
TX0001532,PR000244,,6261,,2020-03-31,Stripe,7.49,failed,True
TX0001533,PR000423,FL00349,814,INR,2024-04-02,PayPal,12.13,failed,False
TX0001534,PR000299,FL00356,6484,BDT,2020-05-11,Wise,15.55,pending,True
TX0001535,PR001067,FL00016,7278,USD,2023-08-18,Wise,5.43,success,true
TX0001536,PR000062,FL00173,3874,GBP,2022-08-21,Bank Transfer,17.01,failed,0
TX0001537,PR000701,FL00080,3013,USD,2020-06-02,,,refunded,false
TX0001538,PR000329,FL00262,706,PKR,2020-10-27,Crypto,17.63,refunded,false
TX0001539,PR000206,,4490,BDT,2024-12-26,Payoneer,18.5,success,0
TX0001540,PR000167,FL00407,4796,INR,2021-06-13,Bank Transfer,14.08,success,true
TX0001541,PR000918,FL00288,6646,INR,2022-12-11,Payoneer,8.51,failed,False
TX0001542,PR000666,FL00400,5232,PKR,2024-02-10,Crypto,5.94,pending,False
TX0001543,PR000402,FL00310,4873,BDT,2022-05-05,PayPal,17.68,pending,1
TX0001544,PR000447,,7183,PKR,,Payoneer,17.92,success,true
TX0001545,PR000269,FL00228,1120,USD,2023-06-06,Bank Transfer,9.48,refunded,false
TX0001546,PR000318,FL00383,5671,,2022-04-01,Wise,17.91,success,false
TX0001547,PR000378,FL00062,1930,USD,2020-08-12,PAYONEER,12.64,pending,False
TX0001548,PR000840,FL00132,6924,GBP,2024-12-01,PayPal,9.46,pending,true
TX0001549,PR000131,,5676,USD,2023-07-13,Stripe,16.47,success,0
TX0001550,PR001151,FL00495,7012,USD,2023-10-20,Wise,12.61,success,True
TX0001551,PR000575,FL00230,3838,PKR,2022-11-23,Bank Transfer,13.31,success,0
TX0001552,PR000968,FL00443,2815,USD,2022-03-10,Stripe,8.31,success,0
TX0001553,PR000290,FL00142,4903,USD,,BANK TRANSFER,17.69,success,true
TX0001554,PR000046,FL00262,2575,USD,2020-08-18,Wise,14.52,refunded,true
TX0001555,PR000827,FL00176,4489,INR,2023-06-13,Payoneer,15.99,failed,1
TX0001556,PR000746,FL00290,5788,INR,2020-09-21,Bank Transfer,9.83,success,False
TX0001557,PR000089,FL00259,3212,GBP,2020-07-10,Payoneer,18.71,failed,0
TX0001558,PR000858,FL00448,804,INR,2024-11-05,Crypto,19.35,success,True
TX0001559,PR000025,FL00435,-500,USD,2022-05-04,Stripe,7.72,refunded,False
TX0001560,PR000119,FL00133,-3669,PKR,2024-12-19,Wise,17.33,success,1
TX0001561,PR000996,FL00073,3495,INR,2023-03-15,Wise,6.16,failed,False
TX0001562,PR001032,,7785,USD,2024-05-10,Bank Transfer,18.21,failed,true
TX0001563,PR000472,FL00169,2367,,2024-12-06,Stripe,20.65,failed,False
TX0001564,PR000420,FL00222,3152,USD,2022-01-23,PayPal,16.33,success,True
TX0001565,PR000047,FL00037,1768,BDT,2022-03-17,PAYPAL,20.0,pending,true
TX0001566,PR000429,FL00497,1627,BDT,2024-12-29,PayPal,7.58,pending,True
TX0001567,PR000190,FL00017,5866,GBP,2021-02-15,Stripe,10.64,failed,false
TX0001568,PR000486,FL00500,3281,PKR,2020-06-29,PayPal,16.99,success,0
TX0001569,PR000941,FL00062,1212,BDT,2022-12-28,Crypto,6.16,pending,False
TX0001570,PR000612,FL00362,7917,INR,2020-08-23,Crypto,11.89,failed,False
TX0001571,PR000645,FL00176,3503,EUR,2021-06-09,Payoneer,10.38,failed,false
TX0001572,,FL00032,2684,EUR,,Crypto,14.55,success,false
TX0001573,PR000136,,455,PKR,2020-10-22,Stripe,16.11,failed,false
TX0001574,PR000828,FL00453,2513,INR,2020-08-14,Stripe,11.46,refunded,0
TX0001575,PR000449,FL00452,3375,PKR,,PayPal,10.35,refunded,false
TX0001576,PR000866,FL00237,3920,,2021-10-19,Wise,18.2,pending,False
TX0001577,PR000910,FL00392,5162,USD,2021-04-17,STRIPE,12.86,success,false
TX0001578,PR000940,FL00076,7453,USD,2022-03-13,Bank Transfer,6.64,success,False
TX0001579,PR000454,FL00379,5887,EUR,2024-03-28,PayPal,9.72,success,False
TX0001580,PR000329,FL00394,597,USD,2024-10-21,Wise,11.75,pending,1
TX0001581,PR000256,FL00259,4369,USD,2024-09-28,Bank Transfer,5.85,pending,true
TX0001582,PR000012,FL00316,,PKR,2023-01-09,Payoneer,10.91,failed,false
TX0001583,PR000866,FL00494,1967,USD,2022-03-16,CRYPTO,8.36,success,false
TX0001584,,FL00309,5984,USD,2022-12-23,Bank Transfer,15.49,success,0
TX0001585,PR000863,FL00459,7826,USD,2023-10-07,PayPal,20.6,success,0
TX0001586,PR000536,FL00493,4290,BDT,2020-11-21,PayPal,12.17,refunded,0
TX0001587,PR000161,FL00161,4984,BDT,2021-03-01,Bank Transfer,18.9,success,1
TX0001588,PR000097,FL00366,,USD,2022-02-03,PayPal,6.32,failed,true
TX0001589,PR000647,FL00303,5193,USD,2024-05-04,Stripe,10.05,success,True
TX0001590,PR001015,FL00258,759,PKR,2020-06-20,Payoneer,11.13,refunded,true
TX0001591,PR000259,FL00249,4517,GBP,2022-05-21,Crypto,14.95,refunded,true
TX0001592,PR000374,FL00099,6053,INR,2021-05-29,Bank Transfer,10.19,success,0
TX0001593,PR000498,FL00073,5990,EUR,2024-12-29,Bank Transfer,9.86,refunded,false
TX0001594,PR000389,FL00256,5877,BDT,2024-10-05,Wise,17.29,failed,True
TX0001595,PR000235,FL00499,91,PKR,2022-05-17,Stripe,13.19,success,false
TX0001596,,FL00462,7709,PKR,2023-12-16,PayPal,18.72,success,true
TX0001597,PR000170,FL00220,6701,USD,2024-11-09,Stripe,8.46,success,0
TX0001598,PR000446,FL00218,5739,USD,2021-03-25,STRIPE,12.95,failed,true
TX0001599,PR000400,FL00136,2683,pkr,2020-01-16,Bank Transfer,11.78,refunded,true
TX0001600,PR000244,FL00385,4811,PKR,2021-03-16,Payoneer,19.23,pending,0
TX0001601,PR001108,FL00376,6271,BDT,2022-05-17,Stripe,6.09,refunded,False
TX0001602,PR000125,FL00357,-3251,USD,2021-07-20,Crypto,10.63,failed,true
TX0001603,PR000897,,903745,USD,2024-05-20,Stripe,,refunded,0
TX0001604,PR000291,FL00121,2935,USD,2023-01-12,Wise,11.57,success,false
TX0001605,PR000881,FL00295,-5653,GBP,2020-08-11,Crypto,9.44,success,True
TX0001606,PR001116,,-7814,EUR,2024-03-30,PayPal,18.13,pending,true
TX0001607,PR000544,FL00392,2809,INR,2021-02-18,PayPal,14.25,pending,true
TX0001608,PR000052,FL00423,183033,gbp,2023-03-15,Bank Transfer,14.28,refunded,false
TX0001609,PR000637,FL00016,7221,BDT,,Stripe,19.33,pending,0
TX0001610,PR000595,FL00393,2770,BDT,2021-10-24,Stripe,8.92,pending,1
TX0001611,PR000488,FL00221,4187,USD,2022-05-17,Stripe,7.04,pending,true
TX0001612,PR001137,FL00226,5086,BDT,,Crypto,13.48,failed,False
TX0001613,PR000653,FL00206,3502,USD,2022-11-26,Wise,19.44,success,false
TX0001614,PR000654,FL00451,7696,PKR,2020-09-12,Wise,5.57,pending,True
TX0001615,PR000900,FL00134,7995,USD,2022-03-01,Bank Transfer,,refunded,0
TX0001616,PR000286,FL00474,866,USD,2021-09-24,Crypto,20.4,pending,false
TX0001617,PR000761,FL00021,2515,USD,2020-06-23,Payoneer,9.59,success,True
TX0001618,PR000868,FL00044,5930,USD,2021-07-08,Wise,12.78,success,True
TX0001619,PR000115,FL00232,2744,PKR,2024-01-17,Stripe,18.21,success,1
TX0001620,PR000907,FL00484,3229,INR,2024-08-18,PayPal,10.43,pending,false
TX0001621,PR000976,FL00453,5757,INR,2021-01-06,Wise,6.71,failed,1
TX0001622,PR000599,FL00397,1919,BDT,2022-02-13,Stripe,11.22,pending,false
TX0001623,PR000751,FL00013,,USD,2021-10-11,Stripe,18.62,success,1
TX0001624,PR001060,FL00391,1569,INR,2020-09-03,Crypto,12.05,pending,False
TX0001625,PR000056,FL00056,4924,inr,2024-03-01,Payoneer,14.66,pending,False
TX0001626,PR000447,FL00062,-3868,USD,2022-02-01,PayPal,11.33,success,1
TX0001627,PR000094,FL00318,,INR,2020-06-09,PayPal,5.19,pending,1
TX0001628,PR000036,FL00028,5969,PKR,2024-10-20,Payoneer,19.96,failed,false
TX0001629,PR000777,FL00112,7743,GBP,,Stripe,15.54,failed,False
TX0001630,PR000935,FL00160,2775,USD,2020-12-24,PayPal,20.32,success,1
TX0001631,PR001199,FL00086,-392,GBP,2021-06-12,PayPal,20.16,success,true
TX0001632,PR000574,FL00262,5978,USD,2024-08-02,Bank Transfer,20.96,pending,0
TX0001633,PR000276,FL00421,7684,PKR,2021-11-14,Wise,12.9,success,true
TX0001634,PR000231,FL00116,1452,BDT,2023-09-14,,6.6,pending,false
TX0001635,PR000849,FL00143,574939,EUR,,Payoneer,7.89,failed,False
TX0001636,PR000449,FL00274,3172,PKR,2023-10-03,Crypto,11.79,pending,True
TX0001637,PR001129,FL00057,998,PKR,2024-06-29,Crypto,11.15,pending,false
TX0001638,PR000344,,-4729,EUR,2021-06-01,Wise,10.03,success,0
TX0001639,PR000512,FL00149,6057,USD,2021-10-21,,12.68,success,0
TX0001640,PR000794,FL00309,1661,USD,2021-04-12,Stripe,7.04,failed,False
TX0001641,PR000482,FL00414,773,PKR,2022-10-07,Wise,17.12,failed,true
TX0001642,PR001196,FL00311,7121,usd,2022-06-11,Payoneer,9.09,success,True
TX0001643,PR001195,FL00064,4239,USD,2024-11-17,,13.63,success,False
TX0001644,PR000228,FL00414,5524,USD,2021-09-09,Crypto,13.88,success,True
TX0001645,PR001007,FL00325,5750,PKR,2020-11-02,Crypto,14.63,failed,true
TX0001646,PR001103,FL00342,4034,GBP,2022-06-01,Crypto,14.36,success,0
TX0001647,PR000155,FL00261,2367,usd,2021-06-10,Stripe,15.39,refunded,false
TX0001648,PR000546,FL00168,2201,INR,2020-02-06,Crypto,7.66,success,True
TX0001649,PR000537,,3880,GBP,2020-07-13,Bank Transfer,9.69,success,True
TX0001650,PR000029,FL00302,6081,INR,2024-04-06,Payoneer,20.12,failed,false
TX0001651,PR000814,FL00240,583,PKR,2022-07-09,Crypto,17.85,failed,1
TX0001652,PR000838,FL00303,7741,BDT,2021-06-16,Bank Transfer,15.5,success,false
TX0001653,PR000957,FL00274,4907,gbp,2020-03-05,Crypto,6.06,failed,0
TX0001654,PR001060,FL00121,,INR,2020-03-18,Stripe,17.72,pending,True
TX0001655,PR001143,FL00288,4588,USD,2022-06-05,Payoneer,6.2,refunded,0
TX0001656,PR000569,FL00437,881,BDT,2024-12-27,Bank Transfer,19.28,success,1
TX0001657,PR000914,FL00078,1487,GBP,2022-08-01,Crypto,9.84,failed,true
TX0001658,PR000495,FL00365,1327,PKR,2021-01-30,PayPal,16.35,refunded,1
TX0001659,PR000618,FL00214,3505,EUR,2024-05-26,Crypto,18.41,success,0
TX0001660,PR000604,FL00234,4081,USD,2020-04-06,Crypto,14.54,success,0
TX0001661,PR000412,FL00317,2091,GBP,2024-09-13,PayPal,7.93,failed,false
TX0001662,PR000178,FL00259,7678,USD,2020-07-07,Payoneer,18.18,failed,0
TX0001663,PR001077,FL00418,-4685,USD,2023-02-05,PAYPAL,14.63,success,0
TX0001664,PR000405,FL00185,-5128,USD,2020-07-05,Bank Transfer,8.89,refunded,true
TX0001665,PR000663,FL00243,7863,BDT,2023-05-15,PayPal,9.18,success,False
TX0001666,PR000056,FL00308,5838,usd,2024-06-20,Wise,,success,false
TX0001667,PR000328,FL00063,5954,USD,2024-07-16,Crypto,12.88,failed,1
TX0001668,PR000685,FL00172,3007,USD,2022-06-20,Payoneer,7.21,success,False
TX0001669,PR000065,FL00224,3360,,2023-07-30,Crypto,16.37,success,false
TX0001670,PR000119,FL00086,379,EUR,2022-10-21,PayPal,17.08,failed,true
TX0001671,PR000015,FL00174,711654,PKR,2020-04-26,,,refunded,false
TX0001672,PR000936,FL00083,744,USD,2022-08-18,PAYONEER,8.22,success,False
TX0001673,PR000575,FL00203,2402,PKR,2022-09-01,PayPal,17.13,success,1
TX0001674,PR000249,FL00158,6826,USD,2023-05-27,Wise,,success,False
TX0001675,PR000716,FL00327,3893,PKR,2021-07-18,Wise,20.9,success,False
TX0001676,PR000953,FL00308,1861,USD,2021-10-15,Payoneer,,success,False
TX0001677,PR001118,FL00043,401214,USD,2022-02-24,Stripe,18.27,success,True
TX0001678,PR000864,FL00171,6780,INR,2020-01-12,Payoneer,14.17,refunded,0
TX0001679,PR000288,FL00292,7134,USD,2024-09-08,Wise,12.12,success,True
TX0001680,PR000785,FL00178,-5160,USD,2021-10-26,,15.31,pending,1
TX0001681,PR000500,FL00384,3589,USD,2020-04-09,Bank Transfer,13.74,success,0
TX0001682,,,,usd,2024-11-20,Bank Transfer,15.86,pending,1
TX0001683,PR001185,FL00204,6925,BDT,2022-09-07,PayPal,15.19,success,True
TX0001684,PR000720,FL00005,3892,bdt,2023-12-14,Wise,19.24,failed,0
TX0001685,PR000553,FL00210,3352,USD,2024-01-02,Stripe,14.88,failed,True
TX0001686,PR000760,FL00311,4535,USD,2024-08-08,Bank Transfer,9.23,pending,true
TX0001687,PR000198,,2977,PKR,2022-02-04,Payoneer,9.0,success,true
TX0001688,PR001130,FL00350,1163,USD,2024-11-03,Crypto,16.6,success,true
TX0001689,PR001145,FL00267,7794,GBP,2023-08-04,Bank Transfer,13.04,success,false
TX0001690,PR000372,FL00065,6589,USD,2021-02-13,PAYONEER,10.04,success,1
TX0001691,PR000197,FL00416,3776,,2021-10-10,Payoneer,7.57,failed,1
TX0001692,PR000648,FL00308,7899,USD,2024-06-03,Wise,10.37,success,False
TX0001693,PR000644,FL00320,5580,PKR,2020-08-24,Payoneer,16.73,success,false
TX0001694,PR000640,FL00130,433,USD,2020-03-26,Payoneer,7.3,refunded,false
TX0001695,PR001107,,5450,pkr,2024-04-30,Wise,16.63,refunded,False
TX0001696,PR000286,FL00006,7154,BDT,,Bank Transfer,5.66,success,1
TX0001697,PR001135,FL00210,7449,INR,2024-11-24,Stripe,8.61,success,1
TX0001698,PR000314,FL00307,2010,USD,2024-08-05,Stripe,20.59,success,0
TX0001699,PR000087,FL00374,663,EUR,2024-10-09,Crypto,9.22,pending,False
TX0001700,,FL00076,1514,EUR,2023-11-04,Stripe,13.53,refunded,false
TX0001701,PR001134,FL00116,6669,USD,2023-03-19,Stripe,14.78,success,true
TX0001702,PR000359,FL00461,2211,USD,2024-07-08,Wise,10.38,success,false
TX0001703,PR000340,FL00169,3393,GBP,2024-04-25,Payoneer,6.43,success,True
TX0001704,PR000051,FL00111,7371,USD,,PayPal,11.8,success,0
TX0001705,PR000347,FL00084,3811,USD,2021-09-15,Bank Transfer,17.04,success,False
TX0001706,PR000117,FL00380,410299,PKR,2021-04-24,Wise,5.07,success,0
TX0001707,PR000892,FL00352,6241,BDT,2023-01-01,Crypto,9.8,failed,True
TX0001708,PR000510,FL00076,777,USD,2024-01-01,Payoneer,12.91,refunded,false
TX0001709,PR000392,FL00072,2095,EUR,2023-10-07,CRYPTO,17.78,success,True
TX0001710,PR000867,FL00257,2703,GBP,2024-08-27,Bank Transfer,11.44,success,false
TX0001711,PR001137,FL00117,4891,USD,2021-12-16,PayPal,6.58,success,True
TX0001712,PR000468,FL00455,,USD,2022-10-24,Wise,9.3,refunded,false
TX0001713,PR000804,FL00051,-3863,GBP,2021-10-16,Crypto,11.01,success,True
TX0001714,PR000395,FL00105,86,BDT,2021-07-23,Crypto,13.82,refunded,false
TX0001715,PR000228,FL00329,1518,GBP,2020-08-31,Bank Transfer,10.86,failed,False
TX0001716,PR000531,FL00288,476128,INR,2024-07-16,Payoneer,,success,1
TX0001717,PR001035,FL00109,2532,EUR,2020-11-27,Bank Transfer,8.01,success,true
TX0001718,PR000227,FL00068,-4195,,2020-11-26,Crypto,18.24,success,false
TX0001719,PR000307,FL00291,1608,GBP,,PayPal,15.11,success,False
TX0001720,PR000439,FL00435,5593,USD,2023-03-07,,12.05,failed,0
TX0001721,PR001157,FL00029,3401,BDT,2020-02-27,Stripe,17.16,pending,1
TX0001722,PR001126,FL00253,127,USD,2020-09-20,Wise,14.46,success,1
TX0001723,PR000987,FL00084,5879,USD,2020-12-30,Wise,9.9,failed,False
TX0001724,PR000627,FL00071,1324,BDT,,Bank Transfer,16.55,success,True
TX0001725,PR000645,FL00188,7148,USD,2022-11-24,,16.39,success,False
TX0001726,PR000794,FL00462,2595,USD,2020-12-26,Wise,20.63,success,true
TX0001727,PR000443,FL00399,1366,USD,2021-06-14,Payoneer,18.47,pending,False
TX0001728,PR001006,FL00067,4681,GBP,2023-05-18,Crypto,8.7,failed,false
TX0001729,PR000538,FL00334,4473,INR,2020-03-01,Bank Transfer,8.48,success,0
TX0001730,PR000183,FL00328,3304,USD,2022-07-28,Payoneer,20.1,refunded,False
TX0001731,PR001165,FL00417,7627,BDT,2021-04-20,Stripe,18.27,refunded,0
TX0001732,PR000051,FL00114,3921,USD,2022-11-25,Crypto,10.12,refunded,true
TX0001733,PR001190,FL00488,5857,EUR,2022-02-01,Stripe,15.66,success,True
TX0001734,PR000617,FL00205,7564,USD,2024-07-27,Crypto,12.65,success,False
TX0001735,PR000714,FL00030,7757,EUR,2024-05-22,Stripe,14.38,success,0
TX0001736,PR000285,FL00006,3550,USD,2020-04-24,Bank Transfer,20.48,failed,True
TX0001737,PR001055,FL00040,1506,USD,2023-01-15,Bank Transfer,16.33,refunded,1
TX0001738,PR000126,FL00248,4855,PKR,2020-06-04,Payoneer,5.61,success,false
TX0001739,PR000995,FL00187,6617,GBP,2023-01-23,Stripe,7.07,success,False
TX0001740,,FL00059,792756,GBP,2022-05-15,Bank Transfer,7.61,success,True
TX0001741,PR000205,FL00291,360129,USD,2021-01-21,Payoneer,5.75,refunded,1
TX0001742,PR001149,FL00407,1100,EUR,2021-12-28,Payoneer,7.56,success,0
TX0001743,PR000955,FL00282,1452,BDT,2024-01-14,Payoneer,,refunded,true
TX0001744,PR000914,FL00239,1998,BDT,2023-12-20,Bank Transfer,,pending,1
TX0001745,PR000961,FL00031,6393,USD,2024-12-09,Crypto,15.28,failed,true
TX0001746,PR000307,FL00048,,usd,2021-08-01,Stripe,8.77,success,false
TX0001747,PR000102,FL00462,6487,BDT,2024-06-10,,18.83,failed,True
TX0001748,PR000429,FL00366,7987,PKR,2024-07-23,Crypto,8.78,success,0
TX0001749,PR001009,FL00255,713,GBP,,,10.52,failed,true
TX0001750,PR001196,FL00067,-6029,PKR,2021-12-04,Wise,20.74,failed,0
TX0001751,PR001094,FL00382,5538,BDT,2023-05-14,Crypto,18.96,pending,0
TX0001752,,FL00288,3399,USD,2022-11-29,Wise,7.45,success,false
TX0001753,PR000936,FL00197,4543,USD,2024-10-26,Payoneer,13.96,success,True
TX0001754,PR000463,FL00262,4716,,2021-11-06,Payoneer,19.93,failed,True
TX0001755,PR000016,FL00333,5134,EUR,2022-10-02,Payoneer,9.0,pending,False
TX0001756,PR000941,FL00413,2578,USD,2022-05-20,Bank Transfer,12.19,pending,False
TX0001757,PR000153,FL00171,1175,pkr,2024-06-21,Bank Transfer,15.25,success,1
TX0001758,PR000789,FL00500,2201,INR,2022-08-17,Stripe,15.46,success,false
TX0001759,PR000270,FL00291,645359,USD,2021-03-08,,,pending,0
TX0001760,PR001085,FL00002,1448,INR,2024-12-24,Bank Transfer,14.88,refunded,1
TX0001761,PR000881,FL00336,7324,INR,2022-12-22,Bank Transfer,19.79,success,true
TX0001762,PR000681,FL00021,431,USD,2024-09-27,Crypto,8.36,failed,False
TX0001763,PR000791,FL00195,4349,USD,2023-04-14,Crypto,6.46,success,false
TX0001764,PR001111,FL00404,1577,BDT,2022-12-06,Stripe,7.21,pending,1
TX0001765,PR000720,FL00318,556021,INR,2021-10-11,Crypto,20.92,refunded,true
TX0001766,PR000005,FL00172,4812,USD,2023-04-05,PayPal,10.64,failed,0
TX0001767,PR000072,FL00266,3371,EUR,2022-03-11,Payoneer,10.07,success,true
TX0001768,PR000782,FL00297,1936,USD,2022-04-18,Crypto,13.08,success,false
TX0001769,PR000683,FL00406,1933,EUR,2022-11-20,Payoneer,8.04,failed,true
TX0001770,PR000767,FL00194,4927,USD,2020-10-07,Stripe,19.05,pending,false
TX0001771,PR001058,FL00414,5414,BDT,2021-04-18,Bank Transfer,,failed,False
TX0001772,PR000927,FL00233,5220,USD,2023-01-27,Stripe,18.84,success,False
TX0001773,PR000833,FL00250,6531,USD,2022-07-10,Crypto,10.32,success,1
TX0001774,PR001115,FL00193,4018,INR,2024-09-23,Payoneer,9.74,failed,1
TX0001775,PR000216,FL00198,1575,PKR,2022-05-01,Crypto,,failed,false
TX0001776,PR000506,FL00441,4130,GBP,2020-03-12,,17.1,pending,0
TX0001777,PR000587,FL00422,4786,GBP,2020-08-25,Stripe,18.1,refunded,1
TX0001778,PR001080,FL00072,6461,USD,,Wise,19.4,refunded,false
TX0001779,PR000273,FL00448,1341,GBP,2022-12-02,Bank Transfer,9.67,success,1
TX0001780,,FL00357,-3045,USD,2024-10-04,Crypto,15.47,success,False
TX0001781,PR000994,FL00304,79,EUR,2022-11-15,Wise,19.92,success,True
TX0001782,PR000416,FL00486,,INR,2021-06-01,Stripe,20.23,failed,True
TX0001783,PR000858,FL00448,1042,EUR,2024-01-06,Wise,9.9,success,false
TX0001784,PR000478,FL00188,478,USD,2022-06-01,Stripe,17.24,success,False
TX0001785,PR001012,,2120,EUR,,Payoneer,19.4,success,false
TX0001786,PR000207,FL00339,6510,PKR,2021-02-23,Wise,11.03,pending,false
TX0001787,PR000186,FL00398,555292,PKR,2022-08-04,Stripe,12.45,success,0
TX0001788,PR000068,FL00362,1986,BDT,2024-11-11,Crypto,10.83,success,true
TX0001789,PR000617,FL00491,1965,INR,2021-06-20,Payoneer,14.01,success,True
TX0001790,PR000634,FL00146,100358,,2021-10-22,Bank Transfer,,success,True
TX0001791,PR000020,FL00400,985941,INR,2020-11-12,Stripe,13.57,failed,0
TX0001792,PR000381,FL00324,5381,EUR,2023-06-13,Crypto,10.84,failed,true
TX0001793,PR001143,FL00485,6116,BDT,2021-12-31,Stripe,8.48,success,False
TX0001794,PR000398,FL00104,3540,INR,2020-09-02,Wise,,success,True
TX0001795,PR000117,FL00264,6887,BDT,2021-09-17,Bank Transfer,15.27,success,False
TX0001796,PR000583,FL00156,7993,USD,,Payoneer,7.76,pending,False
TX0001797,PR000424,FL00471,-5439,,2020-11-13,Wise,14.49,success,0
TX0001798,PR000628,FL00485,3164,GBP,2022-12-04,PayPal,11.55,success,False
TX0001799,PR000361,FL00308,7079,PKR,2023-06-12,Crypto,19.19,failed,False
TX0001800,PR000155,FL00354,131,BDT,2022-09-08,PayPal,14.54,success,True
TX0001801,,FL00268,4478,USD,2022-03-20,Wise,11.51,success,1
TX0001802,PR000393,FL00156,5432,BDT,2023-09-29,Payoneer,19.7,success,True
TX0001803,PR001136,FL00421,3737,GBP,2020-09-09,Crypto,9.07,success,true
TX0001804,PR000765,FL00307,6969,USD,2021-01-13,Payoneer,7.71,pending,True
TX0001805,PR000090,FL00321,877,BDT,2024-07-01,Payoneer,7.29,success,true
TX0001806,PR000782,FL00260,2802,GBP,2024-03-22,Stripe,10.43,success,false
TX0001807,PR000856,FL00153,673839,USD,,Payoneer,13.33,failed,false
TX0001808,PR000742,FL00299,6543,BDT,2020-08-06,Bank Transfer,13.98,success,True
TX0001809,PR000942,FL00113,556358,BDT,2023-02-20,Wise,6.01,failed,1
TX0001810,PR000739,FL00458,-4537,USD,2021-10-24,Wise,16.8,pending,false
TX0001811,PR000369,FL00049,3737,USD,,WISE,18.25,pending,False
TX0001812,PR000158,FL00071,4052,BDT,2022-05-17,Bank Transfer,16.72,failed,true
TX0001813,PR000345,FL00367,7724,USD,2020-12-29,,5.92,pending,false
TX0001814,PR000213,FL00414,1046,USD,2021-02-09,Bank Transfer,6.31,success,True
TX0001815,PR000887,FL00394,500,BDT,2020-05-15,Wise,,failed,0
TX0001816,PR000622,FL00211,4031,GBP,2020-01-27,Bank Transfer,18.34,success,True
TX0001817,,FL00380,6960,INR,2020-09-30,Wise,18.6,success,false
TX0001818,PR000532,FL00100,6957,USD,2024-12-11,Stripe,13.46,success,true
TX0001819,PR000406,FL00440,6051,USD,2022-12-08,Wise,8.87,success,False
TX0001820,PR000571,FL00458,5592,INR,2021-01-13,Crypto,13.81,refunded,false
TX0001821,PR000690,FL00253,5778,USD,2023-07-30,Stripe,10.4,pending,true
TX0001822,PR001165,FL00361,6622,USD,2021-05-23,PayPal,19.93,success,True
TX0001823,PR000786,,-6628,PKR,2021-08-09,Payoneer,12.69,success,true
TX0001824,PR001146,FL00136,3722,INR,2022-10-24,Wise,16.65,failed,false
TX0001825,PR000021,FL00409,7695,GBP,2024-08-08,Payoneer,6.59,refunded,false
TX0001826,PR000647,FL00323,3821,EUR,2021-12-27,,11.78,failed,False
TX0001827,PR001131,FL00196,-611,INR,2024-11-24,Payoneer,12.23,failed,0
TX0001828,PR001200,FL00045,6524,USD,2021-07-22,Stripe,,success,0
TX0001829,PR000165,FL00264,,PKR,2022-07-12,Bank Transfer,6.49,refunded,false
TX0001830,PR000186,FL00138,243,GBP,2024-07-09,Wise,8.98,success,false
TX0001831,PR001132,FL00026,1608,INR,2021-11-15,PayPal,17.29,refunded,1
TX0001832,PR000272,FL00143,4599,USD,2023-11-26,Stripe,19.32,success,False
TX0001833,PR000378,FL00188,972,USD,2024-06-30,Bank Transfer,8.17,success,1
TX0001834,PR000718,FL00371,2634,INR,2024-04-20,Stripe,8.58,failed,true
TX0001835,PR000537,FL00033,4181,USD,2020-10-19,Wise,7.6,success,false
TX0001836,PR000027,FL00319,3760,USD,2022-10-26,Payoneer,13.02,success,true
TX0001837,PR000316,FL00122,6118,BDT,2020-01-22,Stripe,7.75,success,1
TX0001838,PR001102,FL00465,2188,USD,2021-10-17,Bank Transfer,9.46,pending,false
TX0001839,PR000541,FL00456,7433,EUR,2024-03-25,PAYONEER,16.07,success,false
TX0001840,PR001192,FL00415,2330,BDT,2020-08-05,Crypto,18.08,refunded,1
TX0001841,PR000155,FL00170,1559,USD,2024-12-30,Crypto,5.15,success,true
TX0001842,PR000547,FL00374,309,EUR,2021-11-29,Crypto,10.08,success,1
TX0001843,PR001085,,,USD,2022-02-28,Stripe,20.0,success,true
TX0001844,PR000749,FL00249,2829,PKR,2021-06-23,Wise,19.93,success,0
TX0001845,PR000529,FL00018,3484,BDT,2023-05-28,Wise,12.5,refunded,True
TX0001846,,FL00480,5218,USD,2021-01-27,PAYPAL,8.34,pending,False
TX0001847,PR000921,FL00483,-1544,PKR,2023-11-04,Crypto,6.76,pending,1
TX0001848,PR000823,FL00446,3982,USD,2022-07-28,Bank Transfer,15.46,refunded,False
TX0001849,PR001106,FL00349,,USD,2024-11-13,Stripe,15.62,success,0
TX0001850,PR001034,FL00011,1778,USD,2024-11-21,Crypto,15.09,success,True
TX0001851,PR000991,FL00470,5095,GBP,2021-03-22,Stripe,10.28,refunded,1
TX0001852,PR000802,FL00131,2013,GBP,2020-09-08,Payoneer,6.86,pending,1
TX0001853,PR000364,FL00132,476,PKR,2021-01-06,Payoneer,12.21,success,True
TX0001854,,FL00288,7369,INR,2023-01-25,PayPal,8.78,pending,false
TX0001855,PR000233,FL00218,2700,USD,2021-09-12,Payoneer,7.0,success,true
TX0001856,PR000601,FL00265,6466,USD,2021-03-01,PayPal,16.82,success,True
TX0001857,PR000035,FL00476,-347063,GBP,2022-11-09,Crypto,19.55,success,0
TX0001858,PR000706,FL00222,1561,USD,2020-06-01,Wise,7.11,refunded,True
TX0001859,PR000440,FL00018,6930,PKR,2024-12-08,Payoneer,12.28,failed,1
TX0001860,PR000856,FL00427,1316,USD,2020-01-22,Stripe,18.67,success,False
TX0001861,PR000813,FL00321,7325,INR,2022-10-19,PayPal,14.32,success,0
TX0001862,PR000224,,6019,usd,2020-09-03,Payoneer,19.5,pending,false
TX0001863,PR000137,FL00041,600,INR,2023-08-31,Stripe,12.49,success,0
TX0001864,PR000281,FL00085,1596,PKR,2021-06-26,Crypto,9.85,success,true
TX0001865,PR000914,FL00315,4153,USD,2020-09-21,Bank Transfer,20.28,success,0
TX0001866,PR000564,FL00139,313,BDT,2020-06-23,PayPal,10.54,success,true
TX0001867,PR000386,FL00432,6176,USD,2020-05-19,Payoneer,5.38,pending,true
TX0001868,PR000685,FL00054,1933,USD,2021-04-16,Payoneer,16.65,failed,True
TX0001869,PR000078,FL00425,4831,USD,2022-07-31,Bank Transfer,15.12,pending,1
TX0001870,PR000447,FL00396,1721,INR,2021-11-29,Payoneer,13.76,success,true
TX0001871,PR001077,FL00341,1232,USD,2023-08-24,Payoneer,14.48,success,1
TX0001872,PR000527,FL00436,86,BDT,2022-07-13,Crypto,11.49,success,false
TX0001873,PR000090,FL00095,2153,USD,2023-03-14,PayPal,5.11,success,False
TX0001874,PR000111,FL00134,6970,BDT,2022-02-10,,7.44,success,0
TX0001875,PR000097,FL00302,3081,INR,2021-06-28,Crypto,12.44,success,False
TX0001876,PR000017,FL00062,5464,USD,2023-09-17,Stripe,17.61,refunded,true
TX0001877,PR000582,FL00338,113,,2021-08-29,PayPal,13.98,success,0
TX0001878,PR000278,FL00406,2313,USD,2024-01-04,Bank Transfer,7.27,success,True
TX0001879,PR001110,FL00260,3542,BDT,2024-04-08,PayPal,10.66,success,true
TX0001880,PR001118,,5642,PKR,2020-08-22,PayPal,13.25,pending,true
TX0001881,PR000033,FL00205,3114,INR,2023-02-06,PAYPAL,14.0,success,true
TX0001882,PR000999,FL00202,1180,PKR,2023-02-04,Wise,14.44,refunded,False
TX0001883,PR001198,FL00092,7103,USD,2022-10-26,BANK TRANSFER,5.88,failed,1
TX0001884,PR000337,FL00251,-4796,USD,2020-01-29,Crypto,,refunded,True
TX0001885,PR000189,FL00487,198,EUR,2024-04-18,Wise,9.63,success,false
TX0001886,PR000542,FL00352,4899,GBP,2024-11-14,Crypto,6.93,success,true
TX0001887,PR000775,FL00119,747,PKR,2022-04-19,Wise,6.89,success,false
TX0001888,PR000917,FL00031,858,EUR,2021-06-30,Wise,19.19,pending,false
TX0001889,PR000819,FL00242,6429,USD,2023-09-22,Stripe,14.4,success,1
TX0001890,PR000084,FL00140,5813,usd,2024-07-10,Crypto,14.24,success,True
TX0001891,PR000215,FL00301,1745,USD,2024-04-22,Crypto,5.48,failed,True
TX0001892,PR000188,FL00113,7451,USD,2023-09-27,Wise,16.32,success,true
TX0001893,PR000665,FL00226,5130,usd,2021-12-23,Crypto,8.53,success,False
TX0001894,PR000308,FL00474,422258,USD,2022-02-24,Bank Transfer,,refunded,1
TX0001895,PR000555,FL00479,7615,BDT,2022-05-11,Bank Transfer,8.41,success,True
TX0001896,PR000971,FL00486,6156,USD,2024-02-20,Payoneer,11.27,pending,True
TX0001897,PR000438,FL00273,658537,INR,2024-06-17,PayPal,8.03,refunded,True
TX0001898,PR000039,FL00087,3936,EUR,2021-10-06,Wise,18.07,refunded,0
TX0001899,PR000126,FL00416,213,GBP,2020-11-29,Crypto,17.8,refunded,true
TX0001900,PR001186,FL00016,,USD,,Crypto,9.67,success,false
TX0001901,PR000681,FL00153,3082,USD,2020-08-07,Bank Transfer,14.48,failed,False
TX0001902,PR001014,FL00246,1264,GBP,2021-10-15,PayPal,11.11,success,1
TX0001903,PR000500,FL00461,3908,EUR,2022-03-26,Wise,7.32,success,false
TX0001904,PR000394,FL00100,3952,USD,2023-01-30,PayPal,15.0,pending,False
TX0001905,,FL00157,5452,BDT,2023-07-08,Crypto,20.64,failed,False
TX0001906,PR000014,FL00197,666632,USD,2020-01-08,PayPal,11.15,failed,1
TX0001907,PR000087,FL00107,2261,USD,2024-10-01,PayPal,10.53,success,True
TX0001908,PR000102,FL00423,574,GBP,2022-06-05,Payoneer,17.09,pending,true
TX0001909,PR000903,FL00472,400,INR,2022-08-31,Stripe,13.33,failed,False
TX0001910,PR000524,,3155,INR,2023-01-04,Stripe,8.48,pending,1
TX0001911,PR000317,FL00439,7587,USD,2021-09-09,Payoneer,14.16,success,false
TX0001912,PR000135,FL00334,6777,PKR,2024-10-06,Wise,19.03,success,False
TX0001913,PR000228,FL00274,4754,USD,2020-02-10,Payoneer,7.16,pending,0
TX0001914,PR001187,FL00281,6997,EUR,2023-09-22,Wise,18.95,pending,0
TX0001915,PR000914,FL00349,3239,USD,,Stripe,13.85,success,False
TX0001916,PR001100,FL00290,1123,USD,2022-01-20,Bank Transfer,16.86,success,0
TX0001917,PR000711,FL00444,2580,INR,2020-02-17,Bank Transfer,10.66,success,false
TX0001918,PR000654,FL00394,3382,INR,2023-12-05,Payoneer,6.19,success,true
TX0001919,PR001029,FL00069,1428,INR,2020-09-11,Payoneer,17.78,success,True
TX0001920,PR000878,FL00108,7189,BDT,2022-12-05,PayPal,20.23,success,1
TX0001921,PR000862,FL00435,5967,EUR,2023-03-22,Crypto,15.47,failed,False
TX0001922,PR000838,FL00025,614,USD,2021-03-29,Bank Transfer,10.53,success,true
TX0001923,PR000101,FL00267,3474,bdt,2024-07-08,Wise,20.61,success,0
TX0001924,PR000957,FL00041,212513,GBP,2024-10-24,Wise,13.66,success,false
TX0001925,PR001169,FL00283,3717,USD,2024-11-01,Crypto,6.39,success,False
TX0001926,PR000487,FL00404,5952,USD,2020-07-07,Crypto,17.53,success,1
TX0001927,PR000204,FL00452,5394,GBP,2024-06-14,Crypto,,success,False
TX0001928,PR000275,FL00042,-7030,BDT,2021-06-02,Bank Transfer,6.87,success,true
TX0001929,,FL00171,7851,BDT,2023-09-29,Crypto,10.5,success,0
TX0001930,PR001141,FL00447,6381,EUR,2022-01-15,Wise,13.1,success,false
TX0001931,PR000033,FL00424,4953,EUR,2024-12-04,Bank Transfer,16.18,failed,False
TX0001932,,FL00089,1235,PKR,2024-09-30,,15.7,failed,False
TX0001933,PR000019,FL00462,100,EUR,2024-04-11,Wise,8.89,refunded,True
TX0001934,PR000466,FL00124,1973,USD,2022-11-09,Bank Transfer,14.98,refunded,false
TX0001935,PR000884,FL00297,6944,PKR,2024-10-26,Payoneer,20.07,success,true
TX0001936,PR000739,FL00422,4404,USD,2023-11-26,BANK TRANSFER,20.45,failed,1
TX0001937,PR000258,FL00299,6639,GBP,2022-07-09,Stripe,6.6,success,true
TX0001938,PR000362,FL00008,3239,EUR,2021-05-13,Crypto,7.75,success,0
TX0001939,PR001144,FL00192,6569,GBP,2022-02-02,Stripe,16.77,success,true
TX0001940,,FL00158,2222,EUR,2022-10-14,Bank Transfer,11.13,failed,true
TX0001941,PR000942,FL00451,3828,USD,2020-04-15,Wise,10.48,failed,False
TX0001942,PR000339,,3471,USD,,Crypto,9.82,failed,True
TX0001943,PR000568,FL00254,4516,EUR,2024-01-23,Crypto,14.22,refunded,False
TX0001944,PR001196,FL00085,3237,EUR,2020-11-06,PayPal,11.57,success,1
TX0001945,PR000983,FL00265,6728,INR,2021-05-22,Payoneer,18.1,success,False
TX0001946,PR001059,FL00225,1984,BDT,2020-11-05,PayPal,15.7,failed,false
TX0001947,PR001108,FL00419,6341,EUR,2021-09-03,Payoneer,10.34,success,false
TX0001948,PR000807,FL00388,3229,USD,2021-06-07,Crypto,5.72,refunded,true
TX0001949,PR000567,FL00201,6518,USD,2023-07-14,PAYPAL,5.37,success,0
TX0001950,PR000589,FL00194,4356,BDT,2023-07-10,PayPal,18.65,success,1
TX0001951,PR000115,FL00350,,USD,2021-02-24,Crypto,6.28,success,true
TX0001952,PR000992,FL00093,,pkr,2021-08-14,Payoneer,8.1,pending,false
TX0001953,PR000826,FL00071,143,EUR,2021-03-16,PayPal,7.63,failed,False
TX0001954,PR000344,FL00327,4725,INR,2023-02-10,Bank Transfer,15.86,success,True
TX0001955,PR000647,FL00350,4372,GBP,2022-01-19,PayPal,15.84,success,False
TX0001956,PR000575,FL00044,1629,USD,2021-06-16,PayPal,16.63,success,false
TX0001957,PR000502,FL00331,6837,USD,2023-01-21,PAYPAL,16.29,success,false
TX0001958,PR000368,FL00204,189,BDT,2024-02-03,Stripe,9.78,refunded,1
TX0001959,PR000572,FL00157,4711,PKR,2024-07-21,Payoneer,8.66,success,1
TX0001960,PR000211,FL00445,1216,INR,2022-03-02,Payoneer,8.46,success,false
TX0001961,PR000087,FL00329,4882,USD,2022-02-25,PayPal,5.52,success,False
TX0001962,,FL00306,3138,USD,2023-05-17,BANK TRANSFER,14.24,success,1
TX0001963,PR000268,FL00022,3885,EUR,2024-03-21,Wise,9.45,failed,True
TX0001964,PR000532,FL00380,2906,USD,2020-12-05,PayPal,14.93,success,False
TX0001965,PR000430,FL00246,1608,BDT,2020-11-13,Wise,10.43,success,1
TX0001966,PR000761,FL00421,6626,USD,2024-08-29,PayPal,18.37,pending,1
TX0001967,PR000573,FL00059,5151,USD,2022-07-26,Payoneer,6.54,refunded,False
TX0001968,PR000903,FL00452,-3298,BDT,2024-02-01,Stripe,7.86,success,0
TX0001969,PR000920,FL00367,6284,GBP,2024-07-27,PayPal,5.33,success,1
TX0001970,PR000550,FL00436,2879,PKR,2022-04-02,,7.13,success,True
TX0001971,PR000854,FL00493,6551,,,Payoneer,14.94,failed,false
TX0001972,PR001042,FL00141,3012,EUR,2023-02-10,PayPal,18.15,failed,true
TX0001973,PR000027,FL00492,4437,USD,2024-07-21,Stripe,16.82,pending,true
TX0001974,PR000845,FL00152,4855,BDT,2021-03-01,PayPal,,refunded,1
TX0001975,PR000570,FL00181,3528,INR,2024-09-25,Wise,13.55,success,False
TX0001976,PR000600,FL00231,-2049,USD,2020-01-21,CRYPTO,18.76,failed,False
TX0001977,PR000050,FL00087,673411,INR,2023-06-24,PayPal,8.7,failed,true
TX0001978,PR000310,FL00030,-678488,USD,2022-07-21,Wise,18.51,success,1
TX0001979,PR000033,FL00021,6501,PKR,2024-04-19,Bank Transfer,17.35,success,false
TX0001980,PR000456,FL00020,814,BDT,2023-08-25,Stripe,8.03,failed,0
TX0001981,PR000204,FL00492,6620,BDT,2021-12-05,PayPal,9.21,refunded,0
TX0001982,PR001002,,-6068,USD,2023-04-23,Wise,11.08,failed,0
TX0001983,PR000411,FL00078,7131,USD,2023-02-06,PayPal,8.04,failed,False
TX0001984,PR001186,FL00118,6030,USD,2020-04-09,PayPal,7.34,pending,true
TX0001985,PR000711,FL00379,,EUR,2022-02-12,PayPal,11.47,success,true
TX0001986,PR000883,FL00380,1872,USD,2023-08-31,Wise,7.95,success,True
TX0001987,,FL00493,3428,USD,2024-06-13,PayPal,5.98,success,False
TX0001988,PR000577,FL00237,764,BDT,2021-11-21,Wise,13.34,success,false
TX0001989,PR000510,FL00326,3675,INR,2022-05-24,,8.34,success,false
TX0001990,PR000682,FL00430,2107,USD,2024-11-17,Crypto,8.67,success,0
TX0001991,PR000940,FL00061,3630,USD,2024-01-23,Wise,11.58,pending,False
TX0001992,PR001048,FL00281,6263,PKR,2021-01-26,PAYPAL,18.6,refunded,false
TX0001993,PR000137,FL00109,-6532,PKR,2022-10-27,Stripe,20.57,success,false
TX0001994,PR000151,FL00429,433,INR,2024-05-16,Bank Transfer,16.27,success,False
TX0001995,PR000141,FL00234,7361,INR,2021-03-28,Payoneer,6.19,success,True
TX0001996,PR000119,FL00383,152,USD,2021-10-14,Stripe,18.22,refunded,false
TX0001997,PR000252,FL00343,4230,USD,2023-03-24,PayPal,7.46,pending,1
TX0001998,PR000342,FL00353,360,INR,2020-05-15,Payoneer,12.52,pending,false
TX0001999,PR001049,FL00464,2164,BDT,2024-04-05,Crypto,8.57,refunded,true
TX0002000,PR000151,FL00417,2930,USD,2022-12-31,Crypto,19.6,refunded,true
TX0002001,PR000532,FL00027,4756,USD,2021-08-22,Wise,10.13,failed,true
TX0002002,PR000266,FL00187,1426,,2021-05-14,Stripe,15.04,success,1
TX0002003,PR000032,FL00055,3363,USD,2020-01-24,Stripe,19.14,pending,False
TX0002004,PR000971,FL00201,3765,GBP,2023-03-12,Bank Transfer,8.87,success,1
TX0002005,PR001042,FL00500,4659,PKR,2022-01-21,Crypto,13.24,refunded,false
TX0002006,PR000464,FL00366,6442,USD,,Bank Transfer,13.05,failed,false
TX0002007,PR000952,FL00403,1063,GBP,2024-07-21,Stripe,11.99,success,false
TX0002008,PR000732,FL00422,3466,BDT,2023-11-17,Bank Transfer,9.49,success,true
TX0002009,PR000246,FL00136,5957,USD,2022-05-25,Wise,6.48,success,False
TX0002010,PR000548,,2293,GBP,2022-06-27,Crypto,12.17,success,0
TX0002011,PR000166,FL00205,7941,PKR,,Wise,14.17,success,True
TX0002012,PR000333,FL00270,1811,USD,2021-02-12,Wise,9.76,failed,0
TX0002013,PR001130,FL00112,3130,USD,,Stripe,20.46,success,1
TX0002014,PR001102,FL00257,7817,USD,2024-07-24,PayPal,20.73,success,false
TX0002015,,FL00300,6098,PKR,2024-11-08,Payoneer,20.93,success,True
TX0002016,PR000345,FL00279,1452,USD,2020-03-03,Payoneer,20.42,success,false
TX0002017,,FL00459,3528,USD,2022-10-09,Bank Transfer,14.31,success,True
TX0002018,PR000566,,5313,BDT,2022-06-16,Wise,17.7,success,True
TX0002019,PR001097,FL00212,833,INR,2020-08-27,Wise,11.31,success,False
TX0002020,PR000437,FL00033,1304,GBP,2022-12-29,PayPal,,success,1
TX0002021,PR000939,FL00318,583,EUR,2021-04-10,Stripe,14.53,success,True
TX0002022,PR001100,FL00455,3482,GBP,2022-01-01,STRIPE,11.74,failed,False
TX0002023,PR001119,FL00358,2287,PKR,2023-01-21,Stripe,12.12,success,false
TX0002024,PR000961,FL00464,5562,USD,2020-01-13,Bank Transfer,9.43,pending,False
TX0002025,PR000587,,4553,INR,2023-06-03,,15.85,pending,True
TX0002026,PR000512,FL00114,6763,USD,2023-07-07,Bank Transfer,13.92,failed,False
TX0002027,PR000976,FL00327,1382,PKR,2023-08-24,PayPal,18.3,success,true
TX0002028,PR000961,FL00379,7824,BDT,2023-10-18,Wise,17.2,failed,0
TX0002029,PR000275,FL00407,5581,USD,2024-02-19,PayPal,12.28,success,true
TX0002030,PR000857,FL00498,5334,USD,2020-06-12,Stripe,14.53,success,0
TX0002031,PR000107,FL00090,6636,PKR,2022-07-16,,6.14,pending,false
TX0002032,PR000188,FL00010,92,USD,2022-03-06,Bank Transfer,7.22,pending,1
TX0002033,PR000733,FL00101,224,GBP,,Payoneer,10.45,refunded,1
TX0002034,PR000278,FL00001,7395,USD,2022-05-01,Bank Transfer,14.06,success,0
TX0002035,PR000547,FL00020,3834,GBP,2023-05-20,Wise,,success,1
TX0002036,PR000396,FL00012,4824,PKR,2022-06-12,Wise,,success,false
TX0002037,PR000475,FL00457,3018,USD,2022-10-24,Crypto,11.04,success,False
TX0002038,PR000451,FL00189,3940,GBP,2021-03-18,Crypto,17.02,success,true
TX0002039,PR000426,FL00007,4801,GBP,2021-01-28,PayPal,6.85,refunded,True
TX0002040,PR000944,FL00104,7254,USD,2020-02-21,Payoneer,9.45,pending,False
TX0002041,PR000095,FL00492,2039,USD,2022-10-14,PAYPAL,11.42,pending,1
TX0002042,PR000279,FL00030,3742,PKR,2023-08-18,Crypto,14.12,success,true
TX0002043,PR000526,FL00333,6771,USD,2022-08-25,Payoneer,19.96,success,0
TX0002044,PR001057,FL00241,344953,USD,2024-03-03,Wise,15.64,failed,false
TX0002045,PR000938,FL00198,518232,USD,2023-06-13,Crypto,20.86,pending,0
TX0002046,PR001045,FL00456,5458,EUR,2024-10-04,,15.62,pending,True
TX0002047,PR000647,FL00421,1868,USD,2022-01-30,BANK TRANSFER,5.18,success,true
TX0002048,PR000730,FL00237,3786,USD,2024-12-15,Payoneer,13.35,success,0
TX0002049,PR000427,FL00317,5743,GBP,2024-06-28,Payoneer,5.85,pending,false
TX0002050,PR001161,FL00259,3443,EUR,2022-06-05,Crypto,6.22,success,true
TX0002051,PR001022,FL00345,1215,GBP,2021-01-06,Payoneer,9.33,success,false
TX0002052,PR001197,FL00426,4642,INR,2020-06-28,Wise,5.14,failed,False
TX0002053,PR000099,FL00165,5799,USD,2022-05-17,PayPal,,success,true
TX0002054,PR000458,FL00053,,USD,2020-10-21,PayPal,19.03,success,true
TX0002055,PR000435,FL00485,657,INR,2020-04-14,PayPal,13.55,success,1
TX0002056,PR000901,FL00114,3484,GBP,2020-01-03,Payoneer,13.09,success,True
TX0002057,PR000704,FL00119,1872,GBP,2024-11-11,Bank Transfer,20.27,pending,true
TX0002058,PR000369,FL00347,3794,BDT,,Crypto,19.11,success,1
TX0002059,PR000604,FL00246,5504,INR,2020-03-06,Payoneer,19.05,success,True
TX0002060,PR000684,FL00324,2572,INR,2022-01-09,Stripe,10.62,failed,1
TX0002061,PR000844,FL00437,6060,INR,2021-10-01,Payoneer,20.47,success,1
TX0002062,PR000992,FL00328,7332,USD,2023-09-20,PayPal,8.29,pending,True
TX0002063,PR000147,FL00451,696,PKR,,Wise,18.68,pending,True
TX0002064,PR000682,FL00222,5856,USD,2024-07-04,Crypto,5.95,failed,True
TX0002065,PR000905,FL00332,7452,GBP,2023-09-24,Crypto,8.76,failed,0
TX0002066,PR000470,FL00194,7048,BDT,2023-10-23,Crypto,16.35,refunded,False
TX0002067,PR000708,FL00223,4437,EUR,2020-02-13,Bank Transfer,12.19,success,True
TX0002068,PR000224,FL00037,3443,,2024-07-01,Bank Transfer,11.01,success,true
TX0002069,PR000305,FL00123,625,USD,2023-09-06,Bank Transfer,9.78,success,false
TX0002070,PR000956,FL00474,5521,BDT,2023-02-01,PayPal,20.01,pending,true
TX0002071,PR000326,FL00058,5302,INR,2023-05-27,Stripe,19.02,success,0
TX0002072,PR000288,FL00326,4933,USD,2023-04-17,Crypto,14.28,failed,False
TX0002073,PR000526,FL00059,3346,PKR,2022-04-14,Payoneer,10.31,failed,True
TX0002074,PR000419,FL00313,860,USD,2024-01-04,Wise,20.15,success,0
TX0002075,,FL00211,2211,PKR,2022-11-29,Stripe,6.07,success,False
TX0002076,PR000404,FL00235,,USD,2024-02-02,,13.72,success,0
TX0002077,PR000871,FL00341,1615,EUR,,Payoneer,14.77,failed,True
TX0002078,PR000534,FL00077,1861,USD,2024-11-04,PayPal,19.19,refunded,1
TX0002079,PR000616,FL00390,7705,GBP,2020-05-26,PAYPAL,17.66,failed,1
TX0002080,PR001162,FL00388,5390,USD,2020-12-20,Payoneer,7.99,refunded,True
TX0002081,PR001075,FL00237,4462,INR,2023-10-08,Wise,10.38,success,False
TX0002082,PR000466,FL00161,750,USD,2022-12-09,Stripe,12.67,failed,0
TX0002083,PR000460,FL00406,7471,EUR,2021-03-30,Bank Transfer,20.65,success,False
TX0002084,PR001002,FL00104,5907,EUR,2020-01-16,Wise,7.69,refunded,true
TX0002085,PR000364,FL00032,6715,INR,2023-07-19,Stripe,6.25,success,0
TX0002086,PR000835,FL00063,4957,BDT,2023-08-26,Crypto,18.08,refunded,true
TX0002087,PR000741,FL00182,2611,INR,2021-10-03,PayPal,19.59,refunded,false
TX0002088,PR001047,FL00252,4219,BDT,2021-07-04,Payoneer,15.43,success,false
TX0002089,PR000944,FL00427,4712,USD,2021-10-04,PayPal,10.36,pending,1
TX0002090,PR000978,FL00428,5578,BDT,2022-11-16,Payoneer,12.48,success,1
TX0002091,PR000658,FL00063,1553,EUR,2021-12-19,Wise,11.08,success,True
TX0002092,PR000222,FL00113,731,USD,2024-06-15,PayPal,9.03,failed,1
TX0002093,PR000724,FL00297,386,INR,2020-04-27,Stripe,13.23,success,false
TX0002094,PR000123,FL00167,5042,BDT,2024-05-02,,6.37,success,1
TX0002095,,FL00219,680,INR,2023-11-15,Crypto,10.2,failed,False
TX0002096,PR000010,FL00058,6188,USD,2022-09-14,,5.49,success,True
TX0002097,PR000023,FL00192,7598,gbp,2021-08-23,WISE,17.9,success,false
TX0002098,PR000945,FL00462,3219,USD,2023-03-05,PayPal,13.29,pending,false
TX0002099,PR000870,FL00075,3044,PKR,2020-07-15,Wise,18.38,failed,False
TX0002100,PR000245,FL00042,2150,GBP,2022-07-24,Payoneer,9.43,success,1
TX0002101,PR001067,FL00255,7060,PKR,2021-07-24,Payoneer,7.94,failed,false
TX0002102,PR000699,FL00486,4433,USD,2023-12-16,Stripe,14.18,success,true
TX0002103,PR000936,FL00267,3354,PKR,2022-09-08,Bank Transfer,9.87,pending,1
TX0002104,PR000101,FL00377,1244,USD,2020-06-30,Bank Transfer,6.4,pending,false
TX0002105,PR000278,,1262,BDT,2021-04-11,Bank Transfer,8.79,pending,True
TX0002106,PR000394,FL00470,243,GBP,2022-03-01,Bank Transfer,17.27,success,True
TX0002107,PR001097,FL00172,2085,BDT,2021-02-20,Payoneer,14.06,failed,1
TX0002108,PR000060,FL00313,4480,USD,2024-03-20,Payoneer,16.55,success,1
TX0002109,PR000897,FL00486,3260,GBP,2022-03-22,Crypto,6.46,success,true
TX0002110,PR000051,FL00453,887,USD,2020-01-31,Crypto,8.47,failed,True
TX0002111,PR000379,FL00113,1988,USD,2022-11-30,PayPal,11.81,failed,true
TX0002112,PR000372,FL00227,2290,USD,2020-06-01,Bank Transfer,10.1,success,False
TX0002113,PR000658,,6443,EUR,2024-02-05,Payoneer,14.17,success,false
TX0002114,PR000416,FL00360,2823,PKR,2022-12-03,Stripe,17.33,success,1
TX0002115,PR000507,FL00104,2268,USD,2021-01-06,BANK TRANSFER,13.65,success,0
TX0002116,PR000912,FL00429,435,INR,2020-01-10,Crypto,7.26,failed,False
TX0002117,PR000148,FL00284,5641,EUR,2023-07-28,Bank Transfer,10.39,refunded,True
TX0002118,PR000277,FL00207,6628,USD,2021-11-24,Stripe,20.15,failed,1
TX0002119,PR000893,FL00039,1968,BDT,2021-10-13,Crypto,18.45,pending,1
TX0002120,PR000912,FL00103,7660,USD,,PayPal,15.97,success,True
TX0002121,PR000437,,590,EUR,2022-02-17,Bank Transfer,19.4,failed,false
TX0002122,PR000466,FL00327,1015,USD,2020-12-17,Bank Transfer,8.54,success,False
TX0002123,PR000187,FL00097,3747,USD,2024-05-24,,7.94,pending,False
TX0002124,PR000576,FL00332,7452,PKR,2024-03-23,Payoneer,19.38,pending,0
TX0002125,PR000793,FL00276,157751,USD,2024-08-29,PayPal,17.69,pending,False
TX0002126,PR001081,FL00216,3828,INR,2022-03-24,Stripe,8.29,refunded,False
TX0002127,PR000567,FL00079,5123,USD,2023-02-28,WISE,14.66,success,1
TX0002128,PR000987,FL00149,5762,EUR,2022-05-15,Crypto,16.34,pending,False
TX0002129,PR000475,FL00157,2821,USD,2024-11-09,Bank Transfer,14.48,pending,False
TX0002130,PR001132,FL00286,4424,GBP,2021-12-20,,13.86,success,False
TX0002131,PR000974,FL00078,5736,USD,2020-03-21,Wise,8.4,success,False
TX0002132,PR000716,FL00361,6104,USD,2024-02-20,Bank Transfer,10.03,success,0
TX0002133,PR000169,FL00340,1578,PKR,,Crypto,17.52,success,False
TX0002134,PR000634,FL00324,4965,USD,2024-05-10,Stripe,14.07,pending,true
TX0002135,PR001121,FL00308,7165,PKR,2023-10-23,Payoneer,12.64,success,true
TX0002136,PR000082,FL00332,5677,PKR,2021-11-02,Wise,9.59,success,0
TX0002137,PR000066,FL00304,4288,,2022-08-09,,17.24,success,True
TX0002138,PR000596,FL00445,2535,USD,2024-11-24,Wise,18.64,success,False
TX0002139,PR001059,FL00220,4472,INR,2021-04-01,Bank Transfer,7.28,success,True
TX0002140,PR001114,FL00039,6890,PKR,2024-09-08,PayPal,19.91,pending,False
TX0002141,PR000652,FL00195,4495,USD,2021-02-20,Wise,5.5,success,0
TX0002142,PR000813,FL00074,5631,BDT,2024-10-24,PayPal,7.49,refunded,false
TX0002143,PR000666,FL00224,,BDT,2023-09-23,Crypto,13.95,success,true
TX0002144,PR000442,FL00220,5259,USD,2021-08-27,Crypto,19.11,failed,false
TX0002145,PR000984,FL00303,4904,USD,2021-05-05,PayPal,9.27,success,False
TX0002146,PR000597,FL00304,6527,USD,2020-11-04,PayPal,18.31,success,True
TX0002147,PR000831,FL00180,3418,INR,2022-10-04,Crypto,11.99,refunded,0
TX0002148,PR000256,FL00383,6090,USD,2021-08-22,Crypto,17.75,refunded,false
TX0002149,PR000178,FL00081,699906,EUR,2020-12-23,Wise,8.97,success,False
TX0002150,PR000359,FL00473,6018,INR,2024-08-24,Bank Transfer,16.78,success,1
TX0002151,PR001021,FL00286,5837,USD,2020-09-10,Bank Transfer,20.12,pending,true
TX0002152,PR000195,FL00229,5043,USD,2022-01-25,Payoneer,14.61,pending,True
TX0002153,PR000643,FL00212,7942,USD,2023-09-11,Payoneer,14.02,refunded,False
TX0002154,PR000423,FL00214,5121,BDT,2021-01-09,Wise,5.7,success,True
TX0002155,PR000566,FL00122,1904,BDT,2023-08-13,Crypto,8.0,pending,True
TX0002156,,FL00285,-6639,,2024-07-31,Payoneer,17.1,refunded,1
TX0002157,PR000060,FL00074,1270,USD,2020-07-18,Crypto,18.21,pending,true
TX0002158,PR000326,FL00172,4002,BDT,2020-11-17,PayPal,15.03,success,False
TX0002159,PR000362,FL00301,2220,EUR,2024-08-01,Stripe,6.24,success,true
TX0002160,PR000737,FL00101,2774,INR,2024-12-27,Crypto,9.18,success,true
TX0002161,PR000402,,4504,PKR,2022-02-26,CRYPTO,13.37,success,true
TX0002162,PR001093,FL00276,3765,BDT,2022-11-07,Payoneer,9.26,success,1
TX0002163,,FL00148,2667,USD,2020-12-12,Crypto,19.57,success,0
TX0002164,,FL00128,69820,USD,2024-08-18,Wise,15.89,success,True
TX0002165,,FL00304,6879,USD,2020-12-11,Stripe,18.71,success,True
TX0002166,PR000637,FL00408,6854,USD,2020-10-14,PayPal,,failed,0
TX0002167,PR000778,FL00265,6280,USD,2021-04-07,Stripe,9.06,failed,False
TX0002168,PR000831,,5504,INR,,Stripe,18.65,refunded,1
TX0002169,PR001007,FL00474,5097,USD,2024-09-02,Crypto,10.95,success,true
TX0002170,PR001074,FL00043,2416,USD,2021-07-13,Wise,12.18,success,0
TX0002171,PR000131,FL00157,1623,GBP,2024-08-03,Stripe,5.33,refunded,true
TX0002172,PR000708,FL00289,5953,EUR,2021-04-10,Payoneer,,failed,True
TX0002173,PR000202,FL00091,7483,INR,2020-07-12,Payoneer,19.95,success,False
TX0002174,PR000190,FL00188,4289,GBP,2020-09-15,Stripe,17.8,success,False
TX0002175,PR000752,FL00400,1539,,2021-09-24,Crypto,14.18,success,0
TX0002176,PR000215,FL00419,557,GBP,2020-05-31,Wise,6.41,failed,true
TX0002177,PR000463,FL00108,2857,PKR,2023-09-13,Payoneer,19.0,failed,1
TX0002178,PR000007,FL00337,2392,USD,2023-01-10,Stripe,7.36,success,0
TX0002179,PR000904,FL00091,3078,USD,2021-06-24,Bank Transfer,9.46,pending,True
TX0002180,PR001160,FL00086,3086,GBP,2024-08-22,Bank Transfer,16.84,success,true
TX0002181,PR001167,FL00135,,USD,2021-05-22,Stripe,14.79,pending,true
TX0002182,PR000291,FL00392,681757,USD,2021-10-28,Payoneer,7.73,pending,false
TX0002183,PR000771,FL00214,3620,PKR,2022-03-25,Stripe,5.78,success,true
TX0002184,PR000636,FL00071,,USD,2024-11-09,Payoneer,10.73,success,1
TX0002185,PR000031,FL00160,4917,USD,2023-01-02,PayPal,7.54,success,true
TX0002186,PR001071,FL00472,1846,INR,,Wise,,success,false
TX0002187,PR000733,FL00113,4454,BDT,2023-09-17,Bank Transfer,6.46,failed,True
TX0002188,PR000793,FL00396,7829,EUR,2021-08-05,PayPal,16.92,failed,false
TX0002189,PR001000,FL00169,5059,INR,2023-01-18,Stripe,15.47,failed,false
TX0002190,,FL00454,2357,EUR,2021-09-06,Payoneer,18.98,failed,True
TX0002191,PR000197,FL00254,-2855,BDT,2022-10-14,Bank Transfer,18.96,success,True
TX0002192,,FL00241,3205,USD,2022-02-16,Bank Transfer,16.79,pending,False
TX0002193,PR000285,FL00374,,INR,2023-08-04,Wise,15.26,success,0
TX0002194,PR000605,FL00397,320860,USD,2021-05-18,Wise,11.93,refunded,False
TX0002195,PR000207,FL00366,4653,PKR,2021-11-25,Crypto,6.26,success,True
TX0002196,PR000546,,4708,PKR,2023-05-28,Bank Transfer,14.12,failed,false
TX0002197,PR000928,FL00067,680,USD,2022-09-09,Payoneer,,success,False
TX0002198,PR000527,FL00209,6621,USD,2023-08-11,PayPal,10.04,pending,False
TX0002199,PR001061,FL00013,3966,INR,2024-12-11,Payoneer,11.56,success,True
TX0002200,,FL00352,5724,GBP,2022-12-01,Crypto,6.98,success,False
TX0002201,PR001079,FL00016,7565,,2022-06-05,Bank Transfer,9.29,pending,0
TX0002202,PR000862,FL00366,1490,INR,2021-02-25,Bank Transfer,7.25,success,0
TX0002203,,FL00027,798,BDT,,Crypto,12.39,success,True
TX0002204,PR000922,FL00364,1353,USD,2022-10-30,Payoneer,,refunded,True
TX0002205,PR000640,FL00032,5158,USD,2020-04-14,PayPal,6.21,success,1
TX0002206,PR000406,FL00155,433,BDT,2021-06-01,PayPal,,success,0
TX0002207,PR000732,FL00065,4998,USD,2022-04-04,Crypto,14.51,success,1
TX0002208,PR000749,FL00179,264,,2024-02-12,Wise,14.29,pending,false
TX0002209,PR000134,FL00172,4748,GBP,2023-10-06,PayPal,6.38,success,False
TX0002210,PR000723,FL00495,1437,EUR,2024-03-31,PayPal,7.17,pending,1
TX0002211,PR000125,FL00157,7426,USD,2024-10-14,PayPal,15.6,success,false
TX0002212,PR000806,FL00454,6961,PKR,2022-12-22,PayPal,16.99,success,false
TX0002213,PR000751,FL00340,6910,EUR,2022-02-13,Stripe,18.99,failed,1
TX0002214,PR000187,FL00369,249,bdt,2020-05-21,Stripe,16.96,success,1
TX0002215,PR000048,FL00160,1641,GBP,2024-03-16,Wise,6.96,success,False
TX0002216,PR000796,FL00349,6203,GBP,2020-09-23,,5.92,success,True
TX0002217,PR000817,FL00018,87668,USD,2023-11-25,,17.84,pending,1
TX0002218,PR000603,FL00439,5135,INR,2021-09-28,Payoneer,6.19,refunded,1
TX0002219,PR000356,FL00180,4891,INR,2024-11-11,Payoneer,9.28,success,1
TX0002220,PR001114,FL00115,6590,USD,2021-08-04,Payoneer,15.8,failed,1
TX0002221,PR000039,FL00061,7302,BDT,2024-04-18,Crypto,19.82,pending,True
TX0002222,PR000632,FL00266,5045,USD,2022-08-30,PayPal,17.41,refunded,true
TX0002223,PR001191,FL00058,5669,USD,2023-09-25,,9.52,success,1
TX0002224,PR001050,FL00448,154050,BDT,2022-05-27,Stripe,6.77,success,0
TX0002225,PR000614,FL00156,309,EUR,2023-08-25,Bank Transfer,11.96,success,1
TX0002226,PR000657,FL00499,3671,GBP,2021-02-15,Stripe,5.13,success,false
TX0002227,PR001077,FL00019,4354,GBP,2022-10-01,PayPal,14.79,failed,1
TX0002228,PR000184,FL00270,2364,BDT,2023-07-27,Crypto,13.02,failed,True
TX0002229,PR000524,FL00123,3946,USD,2024-12-27,PayPal,5.4,pending,1
TX0002230,PR000289,FL00176,7222,pkr,2022-06-06,Payoneer,19.49,refunded,True
TX0002231,PR000809,FL00340,5773,BDT,2022-04-24,Payoneer,19.68,pending,True
TX0002232,PR000630,FL00360,7827,EUR,,Stripe,17.37,failed,True
TX0002233,PR000192,FL00261,-496,USD,,Bank Transfer,13.93,failed,1
TX0002234,PR000739,FL00086,3015,GBP,2024-10-30,PayPal,5.08,success,True
TX0002235,PR001128,FL00031,829,EUR,2020-01-23,Crypto,5.14,success,True
TX0002236,PR000233,FL00174,68,,2023-04-09,Payoneer,7.14,failed,1
TX0002237,PR000177,FL00091,1952,PKR,2023-09-04,PayPal,17.91,success,true
TX0002238,PR000717,FL00186,2083,INR,2021-02-11,Crypto,7.54,success,true
TX0002239,PR000898,FL00411,7805,USD,2021-10-27,Stripe,,refunded,1
TX0002240,PR001104,FL00318,2691,BDT,2024-05-23,PAYONEER,5.12,failed,1
TX0002241,PR000794,FL00050,412,INR,2022-10-28,Crypto,13.65,success,True
TX0002242,PR000183,FL00270,-7996,USD,2023-02-01,Bank Transfer,17.61,failed,false
TX0002243,PR000246,FL00131,2799,INR,2024-10-26,Wise,10.41,failed,True
TX0002244,PR000358,FL00200,3847,PKR,2024-02-07,Wise,11.14,failed,True
TX0002245,PR000232,FL00490,5917,USD,2020-12-06,PayPal,7.68,refunded,false
TX0002246,PR000501,FL00023,2734,bdt,2020-05-14,Stripe,5.02,refunded,true
TX0002247,PR000573,FL00468,1787,EUR,2024-05-21,Wise,14.99,failed,false
TX0002248,PR000229,FL00032,5002,INR,2023-11-05,PayPal,9.45,refunded,false
TX0002249,PR000753,FL00205,5738,EUR,2024-09-21,Payoneer,19.57,refunded,1
TX0002250,PR001162,FL00307,1836,GBP,2022-01-01,Crypto,7.3,refunded,false
TX0002251,PR001091,FL00020,137,BDT,2021-09-18,Bank Transfer,12.29,success,0
TX0002252,PR000778,FL00199,6596,USD,2021-10-15,PayPal,16.29,success,false
TX0002253,PR000896,FL00211,6324,bdt,2021-06-26,PayPal,5.67,success,true
TX0002254,PR000293,FL00088,2400,INR,2020-02-14,PayPal,17.78,success,True
TX0002255,PR000497,FL00443,5320,bdt,2024-08-25,Payoneer,5.32,refunded,0
TX0002256,PR000989,FL00226,3117,USD,2020-10-20,Wise,12.17,success,true
TX0002257,PR000700,FL00312,1177,GBP,2023-01-08,Wise,18.13,success,false
TX0002258,PR000884,FL00258,744,USD,2023-09-12,Crypto,10.8,success,false
TX0002259,PR000364,FL00110,1981,GBP,2021-04-12,Bank Transfer,,pending,False
TX0002260,PR000261,FL00235,555,USD,2024-04-26,Bank Transfer,12.46,pending,True
TX0002261,PR000674,FL00114,6527,USD,2021-03-16,Stripe,10.33,success,0
TX0002262,PR000029,FL00070,4569,EUR,2023-05-29,PayPal,11.12,success,False
TX0002263,PR000589,FL00392,6916,GBP,2022-12-20,Payoneer,11.7,success,1
TX0002264,PR000432,FL00149,3467,USD,2024-10-28,PayPal,7.1,success,1
TX0002265,PR000933,FL00484,5070,USD,2020-06-11,Stripe,13.74,success,1
TX0002266,PR000957,FL00250,7475,bdt,,Bank Transfer,12.56,success,False
TX0002267,PR000373,,7367,BDT,2022-09-23,Payoneer,11.86,pending,False
TX0002268,PR000198,FL00368,4223,gbp,2020-06-08,Crypto,16.49,success,false
TX0002269,PR000594,FL00360,5026,GBP,2023-08-02,PayPal,10.7,success,1
TX0002270,PR000762,FL00403,2458,GBP,2021-02-25,Payoneer,7.73,refunded,false
TX0002271,PR001091,,315,BDT,2024-06-08,PayPal,13.89,pending,true
TX0002272,PR000979,FL00151,734,USD,2024-01-21,Stripe,10.37,success,1
TX0002273,,FL00232,7268,,2020-03-03,Crypto,6.49,refunded,0
TX0002274,PR000146,FL00294,6911,USD,,Bank Transfer,8.62,success,0
TX0002275,PR000246,FL00259,5188,GBP,2024-10-22,Crypto,,success,1
TX0002276,PR000918,FL00086,458,USD,2023-10-10,Wise,11.43,success,True
TX0002277,PR000761,FL00126,5972,USD,2021-01-09,PayPal,14.79,success,true
TX0002278,PR000604,FL00113,117,BDT,2022-11-19,Bank Transfer,20.97,refunded,true
TX0002279,PR000227,FL00056,7340,EUR,2022-12-09,Crypto,17.17,success,False
TX0002280,PR000614,FL00022,704,EUR,2022-09-13,Payoneer,7.45,success,True
TX0002281,PR000562,FL00183,7770,USD,2022-01-02,Crypto,20.5,success,0
TX0002282,PR000075,FL00202,817,EUR,2021-02-05,Wise,18.58,refunded,False
TX0002283,PR000811,,5456,EUR,2021-09-13,Stripe,6.47,success,false
TX0002284,PR001108,FL00410,2956,USD,2023-06-27,Crypto,16.02,success,false
TX0002285,PR000032,FL00186,6868,PKR,2024-10-23,,17.88,refunded,False
TX0002286,PR000747,FL00198,6902,PKR,2021-09-07,Payoneer,12.25,refunded,0
TX0002287,PR000918,FL00282,916,INR,2020-04-21,Crypto,13.97,success,0
TX0002288,PR000669,FL00104,5797,USD,2020-12-02,Crypto,16.97,success,false
TX0002289,PR000084,FL00229,3416,USD,2022-07-06,Stripe,,pending,1
TX0002290,PR000233,FL00346,526,GBP,2022-10-17,Payoneer,12.23,success,False
TX0002291,PR000977,FL00038,99820,BDT,2020-09-09,Payoneer,17.25,refunded,True
TX0002292,PR000582,FL00101,,,2023-08-05,,19.45,refunded,True
TX0002293,PR001141,FL00427,,USD,2023-07-19,PayPal,18.37,failed,1
TX0002294,PR000770,FL00122,358641,EUR,2023-07-17,Stripe,8.83,success,False
TX0002295,PR000379,FL00443,487,USD,2023-03-10,Stripe,18.59,refunded,0
TX0002296,PR000749,FL00361,544,BDT,2020-01-28,Stripe,14.92,failed,True
TX0002297,,FL00103,6657,GBP,2023-07-18,Bank Transfer,18.66,refunded,0
TX0002298,PR000069,FL00372,3878,USD,2021-10-14,PayPal,18.4,pending,true
TX0002299,PR000561,FL00096,3524,USD,2023-10-05,PayPal,7.12,refunded,True
TX0002300,PR000355,FL00103,5173,USD,2020-06-07,Crypto,10.56,pending,1
TX0002301,PR000829,FL00411,5972,BDT,2021-12-25,Crypto,17.9,failed,false
TX0002302,PR000041,FL00310,5085,usd,2021-04-08,Bank Transfer,7.35,failed,False
TX0002303,PR000352,FL00423,2173,GBP,2022-01-01,Crypto,15.23,failed,0
TX0002304,PR001143,FL00483,4619,GBP,2024-03-04,Crypto,18.87,success,false
TX0002305,PR000835,FL00135,4846,USD,2024-04-15,Stripe,16.83,refunded,true
TX0002306,PR000538,FL00445,5076,PKR,2022-11-02,Crypto,16.85,success,0
TX0002307,PR000265,FL00292,6605,USD,2020-10-23,Crypto,7.73,success,True
TX0002308,PR000746,FL00461,2061,USD,2020-03-06,PayPal,16.05,pending,1
TX0002309,PR000958,FL00138,6816,GBP,2020-09-27,Crypto,11.91,success,1
TX0002310,PR000141,FL00076,6702,INR,2024-09-01,Wise,6.78,success,true
TX0002311,PR000568,FL00473,2149,BDT,2022-10-09,Bank Transfer,14.35,success,0
TX0002312,PR000895,,2214,GBP,2023-07-02,Wise,18.27,success,False
TX0002313,PR001126,FL00235,2671,GBP,2023-10-01,Bank Transfer,13.66,pending,True
TX0002314,PR000812,FL00161,4394,bdt,2021-05-19,Bank Transfer,12.94,refunded,0
TX0002315,PR000560,FL00450,361,USD,2022-09-14,Crypto,6.32,success,false
TX0002316,PR000238,FL00205,5024,USD,2022-10-14,Payoneer,9.69,success,0
TX0002317,PR000844,FL00053,5739,PKR,2021-07-26,PayPal,14.28,refunded,0
TX0002318,PR000242,FL00094,758,USD,2020-10-29,Bank Transfer,8.69,refunded,True
TX0002319,PR000768,FL00436,4066,USD,2024-07-05,Wise,11.02,success,True
TX0002320,PR000756,FL00493,7283,INR,2020-08-27,Stripe,,pending,1
TX0002321,PR000185,FL00329,4152,USD,2023-02-13,Crypto,20.12,success,False
TX0002322,PR000186,FL00034,,PKR,2021-03-15,PayPal,17.45,refunded,1
TX0002323,,FL00460,1865,USD,2024-03-18,Crypto,14.3,success,False
TX0002324,PR000866,FL00027,7538,INR,2024-06-17,Bank Transfer,17.25,success,False
TX0002325,PR000389,FL00313,1664,USD,2020-08-01,,5.42,success,False
TX0002326,PR000668,FL00214,1745,BDT,2022-10-09,Stripe,15.19,failed,1
TX0002327,PR000400,FL00430,273852,INR,2021-04-15,Wise,19.58,failed,true
TX0002328,PR001087,FL00467,4322,USD,2021-10-20,Wise,9.35,success,False
TX0002329,PR000407,FL00260,6376,USD,2023-01-06,Crypto,19.7,refunded,false
TX0002330,PR001024,FL00398,7138,EUR,2020-11-09,Wise,6.17,success,false
TX0002331,PR000551,FL00471,2415,GBP,2021-05-19,Crypto,5.92,success,1
TX0002332,PR000127,FL00334,,USD,2024-09-09,Payoneer,5.45,success,false
TX0002333,PR000760,FL00269,5611,USD,2024-10-09,Crypto,9.96,success,0
TX0002334,PR000390,FL00472,-6475,GBP,2021-09-27,Stripe,6.75,success,true
TX0002335,PR000888,FL00497,1424,USD,2024-12-28,Bank Transfer,16.6,pending,1
TX0002336,PR000781,FL00293,6148,,2020-10-17,PayPal,15.36,refunded,false
TX0002337,PR000415,FL00405,998,,2020-10-19,Wise,8.04,success,True
TX0002338,PR000398,FL00471,4895,USD,2023-09-05,Payoneer,14.07,refunded,false
TX0002339,PR000417,FL00021,693,USD,2023-04-05,Stripe,19.52,success,true
TX0002340,PR000707,FL00002,1834,PKR,2022-06-27,Crypto,11.52,pending,True
TX0002341,PR000381,FL00440,3814,GBP,2024-05-23,Crypto,13.17,pending,0
TX0002342,PR000161,FL00060,1042,USD,2020-03-02,Payoneer,13.41,failed,false
TX0002343,PR000489,FL00351,1279,USD,2022-06-19,Bank Transfer,11.81,pending,false
TX0002344,PR000619,FL00278,4154,GBP,2024-09-10,Bank Transfer,18.44,success,True
TX0002345,PR000400,FL00332,2455,USD,2022-06-18,PayPal,7.29,success,1
TX0002346,PR001180,FL00053,2312,INR,2023-09-07,Payoneer,13.32,success,1
TX0002347,PR000054,FL00152,1284,PKR,2020-06-05,Wise,13.92,failed,False
TX0002348,PR000286,FL00057,3958,PKR,2020-09-24,PayPal,13.69,success,True
TX0002349,PR001016,,2559,INR,2023-12-11,Stripe,8.71,success,0
TX0002350,PR000245,FL00356,2367,USD,2024-08-12,Stripe,16.81,refunded,False
TX0002351,PR000965,FL00226,7400,USD,2022-03-12,Wise,20.01,success,1
TX0002352,PR000295,FL00220,7650,USD,,PayPal,18.75,success,False
TX0002353,PR000790,FL00076,6568,EUR,2020-10-26,Bank Transfer,15.59,failed,False
TX0002354,PR001167,FL00416,4246,INR,2024-05-04,Payoneer,6.27,success,true
TX0002355,PR001143,FL00459,7731,USD,2024-09-26,Stripe,7.66,failed,true
TX0002356,PR001064,FL00039,,EUR,2021-03-18,Crypto,12.12,pending,False
TX0002357,PR001180,FL00428,4767,USD,2024-05-26,Bank Transfer,11.52,refunded,True
TX0002358,PR000870,FL00090,7570,INR,2024-04-18,PayPal,20.55,success,0
TX0002359,PR000014,FL00138,3056,BDT,2022-01-02,Stripe,19.37,success,false
TX0002360,PR000962,FL00281,-7358,USD,2024-10-13,Payoneer,14.68,failed,False
TX0002361,PR000818,FL00192,5001,BDT,2020-10-24,Bank Transfer,13.98,success,true
TX0002362,PR000403,FL00288,6369,GBP,2024-09-26,Bank Transfer,,success,false
TX0002363,PR001025,FL00065,5329,USD,,Crypto,19.66,refunded,False
TX0002364,PR000569,FL00427,6074,USD,2024-06-06,PayPal,14.16,success,0
TX0002365,PR000866,FL00095,2479,PKR,2024-10-10,STRIPE,8.17,success,1
TX0002366,PR000129,FL00344,4549,PKR,2022-12-02,PayPal,,failed,1
TX0002367,PR000008,FL00113,4609,PKR,2023-12-05,Payoneer,16.35,success,false
TX0002368,PR001034,FL00433,4672,USD,2021-06-05,Bank Transfer,20.5,success,False
TX0002369,PR000601,FL00263,,INR,2020-09-10,Crypto,20.4,success,True
TX0002370,PR000401,FL00346,2485,BDT,2022-02-02,Stripe,9.18,success,true
TX0002371,PR001082,FL00433,1016,GBP,2024-07-11,Wise,7.8,success,True
TX0002372,PR000185,FL00476,6201,EUR,2022-01-13,Crypto,7.82,pending,True
TX0002373,PR000938,FL00337,144,INR,2020-02-18,PayPal,,refunded,true
TX0002374,PR000337,,7196,INR,2020-08-24,Crypto,11.77,refunded,true
TX0002375,PR000379,FL00473,6722,GBP,2021-08-26,PayPal,20.84,success,false
TX0002376,PR000900,FL00200,3492,USD,2022-01-09,Crypto,13.42,success,0
TX0002377,PR000796,FL00041,1369,USD,,Wise,9.28,failed,0
TX0002378,PR000143,,1030,,2023-06-18,Wise,7.31,success,1
TX0002379,PR001079,FL00298,4427,USD,2022-07-08,PayPal,6.15,failed,true
TX0002380,PR000700,FL00378,997,PKR,2023-03-15,Stripe,12.67,success,1
TX0002381,PR000228,FL00098,4976,USD,2021-10-18,Bank Transfer,9.54,refunded,False
TX0002382,PR000857,FL00319,6335,INR,2021-04-06,Payoneer,15.72,success,1
TX0002383,PR000493,FL00290,123,BDT,,Crypto,18.7,success,1
TX0002384,PR000938,FL00415,2647,USD,2023-03-26,Bank Transfer,10.9,success,0
TX0002385,PR000322,FL00186,232540,INR,2020-04-12,Crypto,20.82,failed,false
TX0002386,PR000001,,7160,BDT,2020-09-27,PayPal,9.53,failed,true
TX0002387,PR000934,FL00032,-3076,USD,2024-12-28,Crypto,19.19,pending,True
TX0002388,PR001101,FL00099,1763,PKR,2021-02-06,PAYONEER,17.38,success,true
TX0002389,,FL00183,398,USD,2024-05-12,Wise,20.51,success,True
TX0002390,PR000468,FL00344,5663,GBP,2023-12-19,Crypto,20.33,pending,true
TX0002391,PR000322,,6350,GBP,2020-10-29,Crypto,17.15,success,0
TX0002392,PR000710,FL00308,581,PKR,2023-11-01,Stripe,,pending,True
TX0002393,PR000133,FL00009,5960,INR,2020-10-03,PayPal,19.7,success,false
TX0002394,PR000393,FL00427,5634,,2023-10-29,PayPal,19.22,failed,False
TX0002395,PR000959,FL00280,2145,bdt,2022-02-23,Crypto,13.64,failed,false
TX0002396,PR000369,,4196,GBP,,Bank Transfer,10.79,pending,0
TX0002397,PR000093,FL00443,2699,GBP,,,19.02,refunded,1
TX0002398,PR000653,FL00204,5797,EUR,2024-09-05,Stripe,10.61,success,true
TX0002399,PR000130,FL00001,1830,USD,2021-03-30,Wise,6.34,refunded,False
TX0002400,PR000115,FL00126,3711,GBP,2024-02-03,Wise,12.44,success,1
TX0002401,,FL00279,4324,USD,2023-10-28,Crypto,13.8,success,true
TX0002402,PR001020,FL00456,3988,USD,2022-09-26,Payoneer,6.79,failed,false
TX0002403,PR000385,FL00379,3062,GBP,2022-09-29,Crypto,18.05,failed,false
TX0002404,,FL00081,6500,USD,2022-11-07,Bank Transfer,6.0,pending,True
TX0002405,PR000662,FL00238,5523,INR,2020-04-16,PayPal,8.6,success,False
TX0002406,PR000637,FL00139,-6029,INR,2022-08-10,PayPal,16.09,failed,0
TX0002407,PR000133,FL00394,7089,INR,2023-07-19,PayPal,7.73,success,0
TX0002408,PR000598,FL00150,,EUR,2021-05-11,Stripe,14.12,success,false
TX0002409,PR000288,FL00194,5689,USD,2024-08-28,Crypto,9.93,success,False
TX0002410,PR000693,FL00262,2726,GBP,2023-03-18,,14.05,pending,0
TX0002411,PR001199,FL00213,130,usd,2024-09-20,Payoneer,18.81,success,false
TX0002412,PR000245,,6643,PKR,2023-11-24,Stripe,9.72,success,false
TX0002413,PR000494,FL00263,3514,bdt,2023-10-17,Crypto,5.32,pending,false
TX0002414,PR001158,FL00214,5926,BDT,2024-05-14,Stripe,,success,1
TX0002415,PR000141,FL00224,427,EUR,2021-06-05,Bank Transfer,8.5,success,1
TX0002416,PR000765,FL00320,6412,USD,2020-11-12,Stripe,10.43,refunded,1
TX0002417,PR000160,FL00001,4597,USD,2020-04-09,Wise,12.66,success,1
TX0002418,PR000236,FL00268,1260,PKR,2021-06-15,Bank Transfer,14.72,success,true
TX0002419,PR000997,FL00030,7758,USD,2021-11-26,Payoneer,9.01,success,false
TX0002420,PR001187,FL00197,3746,INR,2021-03-28,Wise,17.87,refunded,True
TX0002421,PR000563,FL00212,1920,USD,2023-10-23,PayPal,13.72,pending,false
TX0002422,PR000426,FL00478,4255,USD,2021-01-20,Crypto,18.45,success,False
TX0002423,PR000265,FL00245,2113,GBP,2022-09-09,Bank Transfer,7.63,success,False
TX0002424,PR000223,FL00060,4706,BDT,2021-08-24,PayPal,19.1,failed,True
TX0002425,PR000352,FL00493,1514,GBP,2020-02-11,Bank Transfer,16.66,pending,False
TX0002426,PR000157,FL00016,5375,USD,2024-07-07,Wise,11.77,success,True
TX0002427,PR000597,FL00350,,EUR,2020-03-07,Payoneer,19.62,pending,0
TX0002428,PR000877,FL00066,2489,INR,2024-12-26,Wise,,success,True
TX0002429,PR000897,FL00482,6960,USD,2020-12-17,,11.14,success,False
TX0002430,PR000355,FL00396,7067,GBP,2020-03-07,Wise,17.5,success,false
TX0002431,PR000896,FL00030,6249,USD,2022-03-31,PayPal,14.09,success,true
TX0002432,PR001129,FL00500,7429,USD,2022-03-15,Bank Transfer,6.29,refunded,0
TX0002433,PR000151,FL00134,7705,PKR,2022-08-24,WISE,17.41,pending,1
TX0002434,PR000056,FL00288,,GBP,2021-06-29,Wise,17.6,success,True
TX0002435,PR000373,FL00495,2484,GBP,2022-06-20,Stripe,12.95,success,1
TX0002436,PR001032,,6614,USD,2024-08-19,PayPal,8.18,pending,False
TX0002437,,,4778,PKR,2022-07-04,Crypto,17.23,failed,0
TX0002438,PR000069,FL00181,3223,BDT,2024-06-10,Payoneer,18.71,failed,True
TX0002439,PR000983,FL00145,3334,BDT,2022-12-11,Wise,20.61,pending,False
TX0002440,PR000466,FL00310,7127,USD,,Bank Transfer,19.91,refunded,1
TX0002441,PR001174,FL00214,3151,GBP,2023-02-10,Wise,14.7,pending,1
TX0002442,PR000971,FL00352,5797,INR,2020-10-08,Crypto,7.49,failed,true
TX0002443,PR000305,,-5246,USD,2024-05-07,Bank Transfer,15.63,refunded,False
TX0002444,PR000573,FL00460,2366,USD,2021-01-12,Payoneer,12.77,success,True
TX0002445,PR000125,FL00109,-5530,USD,2021-05-18,PayPal,14.75,success,True
TX0002446,PR000912,FL00203,5071,gbp,2022-10-22,Bank Transfer,6.2,success,0
TX0002447,PR000034,FL00495,3912,USD,2023-01-22,Wise,11.97,refunded,False
TX0002448,PR000601,FL00212,6085,EUR,2024-01-15,Crypto,19.7,pending,true
TX0002449,PR000488,FL00339,3924,USD,2023-10-21,Payoneer,19.22,success,0
TX0002450,PR000557,FL00205,7229,BDT,2021-04-07,Wise,17.97,pending,True
TX0002451,PR000436,FL00300,5600,BDT,,Payoneer,7.02,refunded,true
TX0002452,PR001096,FL00153,2153,EUR,2020-08-09,Crypto,13.42,failed,1
TX0002453,PR000927,FL00157,6227,PKR,2024-04-22,PayPal,19.21,failed,1
TX0002454,PR000707,FL00175,3199,USD,2020-03-14,Wise,10.86,failed,False
TX0002455,PR000580,FL00327,3070,BDT,2024-04-23,,15.81,failed,true
TX0002456,PR000777,FL00170,1782,USD,2023-09-14,Bank Transfer,12.86,success,True
TX0002457,PR000644,FL00488,1593,USD,,Wise,20.36,refunded,True
TX0002458,PR000887,FL00125,4839,USD,2024-04-21,Crypto,5.94,refunded,0
TX0002459,PR000296,FL00331,7346,BDT,2024-02-19,PAYPAL,11.08,success,true
TX0002460,PR000589,FL00059,,usd,2022-12-01,Bank Transfer,6.29,pending,true
TX0002461,PR000411,FL00314,3564,USD,2023-06-04,PayPal,18.11,refunded,true
TX0002462,,FL00096,701703,GBP,,Bank Transfer,11.78,success,1
TX0002463,PR000675,FL00046,367,INR,2024-07-11,PayPal,,refunded,False
TX0002464,PR000625,FL00180,5087,USD,2024-02-07,PayPal,18.27,success,true
TX0002465,PR000774,FL00192,2343,USD,2022-08-01,Stripe,14.32,failed,true
TX0002466,PR000802,FL00247,804,GBP,2022-09-09,BANK TRANSFER,14.27,success,0
TX0002467,PR000579,FL00316,5554,USD,2022-03-01,Wise,10.25,success,False
TX0002468,PR000538,FL00300,325,GBP,2020-08-02,PayPal,16.54,success,1
TX0002469,PR000196,FL00311,850,BDT,2024-12-24,Wise,19.75,pending,true
TX0002470,PR000710,FL00344,1291,INR,2022-09-10,Stripe,17.87,refunded,False
TX0002471,PR000391,FL00483,2717,USD,2021-08-15,Stripe,11.58,success,0
TX0002472,PR001145,FL00363,-2708,INR,2023-10-03,Bank Transfer,12.71,success,0
TX0002473,PR000878,FL00279,5856,USD,2023-11-12,Payoneer,12.27,success,0
TX0002474,PR000734,FL00222,3039,BDT,2021-02-18,Bank Transfer,20.85,success,true
TX0002475,PR001051,FL00491,7182,GBP,2023-07-19,Bank Transfer,17.49,pending,false
TX0002476,PR001107,FL00423,545,EUR,2021-05-23,Wise,6.2,refunded,1
TX0002477,PR000997,FL00236,2382,GBP,2024-05-15,Wise,18.97,success,1
TX0002478,PR000083,FL00142,5273,GBP,2021-11-26,Bank Transfer,18.91,failed,1
TX0002479,PR000809,FL00288,4456,INR,2023-08-24,Wise,7.24,failed,False
TX0002480,PR001080,FL00177,3253,EUR,2024-10-02,Wise,11.72,refunded,True
TX0002481,PR000208,FL00167,-2509,EUR,2024-11-01,Wise,9.55,refunded,True
TX0002482,PR000722,FL00225,2298,EUR,2024-12-01,Crypto,13.98,success,true
TX0002483,PR000307,FL00402,172,USD,2022-08-07,PayPal,17.3,refunded,1
TX0002484,PR000093,FL00187,1709,GBP,2023-05-13,Bank Transfer,16.18,success,false
TX0002485,PR000169,FL00385,2201,BDT,2022-11-14,Wise,10.86,refunded,True
TX0002486,PR000769,FL00244,4577,EUR,2023-01-07,PayPal,,success,0
TX0002487,PR000348,,4631,EUR,2020-01-21,Wise,17.21,failed,True
TX0002488,PR000742,,7874,USD,2023-12-17,Payoneer,15.47,success,1
TX0002489,PR001075,FL00450,814,USD,2021-01-09,Bank Transfer,19.83,success,false
TX0002490,PR001070,FL00028,5717,PKR,2020-08-12,Crypto,11.04,success,0
TX0002491,PR001026,FL00034,7494,GBP,2022-05-08,Stripe,14.93,success,False
TX0002492,PR000877,FL00154,3136,GBP,2022-06-21,PayPal,13.93,refunded,false
TX0002493,PR001072,FL00223,3419,USD,2020-04-03,Bank Transfer,8.81,success,True
TX0002494,PR001003,FL00365,150,INR,2022-11-16,Payoneer,20.22,success,True
TX0002495,PR000249,FL00183,2172,GBP,,Wise,9.7,success,false
TX0002496,PR001076,FL00499,5147,EUR,2024-02-04,Wise,15.44,failed,1
TX0002497,PR000960,FL00138,6506,INR,2023-01-28,Payoneer,11.27,success,False
TX0002498,,FL00048,1770,BDT,2023-09-18,Crypto,14.76,success,1
TX0002499,PR000401,FL00339,7412,GBP,2021-12-10,Stripe,7.91,success,false
TX0002500,PR000939,FL00211,6422,PKR,2022-03-29,PayPal,12.48,failed,true
TX0002501,PR001181,FL00163,1179,INR,2021-09-27,Wise,11.6,refunded,True
TX0002502,PR001105,FL00466,6459,USD,2023-04-17,PayPal,11.4,success,False
TX0002503,PR000742,FL00005,5773,PKR,2023-08-20,Crypto,11.48,failed,1
TX0002504,PR000051,FL00348,1869,USD,2021-06-11,Bank Transfer,10.54,refunded,False
TX0002505,PR000086,FL00287,777,INR,2021-03-09,Crypto,5.12,success,false
TX0002506,,FL00305,785962,INR,2021-12-12,Wise,7.16,refunded,True
TX0002507,PR000474,FL00375,5028,PKR,2021-05-17,Payoneer,20.33,success,false
TX0002508,PR000466,FL00327,6163,USD,2021-03-31,,7.6,failed,false
TX0002509,PR000417,FL00091,-2888,PKR,2024-08-07,Bank Transfer,10.31,success,False
TX0002510,PR000483,FL00285,6795,USD,2022-12-18,Stripe,16.13,success,true
TX0002511,PR000195,FL00244,2754,USD,2020-01-14,Stripe,19.37,failed,False
TX0002512,PR000493,FL00495,5756,PKR,,Payoneer,5.39,success,1
TX0002513,PR000488,FL00200,897468,USD,2023-12-29,PayPal,20.82,success,0
TX0002514,PR000608,,6150,INR,2020-07-16,Stripe,14.84,success,True
TX0002515,PR000491,FL00101,,USD,2021-09-05,Bank Transfer,20.06,refunded,1
TX0002516,PR000165,FL00474,1832,EUR,2020-04-18,Crypto,12.72,success,true
TX0002517,PR000859,FL00400,3279,INR,2022-09-30,Bank Transfer,14.4,failed,True
TX0002518,PR000212,FL00003,434,PKR,2024-05-22,PayPal,13.19,pending,0
TX0002519,PR000536,FL00220,,PKR,2020-05-05,PayPal,9.36,refunded,false
TX0002520,PR000382,FL00272,3768,GBP,2024-01-31,Payoneer,19.01,success,true
TX0002521,PR000439,FL00430,5548,USD,2020-06-30,Wise,5.27,success,0
TX0002522,PR000568,FL00450,841,GBP,2023-04-15,Payoneer,20.01,success,true
TX0002523,PR000551,FL00441,7628,usd,2022-08-16,Stripe,16.76,pending,true
TX0002524,PR000617,FL00174,5561,BDT,2023-11-21,Bank Transfer,8.04,pending,0
TX0002525,PR000001,FL00500,1599,INR,2024-10-22,Bank Transfer,12.53,success,0
TX0002526,PR000958,FL00053,,BDT,2022-05-20,Stripe,19.28,success,false
TX0002527,PR000894,FL00385,-5617,PKR,2022-04-10,Payoneer,19.95,success,1
TX0002528,PR000913,FL00204,3004,EUR,2021-08-06,PayPal,20.41,success,0
TX0002529,PR000361,FL00164,960,INR,2022-03-24,Crypto,14.52,pending,false
TX0002530,PR001125,,540,USD,2020-11-19,PayPal,14.15,failed,true
TX0002531,,FL00428,6932,EUR,2020-04-20,Crypto,7.13,success,false
TX0002532,PR000216,FL00212,5355,PKR,2024-10-07,Wise,14.45,refunded,0
TX0002533,PR000683,FL00381,7998,USD,2020-09-09,Crypto,10.88,success,0
TX0002534,PR000004,FL00168,2034,USD,2021-11-06,PayPal,10.36,success,false
TX0002535,PR000360,FL00272,6039,INR,2022-10-13,Crypto,18.72,failed,True
TX0002536,PR000615,,4683,INR,2020-12-28,Stripe,9.23,success,False
TX0002537,PR000895,FL00172,6690,GBP,2021-10-02,Crypto,6.64,failed,False
TX0002538,PR000635,FL00223,4692,USD,2021-09-16,Payoneer,10.04,success,False
TX0002539,PR000981,FL00231,7005,pkr,2020-08-21,PayPal,5.71,success,false
TX0002540,PR000945,FL00492,4734,GBP,2020-06-24,Stripe,19.03,failed,True
TX0002541,PR000998,FL00025,4847,BDT,2021-01-21,Bank Transfer,14.96,refunded,1
TX0002542,PR001126,FL00313,2767,PKR,2023-01-12,Bank Transfer,20.09,refunded,false
TX0002543,PR000320,FL00488,3504,PKR,2020-06-27,PAYONEER,13.84,success,false
TX0002544,PR000902,FL00181,4941,INR,2024-12-08,Stripe,16.18,pending,1
TX0002545,PR001187,FL00350,7651,BDT,2022-08-02,Crypto,9.21,pending,False
TX0002546,,FL00351,3774,GBP,2023-04-27,Stripe,6.23,refunded,true
TX0002547,,FL00331,7423,GBP,2022-10-08,Wise,12.61,failed,0
TX0002548,PR001005,FL00484,3908,EUR,2023-04-13,PayPal,19.83,pending,false
TX0002549,PR001149,FL00255,3632,INR,2024-04-25,PayPal,16.06,failed,0
TX0002550,PR000123,FL00500,3385,BDT,2020-07-25,,12.55,refunded,False
TX0002551,PR000092,FL00379,6784,USD,2021-12-08,Stripe,20.54,success,0
TX0002552,PR000369,FL00399,2853,usd,2023-08-08,Payoneer,8.75,refunded,true
TX0002553,PR000031,FL00173,7015,USD,2022-04-10,PayPal,6.9,failed,false
TX0002554,PR000548,FL00288,,INR,2020-10-25,Stripe,20.73,success,True
TX0002555,PR000758,FL00327,7575,USD,2023-05-21,PayPal,5.7,refunded,False
TX0002556,PR001055,FL00238,3430,GBP,2023-01-09,Crypto,19.62,pending,True
TX0002557,PR000061,FL00162,3420,USD,2024-07-26,Stripe,10.58,failed,false
TX0002558,PR000184,FL00200,2520,EUR,2021-07-29,Bank Transfer,5.47,success,False
TX0002559,PR000341,FL00279,4123,BDT,,,18.67,failed,False
TX0002560,PR000867,FL00365,3266,USD,,Payoneer,12.49,success,true
TX0002561,PR000417,FL00441,3572,PKR,2022-07-10,Wise,17.38,success,False
TX0002562,PR000130,FL00100,450,GBP,2021-08-31,Bank Transfer,18.82,refunded,False
TX0002563,PR000922,FL00065,4623,PKR,2021-06-01,Crypto,,refunded,0
TX0002564,PR000294,FL00215,1332,usd,2021-12-17,Bank Transfer,8.95,success,1
TX0002565,PR000532,FL00122,1808,BDT,2021-12-01,Stripe,19.08,success,0
TX0002566,PR000154,FL00290,5910,PKR,2024-07-23,Stripe,11.91,success,False
TX0002567,PR000596,FL00225,5475,USD,2022-01-21,,14.02,success,0
TX0002568,PR000505,FL00444,-6557,EUR,2021-12-04,Wise,9.77,success,0
TX0002569,PR000959,FL00424,4271,EUR,2024-08-23,Bank Transfer,10.34,failed,0
TX0002570,PR000666,FL00450,1964,USD,2021-07-29,Wise,7.68,success,true
TX0002571,PR000255,FL00329,7662,GBP,2024-06-10,CRYPTO,7.63,failed,0
TX0002572,PR000601,FL00034,372,EUR,2024-11-29,Wise,7.45,success,True
TX0002573,PR001193,FL00421,3009,PKR,2021-09-04,Bank Transfer,17.11,success,true
TX0002574,PR000006,FL00257,131258,INR,2024-12-01,Wise,13.69,success,True
TX0002575,PR000980,FL00104,1123,GBP,2020-05-13,Bank Transfer,,success,true
TX0002576,PR000973,FL00304,763,USD,2024-06-22,Stripe,,refunded,true
TX0002577,PR000867,FL00033,3755,USD,2024-04-21,Stripe,20.26,success,True
TX0002578,PR000953,,4771,USD,2022-04-27,Bank Transfer,11.58,refunded,True
TX0002579,PR000899,,6411,INR,2021-01-01,Bank Transfer,16.76,success,false
TX0002580,,FL00354,951,USD,2024-12-14,BANK TRANSFER,9.58,success,0
TX0002581,PR000124,FL00341,7074,BDT,2022-10-30,Stripe,5.15,pending,true
TX0002582,PR001158,FL00469,7064,USD,2021-09-01,Crypto,16.32,refunded,false
TX0002583,PR000362,,6214,USD,2023-12-07,Crypto,14.39,refunded,false
TX0002584,PR000967,FL00420,5612,EUR,2023-01-03,PayPal,,success,false
TX0002585,PR001070,FL00070,7581,PKR,2023-11-11,PayPal,10.36,pending,True
TX0002586,PR000905,FL00058,408,PKR,2021-05-27,Bank Transfer,5.88,success,true
TX0002587,PR001063,FL00124,4888,EUR,2020-03-23,Stripe,5.6,refunded,False
TX0002588,PR000784,FL00358,7393,USD,2020-11-14,Bank Transfer,8.33,success,True
TX0002589,PR000424,FL00446,88,USD,2020-09-09,CRYPTO,8.13,pending,True
TX0002590,PR001188,FL00015,3905,USD,2020-12-28,Crypto,17.14,pending,1
TX0002591,PR000604,FL00219,3368,BDT,2021-09-09,Crypto,9.88,pending,true
TX0002592,PR000426,FL00395,585,USD,2023-09-14,Crypto,11.08,refunded,True
TX0002593,PR000485,FL00227,6346,USD,2020-04-12,,8.78,failed,True
TX0002594,PR000071,FL00455,2107,BDT,2021-07-28,Stripe,15.89,pending,True
TX0002595,PR000621,FL00287,371,USD,,Crypto,14.36,refunded,1
TX0002596,PR001079,FL00375,5670,PKR,2020-10-16,Bank Transfer,8.07,success,1
TX0002597,PR000990,FL00465,2757,INR,2021-04-09,Crypto,8.99,success,False
TX0002598,PR000628,FL00226,7237,GBP,2023-06-17,Wise,,refunded,1
TX0002599,PR000363,FL00042,976,BDT,2024-08-16,Bank Transfer,10.47,failed,1
TX0002600,PR000213,FL00007,5503,INR,2022-04-16,PayPal,8.61,failed,1
TX0002601,PR000368,FL00415,6679,USD,,Bank Transfer,17.32,success,False
TX0002602,PR000504,FL00064,315,USD,2020-08-02,Payoneer,,success,true
TX0002603,PR000362,FL00476,134,BDT,2023-11-03,Bank Transfer,19.72,failed,True
TX0002604,,FL00419,6764,GBP,2020-10-27,Payoneer,7.35,pending,0
TX0002605,PR000677,FL00388,2195,EUR,2024-01-16,Stripe,18.29,success,True
TX0002606,PR000293,FL00108,3519,PKR,2020-12-27,PayPal,12.33,failed,0
TX0002607,PR001011,FL00212,7416,USD,2020-06-13,Crypto,5.43,refunded,1
TX0002608,PR000344,FL00198,6446,USD,2021-02-03,Payoneer,15.04,success,true
TX0002609,PR000924,FL00224,5185,USD,2021-07-29,Crypto,18.54,pending,false
TX0002610,PR000268,FL00078,3584,USD,2021-02-23,PayPal,,success,false
TX0002611,PR000844,FL00116,4629,EUR,2021-01-20,Stripe,8.31,success,True
TX0002612,PR000063,FL00414,338,USD,2023-12-27,Bank Transfer,20.25,success,False
TX0002613,PR000554,FL00461,3618,EUR,2023-04-23,Bank Transfer,19.2,success,False
TX0002614,PR000239,FL00246,-534,INR,2023-09-15,Payoneer,5.4,pending,False
TX0002615,PR001010,FL00296,2336,PKR,2023-08-23,,19.01,success,0
TX0002616,PR000426,FL00243,1026,PKR,2024-07-24,Crypto,12.4,refunded,1
TX0002617,PR000619,FL00243,4857,INR,2023-05-04,Bank Transfer,,success,True
TX0002618,PR000375,FL00485,3950,GBP,2021-06-15,Wise,17.85,success,0
TX0002619,PR000643,FL00310,6269,USD,2022-06-09,PayPal,10.99,failed,1
TX0002620,PR000997,FL00014,2138,GBP,2021-06-19,PayPal,15.89,failed,False
TX0002621,PR000572,FL00015,3655,INR,2022-04-05,PayPal,19.94,pending,false
TX0002622,PR001035,FL00106,2980,GBP,,Stripe,6.04,refunded,False
TX0002623,PR000272,FL00478,1661,EUR,2020-03-18,Stripe,14.13,pending,false
TX0002624,PR000265,FL00394,6913,USD,2024-08-08,Crypto,9.19,success,0
TX0002625,PR000458,FL00056,1541,PKR,2024-08-25,PayPal,5.4,failed,false
TX0002626,PR001036,,6035,USD,2020-09-02,Stripe,9.05,success,1
TX0002627,,FL00464,6522,USD,2022-01-29,WISE,20.97,refunded,false
TX0002628,PR000382,FL00284,4918,BDT,2024-11-02,Stripe,9.99,success,false
TX0002629,PR000479,FL00390,6135,,2021-05-16,Crypto,17.07,pending,True
TX0002630,PR000121,FL00280,5700,PKR,2021-09-28,PAYONEER,10.27,pending,true
TX0002631,PR001100,FL00044,4941,GBP,2022-01-17,Bank Transfer,20.65,success,True
TX0002632,PR000381,FL00405,4927,USD,2021-09-04,Crypto,19.12,pending,0
TX0002633,PR000610,FL00431,4443,INR,2023-08-15,Crypto,15.13,success,0
TX0002634,PR000026,FL00487,7281,INR,2023-10-02,Wise,14.4,success,1
TX0002635,PR000114,FL00344,4879,EUR,2022-05-13,Stripe,9.19,refunded,False
TX0002636,PR000987,FL00474,3387,BDT,2020-04-17,Wise,13.99,success,true
TX0002637,,FL00279,2204,GBP,2020-07-26,Bank Transfer,5.27,refunded,1
TX0002638,PR000477,FL00336,3792,BDT,2021-06-28,Wise,7.67,success,1
TX0002639,PR000645,FL00085,7343,USD,2024-07-09,Bank Transfer,8.18,pending,True
TX0002640,PR000891,FL00479,5400,USD,2021-06-01,Wise,15.37,failed,0
TX0002641,PR000463,FL00125,3796,EUR,2020-08-07,Payoneer,9.63,failed,True
TX0002642,PR000106,FL00033,1331,PKR,2021-11-24,PayPal,15.11,success,true
TX0002643,PR000353,FL00286,7604,USD,2022-10-11,Wise,13.36,success,false
TX0002644,PR000078,FL00243,-4499,,2022-05-14,Wise,18.55,success,True
TX0002645,PR001120,FL00358,6016,GBP,2021-12-15,Stripe,19.35,success,False
TX0002646,PR000945,FL00226,7710,GBP,2024-09-21,Crypto,7.21,success,False
TX0002647,PR000219,FL00347,5664,USD,2022-12-17,PayPal,11.64,success,True
TX0002648,PR000599,FL00321,3395,,2022-11-10,Wise,20.65,failed,0
TX0002649,PR000362,FL00069,965,BDT,2020-01-02,Wise,7.34,refunded,1
TX0002650,PR000074,FL00107,7519,EUR,2022-10-24,Stripe,11.13,success,0
TX0002651,PR000765,FL00368,1713,PKR,2021-02-16,Bank Transfer,5.5,failed,1
TX0002652,PR000987,FL00422,1187,pkr,2022-08-12,Wise,14.81,pending,0
TX0002653,PR000016,FL00158,2471,USD,2024-03-15,Payoneer,6.78,pending,True
TX0002654,PR000514,FL00266,5975,EUR,2020-10-13,Bank Transfer,20.38,refunded,false
TX0002655,PR000986,FL00436,3911,BDT,2023-05-23,Stripe,,success,false
TX0002656,PR000040,,866195,BDT,2022-08-22,PayPal,15.93,failed,0
TX0002657,,,1201,BDT,2020-06-25,,19.44,failed,true
TX0002658,PR000132,FL00326,1200,GBP,2022-08-05,Wise,,failed,0
TX0002659,PR000269,FL00450,1726,GBP,2020-06-12,Bank Transfer,13.58,success,False
TX0002660,PR000061,FL00202,2361,EUR,2023-03-12,Bank Transfer,16.43,success,0
TX0002661,PR000388,FL00250,486,GBP,2020-06-17,Payoneer,14.17,success,False
TX0002662,PR001085,FL00359,3617,BDT,2020-04-19,PayPal,10.66,success,false
TX0002663,PR000023,FL00146,4107,PKR,2020-12-08,Stripe,16.15,pending,1
TX0002664,PR001042,FL00216,1204,PKR,2024-10-11,Payoneer,17.03,success,0
TX0002665,PR001019,FL00108,1544,GBP,2021-03-04,Wise,,success,1
TX0002666,PR000336,FL00236,173,GBP,2021-10-26,PayPal,12.6,success,0
TX0002667,PR000291,FL00347,1265,PKR,2021-04-28,PayPal,12.12,success,1
TX0002668,,FL00189,2905,USD,,Wise,10.83,success,False
TX0002669,PR000903,FL00167,1707,EUR,2020-06-29,Stripe,6.64,success,false
TX0002670,PR000146,FL00416,666,GBP,2022-07-20,Wise,11.13,pending,true
TX0002671,PR001180,FL00287,7351,,2024-02-08,,,success,1
TX0002672,PR000094,FL00289,1780,USD,2020-01-24,PayPal,15.54,success,true
TX0002673,,FL00183,5694,USD,2021-07-30,Bank Transfer,20.05,success,False
TX0002674,PR000565,FL00333,,,2024-06-17,Payoneer,18.56,success,0
TX0002675,PR000177,FL00340,122,GBP,2022-03-10,Crypto,12.3,success,false
TX0002676,PR000490,FL00413,6583,USD,2021-10-27,Stripe,7.41,success,false
TX0002677,PR000471,FL00335,7788,EUR,2022-05-28,Bank Transfer,17.1,success,0
TX0002678,PR000207,FL00064,5733,gbp,2023-11-29,,5.81,failed,true
TX0002679,PR001081,FL00116,1813,PKR,2022-03-30,PayPal,10.07,success,true
TX0002680,PR000699,FL00182,4281,BDT,2020-09-23,Stripe,20.04,pending,1
TX0002681,PR000761,FL00495,2680,EUR,2024-05-06,Crypto,16.05,pending,0
TX0002682,PR000270,FL00115,3346,USD,2021-05-30,Wise,15.56,success,true
TX0002683,PR000093,FL00067,7715,PKR,2023-12-28,PayPal,11.49,success,true
TX0002684,PR001004,FL00119,7936,GBP,2020-12-13,Stripe,13.77,success,True
TX0002685,PR000172,FL00130,294993,USD,,PayPal,11.63,failed,0
TX0002686,PR000694,FL00406,5081,INR,2020-10-18,Crypto,,success,True
TX0002687,PR000072,FL00155,1426,BDT,2024-06-19,PayPal,16.77,success,1
TX0002688,PR000511,FL00324,4882,BDT,2024-10-03,Crypto,5.42,pending,true
TX0002689,PR000894,FL00217,5141,USD,2022-03-11,,,success,1
TX0002690,PR000431,FL00371,,USD,2023-08-10,PayPal,15.57,success,false
TX0002691,PR000045,FL00218,1545,BDT,,PayPal,15.22,success,False
TX0002692,PR000999,FL00243,2936,PKR,2022-04-08,Wise,11.66,pending,0
TX0002693,PR000171,FL00144,7903,EUR,2024-02-06,,18.6,refunded,True
TX0002694,PR000663,FL00444,771,PKR,2024-03-16,WISE,13.53,failed,True
TX0002695,PR000607,FL00305,625176,EUR,2024-12-27,PayPal,17.64,pending,true
TX0002696,PR000697,FL00438,363,USD,2023-05-19,Payoneer,5.43,pending,false
TX0002697,PR000609,FL00441,1623,GBP,2020-02-18,BANK TRANSFER,6.23,failed,1
TX0002698,PR000604,FL00342,6663,USD,2020-06-02,,11.0,pending,true
TX0002699,PR000650,FL00066,673,GBP,2022-01-18,PayPal,20.63,refunded,True
TX0002700,PR000603,FL00464,7265,EUR,2023-09-08,Wise,7.32,refunded,true
TX0002701,,FL00224,223,EUR,2020-04-17,Wise,13.12,success,0
TX0002702,PR000668,FL00134,328,PKR,2020-05-20,Payoneer,12.93,pending,0
TX0002703,PR000628,FL00221,5633,USD,2020-03-03,PayPal,9.84,success,False
TX0002704,PR000274,FL00082,-7960,BDT,2024-04-24,Stripe,13.47,success,False
TX0002705,PR000407,FL00282,366,USD,2022-11-11,Stripe,10.9,pending,False
TX0002706,PR000970,FL00291,3062,EUR,2023-12-14,Payoneer,5.58,success,false
TX0002707,PR000115,FL00038,,BDT,2024-04-02,Payoneer,11.15,success,False
TX0002708,PR000409,FL00258,-2977,GBP,2023-06-11,Crypto,18.72,refunded,True
TX0002709,PR000442,FL00030,3533,BDT,2024-03-20,Wise,15.27,refunded,True
TX0002710,PR000344,FL00241,5259,,2022-03-17,Wise,6.52,success,true
TX0002711,PR001012,FL00099,1112,INR,2021-06-14,Wise,20.78,pending,false
TX0002712,PR000743,FL00033,2925,USD,,Wise,17.75,failed,true
TX0002713,PR001104,FL00288,7854,USD,2021-03-13,Payoneer,19.31,refunded,false
TX0002714,PR000138,FL00021,436,GBP,2022-08-05,PAYPAL,15.9,failed,0
TX0002715,PR000537,FL00371,6387,USD,2020-01-09,Bank Transfer,19.96,pending,false
TX0002716,PR001009,FL00342,4839,INR,2024-12-22,Stripe,10.44,success,True
TX0002717,PR000649,FL00426,67,EUR,2022-12-05,PayPal,18.85,success,true
TX0002718,PR001109,FL00279,1848,,2023-12-20,Payoneer,16.57,success,true
TX0002719,PR000316,FL00255,478879,PKR,2023-09-24,Wise,9.5,success,false
TX0002720,PR000853,FL00075,,GBP,2024-08-30,Crypto,18.36,success,false
TX0002721,PR000186,FL00327,1398,PKR,2021-03-22,Payoneer,18.6,refunded,false
TX0002722,PR000105,FL00375,2545,BDT,2020-10-15,Payoneer,11.23,success,1
TX0002723,PR000105,FL00059,3641,BDT,2020-04-24,Stripe,5.38,success,false
TX0002724,PR000186,FL00272,5541,BDT,2022-01-25,Stripe,14.2,pending,True
TX0002725,PR000765,FL00387,4067,INR,2022-01-31,PayPal,14.6,pending,False
TX0002726,PR000003,FL00047,825,INR,2020-01-25,Stripe,8.28,success,true
TX0002727,PR000929,FL00465,2866,EUR,2023-11-28,Wise,20.89,success,false
TX0002728,PR000599,FL00047,7454,EUR,2023-11-24,Bank Transfer,11.45,success,true
TX0002729,PR000009,FL00183,1965,GBP,2023-10-04,Payoneer,11.91,success,0
TX0002730,PR000456,FL00484,2840,INR,,Crypto,20.99,pending,False
TX0002731,PR000685,FL00063,5214,usd,2024-12-23,,16.87,success,1
TX0002732,PR000482,FL00171,5773,PKR,2022-10-28,Payoneer,18.83,success,1
TX0002733,PR001181,FL00245,2477,INR,2021-10-02,Crypto,11.51,success,false
TX0002734,PR000869,FL00011,5063,EUR,2024-01-31,Bank Transfer,15.71,refunded,True
TX0002735,PR000601,FL00338,1335,GBP,2024-11-26,Payoneer,17.18,success,0
TX0002736,PR001097,FL00236,765,EUR,2020-07-12,Bank Transfer,17.04,success,True
TX0002737,PR000565,FL00384,4409,INR,2023-07-16,Crypto,11.8,failed,0
TX0002738,PR001085,FL00385,1941,GBP,2021-08-08,Crypto,8.13,pending,0
TX0002739,PR000746,FL00438,2055,EUR,2024-04-15,Stripe,5.52,pending,false
TX0002740,PR000635,FL00296,2260,EUR,2024-05-24,Crypto,6.05,success,true
TX0002741,PR001175,FL00319,6498,BDT,2024-02-10,Crypto,18.47,success,0
TX0002742,PR000476,FL00389,7785,EUR,2023-12-20,PayPal,19.37,success,0
TX0002743,PR000350,FL00181,6811,usd,2021-03-14,Wise,18.68,success,True
TX0002744,PR000856,FL00396,7063,USD,2022-05-09,Wise,14.15,refunded,False
TX0002745,PR000202,FL00418,2050,BDT,,Bank Transfer,10.01,refunded,1
TX0002746,PR000610,FL00018,3914,USD,2020-09-11,Payoneer,19.93,success,False
TX0002747,PR000314,FL00172,4434,eur,2021-11-28,PayPal,8.92,success,False
TX0002748,PR000570,FL00195,-6997,EUR,2023-09-12,Payoneer,7.0,failed,0
TX0002749,PR000154,FL00465,4714,USD,2022-09-16,Bank Transfer,6.32,success,0
TX0002750,PR000711,FL00432,1757,USD,2023-04-15,Payoneer,13.59,failed,true
TX0002751,PR000354,FL00471,5852,EUR,2021-07-15,,16.13,pending,False
TX0002752,PR001084,FL00350,-7977,USD,2020-01-23,Bank Transfer,8.11,success,False
TX0002753,PR000615,FL00154,7001,EUR,2021-12-30,,10.55,success,true
TX0002754,PR000199,FL00216,6898,BDT,2023-10-10,Payoneer,15.31,success,false
TX0002755,PR000735,FL00449,3721,BDT,2024-05-27,Payoneer,9.93,success,0
TX0002756,PR000969,FL00165,400103,USD,2021-03-04,PayPal,12.0,failed,true
TX0002757,PR001001,FL00465,3007,GBP,2024-12-02,Crypto,,success,True
TX0002758,PR000210,FL00464,4363,INR,2024-11-02,Payoneer,8.08,failed,true
TX0002759,,FL00453,5915,BDT,2021-10-23,Bank Transfer,8.5,success,true
TX0002760,PR000688,FL00389,831,BDT,2022-11-10,,,failed,true
TX0002761,PR000054,FL00369,467,INR,,Crypto,9.92,pending,1
TX0002762,PR000647,FL00363,549,USD,2020-01-29,Payoneer,5.73,success,false
TX0002763,PR000732,FL00004,4904,PKR,2022-12-07,Bank Transfer,6.6,refunded,True
TX0002764,PR000151,FL00221,683,EUR,2022-04-30,Stripe,18.04,refunded,1
TX0002765,PR000829,FL00403,7920,USD,2022-10-24,Wise,18.5,success,1
TX0002766,PR000778,FL00088,3741,USD,2022-05-07,BANK TRANSFER,14.35,success,0
TX0002767,PR000187,,7252,BDT,2021-10-13,Crypto,17.02,success,False
TX0002768,PR000685,FL00011,,BDT,2024-04-03,Wise,5.01,pending,0
TX0002769,PR000359,FL00303,671,,2022-05-15,Stripe,20.71,pending,false
TX0002770,PR000953,FL00067,2088,gbp,2020-07-26,PAYPAL,11.34,failed,false
TX0002771,PR000739,FL00041,7207,usd,2020-05-03,Bank Transfer,6.18,success,false
TX0002772,PR001066,FL00279,3894,BDT,2023-10-18,Crypto,11.03,refunded,false
TX0002773,PR001078,FL00131,4027,USD,2023-03-17,Stripe,10.94,success,1
TX0002774,PR000529,FL00233,4783,PKR,2022-06-02,PayPal,5.75,success,1
TX0002775,PR000787,FL00247,4440,PKR,2024-08-16,Crypto,,success,1
TX0002776,PR000658,FL00213,6505,PKR,2024-10-22,Payoneer,14.96,failed,True
TX0002777,PR000272,FL00408,1736,PKR,2023-09-11,Payoneer,7.77,success,true
TX0002778,PR001003,,1909,USD,2023-04-18,Payoneer,10.18,success,True
TX0002779,,FL00242,3709,USD,2023-06-21,Bank Transfer,19.57,refunded,true
TX0002780,PR000464,FL00244,,PKR,2021-05-06,Wise,20.32,success,0
TX0002781,PR000007,FL00102,4535,GBP,2024-06-08,PayPal,13.19,pending,false
TX0002782,PR000034,FL00069,2158,PKR,2024-10-12,PayPal,12.05,refunded,false
TX0002783,PR000505,FL00263,4776,bdt,2022-09-20,Payoneer,13.74,success,false
TX0002784,PR000689,FL00126,-889,BDT,2021-07-23,Wise,19.07,success,False
TX0002785,PR001038,FL00259,7251,USD,2020-04-16,Crypto,7.11,pending,False
TX0002786,PR000371,FL00188,3552,USD,2022-04-08,Crypto,8.85,pending,true
TX0002787,PR000790,FL00065,4754,USD,2021-06-17,Bank Transfer,9.44,success,true
TX0002788,PR000632,FL00030,4690,USD,2024-06-18,Wise,20.19,pending,False
TX0002789,PR000779,FL00347,2863,USD,2020-02-07,Crypto,,success,False
TX0002790,PR000674,FL00453,4546,USD,2024-11-21,Payoneer,10.76,success,1
TX0002791,PR000942,FL00235,6370,INR,2020-02-22,Crypto,15.87,success,false
TX0002792,PR000504,FL00062,6286,BDT,2021-01-22,Bank Transfer,19.57,refunded,0
TX0002793,PR000442,FL00281,2555,EUR,2020-09-17,Crypto,19.34,success,1
TX0002794,PR000045,FL00074,2477,GBP,2022-07-09,PayPal,13.97,refunded,0
TX0002795,PR000490,,7221,USD,2020-08-13,Payoneer,11.43,success,true
TX0002796,PR000754,FL00011,596,PKR,2020-08-07,PayPal,5.04,success,0
TX0002797,PR000645,FL00182,161,EUR,2021-12-08,Crypto,12.69,pending,false
TX0002798,PR000301,FL00216,5986,EUR,2024-08-09,Bank Transfer,6.51,success,1
TX0002799,PR000889,FL00086,5168,USD,2022-03-18,Crypto,8.37,refunded,0
TX0002800,PR000364,FL00270,885,INR,2021-12-13,Payoneer,12.51,success,False
TX0002801,PR000528,FL00255,4276,USD,2023-03-22,Wise,18.44,success,1
TX0002802,PR000469,FL00137,2733,USD,2020-05-09,Wise,12.77,refunded,false
TX0002803,PR000496,FL00325,-504,BDT,2023-06-15,Bank Transfer,20.39,success,true
TX0002804,PR000281,FL00212,2799,USD,2022-05-23,Payoneer,18.44,success,True
TX0002805,,FL00452,4445,USD,2024-10-03,Stripe,6.62,success,false
TX0002806,PR000871,FL00224,1402,USD,2024-10-03,Payoneer,10.34,success,1
TX0002807,PR000877,FL00210,4832,GBP,2023-12-08,Crypto,5.44,success,True
TX0002808,PR001164,FL00137,4138,USD,2021-02-03,Stripe,7.97,failed,1
TX0002809,PR000971,FL00224,498,USD,2020-03-15,PayPal,10.67,success,0
TX0002810,PR001185,FL00098,993,GBP,2020-08-08,Wise,9.0,success,False
TX0002811,PR000468,FL00063,5720,GBP,2022-12-09,Bank Transfer,19.34,success,0
TX0002812,PR000241,FL00036,2600,BDT,2022-07-03,PayPal,20.74,success,1
TX0002813,PR000377,FL00217,5661,PKR,2023-12-31,Stripe,11.95,failed,0
TX0002814,PR000484,FL00494,4921,PKR,2020-02-21,Wise,18.63,failed,True
TX0002815,PR001151,,311,GBP,2022-07-15,Crypto,17.37,success,0
TX0002816,PR000210,FL00225,1806,GBP,2024-11-06,Stripe,20.07,failed,True
TX0002817,PR000735,FL00086,1114,USD,2024-09-08,Crypto,19.05,failed,true
TX0002818,PR000423,FL00436,88,BDT,2024-12-19,Wise,7.87,pending,False
TX0002819,PR001048,FL00088,252357,USD,2022-11-11,Crypto,20.41,refunded,1
TX0002820,PR000896,FL00262,3987,INR,2022-05-11,PayPal,10.68,success,0
TX0002821,PR000510,FL00324,2088,USD,2023-02-26,Crypto,5.83,success,true
TX0002822,,FL00231,1053,EUR,2023-11-24,PayPal,14.23,refunded,true
TX0002823,PR001153,FL00002,1727,USD,2022-10-19,Crypto,9.44,success,False
TX0002824,PR000641,FL00221,6245,INR,2024-06-20,Payoneer,5.93,success,True
TX0002825,PR000776,FL00025,5968,GBP,2023-08-17,Crypto,19.6,success,0
TX0002826,PR000441,,1976,PKR,2020-01-13,Crypto,13.3,pending,0
TX0002827,PR000699,FL00399,1626,usd,2022-01-16,Crypto,14.72,pending,true
TX0002828,PR000260,FL00431,1429,PKR,2023-09-10,Crypto,8.87,refunded,1
TX0002829,PR000539,FL00411,5223,INR,2022-03-06,Stripe,10.34,pending,0
TX0002830,,FL00130,7800,USD,2020-11-01,Wise,8.62,failed,True
TX0002831,PR000711,FL00327,3572,BDT,2024-09-20,Wise,8.71,failed,false
TX0002832,PR000850,FL00441,6764,USD,2021-09-11,PayPal,19.61,success,1
TX0002833,PR000994,FL00076,4052,BDT,2023-04-17,Stripe,17.78,failed,1
TX0002834,PR000093,FL00312,2262,USD,2024-08-01,PayPal,20.42,success,1
TX0002835,PR000173,FL00480,571,USD,2021-05-20,Payoneer,11.21,success,True
TX0002836,,FL00499,5636,pkr,2022-01-10,Wise,17.97,success,0
TX0002837,PR000195,FL00169,1191,USD,2024-08-22,PayPal,9.6,success,False
TX0002838,PR000246,FL00448,5020,GBP,2022-02-15,PayPal,12.73,failed,0
TX0002839,PR000035,FL00089,,INR,,Wise,12.0,pending,true
TX0002840,PR000390,FL00333,6812,GBP,2024-05-13,Wise,9.76,success,0
TX0002841,PR000879,FL00192,681,INR,2022-12-20,Payoneer,16.3,failed,0
TX0002842,PR001113,FL00116,7623,INR,2023-09-02,Payoneer,13.75,success,0
TX0002843,PR000709,FL00374,4068,BDT,2020-08-31,Bank Transfer,10.7,success,False
TX0002844,PR000600,FL00265,3568,GBP,2022-10-17,Stripe,14.25,pending,0
TX0002845,PR001161,FL00022,2937,USD,2024-08-14,Bank Transfer,17.68,refunded,False
TX0002846,PR000287,FL00283,1239,GBP,2020-10-26,Wise,11.81,failed,True
TX0002847,PR001103,FL00127,7537,INR,2022-09-11,Wise,14.02,success,True
TX0002848,PR001162,,7967,USD,2022-02-21,Crypto,16.35,success,1
TX0002849,PR000773,FL00165,587,USD,2022-01-20,Wise,12.76,success,False
TX0002850,,FL00482,4883,GBP,2020-01-24,Bank Transfer,15.82,refunded,1
TX0002851,PR000217,FL00198,2655,bdt,,Crypto,6.79,pending,false
TX0002852,PR000650,FL00220,1229,BDT,2024-12-15,Wise,12.13,refunded,0
TX0002853,PR000903,FL00434,2832,GBP,,Stripe,17.96,failed,true
TX0002854,PR001145,FL00140,7321,GBP,2021-07-03,PayPal,20.27,failed,True
TX0002855,PR001129,FL00189,-7590,USD,2023-02-07,Bank Transfer,,pending,1
TX0002856,PR001132,FL00198,6003,PKR,2024-09-14,Crypto,16.78,success,False
TX0002857,PR000994,FL00177,615,EUR,2024-01-26,Wise,13.01,failed,0
TX0002858,PR000165,FL00075,,GBP,2023-02-28,PayPal,14.16,failed,1
TX0002859,PR000492,FL00110,1226,USD,2021-10-30,PayPal,7.52,success,1
TX0002860,PR000951,FL00091,540,EUR,2020-07-12,Crypto,12.06,success,1
TX0002861,PR000097,FL00380,,,2024-07-28,Crypto,12.31,success,false
TX0002862,,FL00084,5526,USD,2020-09-02,Payoneer,17.11,failed,1
TX0002863,PR000399,FL00147,7084,INR,2020-07-06,Payoneer,10.86,pending,false
TX0002864,PR000450,FL00101,3689,INR,2024-01-19,Stripe,12.06,success,true
TX0002865,PR000337,FL00018,5641,EUR,2023-10-03,Crypto,11.64,success,True
TX0002866,PR000603,FL00256,7640,USD,2020-02-04,Crypto,19.35,failed,False
TX0002867,,FL00384,2409,EUR,2021-10-28,Crypto,12.97,failed,0
TX0002868,PR000561,FL00048,-472,BDT,2022-11-06,Payoneer,15.07,refunded,1
TX0002869,PR000145,FL00161,2664,INR,2024-10-23,Stripe,13.55,refunded,False
TX0002870,,FL00386,912446,PKR,2021-12-23,Bank Transfer,18.32,success,True
TX0002871,PR000720,FL00180,3698,pkr,2020-11-17,Payoneer,7.27,success,false
TX0002872,PR000649,FL00064,7923,USD,2023-10-25,Payoneer,20.64,success,0
TX0002873,PR000139,FL00478,5377,usd,2020-02-03,PayPal,,failed,1
TX0002874,PR000365,FL00033,1435,,2023-06-01,PayPal,20.11,success,true
TX0002875,PR000382,FL00393,,USD,2023-11-15,Bank Transfer,12.47,refunded,False
TX0002876,PR000373,,6728,USD,2020-08-05,Wise,14.35,success,false
TX0002877,PR000528,FL00236,7442,EUR,2022-06-15,Payoneer,10.86,success,true
TX0002878,PR000912,FL00189,7473,PKR,2021-01-12,Stripe,,success,False
TX0002879,PR000706,FL00252,-4534,BDT,2021-06-10,WISE,17.56,pending,0
TX0002880,PR001002,FL00416,7141,GBP,2023-09-18,Wise,,success,1
TX0002881,PR000702,FL00459,7108,BDT,2024-01-13,Wise,16.94,refunded,1
TX0002882,PR000373,FL00241,4323,USD,2024-02-12,PayPal,10.3,refunded,1
TX0002883,PR000989,FL00407,3883,INR,2024-07-10,Wise,,success,1
TX0002884,PR000775,FL00173,2218,GBP,2021-12-22,Bank Transfer,11.8,success,0
TX0002885,PR000595,FL00244,3424,GBP,2023-04-04,Crypto,6.98,refunded,0
TX0002886,PR000495,FL00213,1390,USD,2021-09-16,PayPal,17.17,refunded,True
TX0002887,PR000847,FL00242,3096,USD,2021-02-23,Stripe,15.14,failed,1
TX0002888,PR001073,FL00394,,USD,2020-11-04,PayPal,5.23,failed,true
TX0002889,PR000539,FL00027,543,USD,2020-07-09,Bank Transfer,18.49,pending,true
TX0002890,PR000660,FL00175,265,USD,2023-03-24,Stripe,,success,0
TX0002891,PR001046,FL00224,3121,USD,2022-06-10,Payoneer,9.72,success,True
TX0002892,PR001016,FL00284,5331,EUR,,PayPal,17.2,failed,1
TX0002893,PR000448,FL00250,2934,GBP,2023-10-16,PAYONEER,5.76,success,true
TX0002894,PR000712,FL00310,330,usd,2020-08-18,Stripe,10.47,refunded,true
TX0002895,PR001177,FL00087,5055,USD,2021-11-30,Crypto,18.3,pending,0
TX0002896,PR000204,FL00424,4089,USD,2021-01-07,Payoneer,6.5,success,1
TX0002897,PR000355,FL00324,4849,EUR,2024-10-23,Bank Transfer,10.64,success,true
TX0002898,PR000902,FL00230,3885,USD,2024-07-24,Stripe,8.57,refunded,0
TX0002899,PR000104,FL00233,3596,PKR,2023-08-01,PayPal,5.62,success,0
TX0002900,PR000161,FL00366,3388,PKR,2022-01-03,Bank Transfer,,pending,1
TX0002901,PR000059,FL00205,5725,USD,2023-09-09,Stripe,20.35,success,true
TX0002902,PR001061,,1419,BDT,2024-12-10,Stripe,17.96,success,true
TX0002903,PR000122,FL00353,5683,GBP,2022-06-09,Crypto,13.77,success,1
TX0002904,PR000652,FL00267,7804,BDT,2024-05-25,Bank Transfer,9.03,success,False
TX0002905,PR000968,FL00326,6213,BDT,2021-10-12,Crypto,13.78,success,true
TX0002906,PR000736,FL00388,578,GBP,2023-02-19,Crypto,18.25,success,1
TX0002907,PR001054,FL00252,4519,USD,2022-01-17,Crypto,20.36,failed,1
TX0002908,PR000483,FL00058,1644,GBP,2024-05-21,Wise,10.76,success,True
TX0002909,PR000766,FL00314,1986,EUR,2022-08-24,Stripe,16.95,pending,True
TX0002910,,FL00240,-1967,BDT,2022-04-02,WISE,8.73,success,1
TX0002911,PR000083,FL00426,-6692,BDT,2020-06-21,Bank Transfer,9.7,success,False
TX0002912,PR000377,FL00220,5054,BDT,2023-07-12,PayPal,15.04,success,false
TX0002913,PR000432,FL00121,4652,BDT,2023-05-12,Bank Transfer,9.34,success,1
TX0002914,PR000183,FL00498,7425,INR,2021-01-28,Payoneer,12.63,failed,0
TX0002915,PR000606,FL00116,7455,GBP,2023-02-12,Crypto,17.32,refunded,True
TX0002916,PR000248,,5955,BDT,2021-04-01,Payoneer,9.89,pending,false
TX0002917,PR000259,FL00307,3802,USD,2023-01-18,Wise,8.72,failed,1
TX0002918,PR001110,FL00079,6295,BDT,2020-09-16,Wise,14.86,success,true
TX0002919,PR000315,FL00169,2284,USD,2024-10-10,Payoneer,10.86,failed,0
TX0002920,PR000506,FL00452,1474,EUR,2023-11-21,Crypto,16.76,refunded,True
TX0002921,PR001164,FL00070,6257,INR,2022-05-03,PayPal,14.64,success,1
TX0002922,PR000857,FL00081,845,INR,2024-11-21,PayPal,,success,true
TX0002923,PR000023,FL00456,2173,USD,2021-02-15,PayPal,14.18,refunded,1
TX0002924,PR000241,FL00129,1809,USD,2023-06-09,Wise,19.2,success,False
TX0002925,PR000094,FL00176,5861,EUR,2024-11-23,Bank Transfer,5.14,failed,True
TX0002926,PR000343,FL00174,7222,INR,2022-02-18,Wise,11.96,success,False
TX0002927,PR000782,FL00458,5446,INR,2021-06-15,PayPal,16.16,success,1
TX0002928,PR000074,FL00276,3264,PKR,2022-10-01,PayPal,12.72,success,True
TX0002929,PR001033,FL00367,6542,BDT,2022-03-26,Wise,11.45,failed,true
TX0002930,PR000385,FL00183,3020,GBP,2021-12-07,Wise,17.8,refunded,True
TX0002931,PR000165,FL00177,5583,USD,2021-03-27,Bank Transfer,14.67,success,0
TX0002932,PR000616,FL00228,5174,,2024-05-10,Bank Transfer,,refunded,1
TX0002933,PR000985,FL00191,5489,usd,2022-01-27,Bank Transfer,,failed,False
TX0002934,PR000566,FL00463,,INR,,Stripe,11.78,refunded,false
TX0002935,,FL00409,3800,EUR,2023-11-27,Wise,13.38,success,False
TX0002936,PR000759,FL00107,7810,PKR,2022-06-07,PayPal,8.02,success,0
TX0002937,PR001073,FL00449,6094,USD,2023-03-24,Payoneer,17.43,failed,True
TX0002938,PR000050,FL00255,7465,USD,2022-08-25,Payoneer,15.01,failed,1
TX0002939,PR000332,FL00073,-1773,BDT,2022-04-28,Wise,,success,false
TX0002940,PR000834,FL00023,4633,EUR,,Bank Transfer,19.26,success,True
TX0002941,PR001184,FL00459,5475,PKR,2024-07-17,PayPal,18.77,refunded,0
TX0002942,PR000792,FL00079,,INR,2021-10-14,Stripe,18.9,success,0
TX0002943,PR000176,,6615,INR,2021-08-25,PayPal,19.86,refunded,true
TX0002944,PR000351,FL00482,4788,INR,2021-08-10,PayPal,9.61,pending,true
TX0002945,PR000361,FL00465,752856,INR,2021-05-04,PayPal,16.96,pending,1
TX0002946,,FL00474,-2037,USD,,Wise,5.72,refunded,True
TX0002947,PR000703,FL00025,2987,BDT,,PAYONEER,10.44,failed,false
TX0002948,,FL00388,619,GBP,2024-08-13,Wise,9.31,success,False
TX0002949,PR000336,FL00132,4522,BDT,2022-05-18,PayPal,10.83,pending,False
TX0002950,PR000038,FL00262,5975,BDT,2021-09-22,Payoneer,6.94,failed,false
TX0002951,PR000739,FL00030,3890,INR,2020-05-03,Stripe,14.65,success,false
TX0002952,PR000928,FL00073,4448,bdt,2022-05-25,Wise,9.03,success,1
TX0002953,PR000614,FL00184,5562,BDT,2021-10-09,Wise,7.37,success,0
TX0002954,PR000810,FL00262,6815,BDT,2023-01-01,Crypto,11.57,refunded,false
TX0002955,PR000868,FL00209,-84,PKR,2020-07-16,PayPal,8.99,pending,1
TX0002956,PR000445,FL00231,2678,usd,2024-05-29,Bank Transfer,19.03,success,False
TX0002957,PR000102,FL00136,4475,EUR,2021-12-27,,11.34,pending,1
TX0002958,PR000156,FL00254,6158,BDT,2024-05-20,Payoneer,13.77,success,false
TX0002959,,FL00018,4643,,2024-12-08,Wise,11.71,success,false
TX0002960,PR001171,FL00215,3938,USD,2020-01-08,Wise,16.27,success,1
TX0002961,PR000627,FL00395,727100,BDT,2021-11-25,Crypto,11.14,failed,false
TX0002962,PR000888,FL00091,5429,USD,2024-11-03,PayPal,10.6,success,False
TX0002963,PR000495,FL00054,5330,BDT,2023-04-06,Wise,17.62,success,True
TX0002964,PR000566,FL00272,-305,EUR,2021-06-03,Payoneer,7.34,failed,False
TX0002965,PR000201,FL00274,6235,EUR,2021-02-19,Wise,19.18,failed,0
TX0002966,PR000395,FL00405,7257,BDT,2021-11-20,Payoneer,7.49,success,false
TX0002967,PR000923,FL00423,-2906,GBP,2021-03-26,Wise,12.2,success,False
TX0002968,PR000750,FL00215,574,USD,2020-09-27,Bank Transfer,6.09,pending,true
TX0002969,PR000863,FL00226,2975,BDT,2024-08-13,Stripe,19.76,success,0
TX0002970,PR000500,FL00449,1256,BDT,2022-05-22,Payoneer,11.02,success,false
TX0002971,PR000422,FL00081,5317,PKR,2020-12-22,,19.48,success,0
TX0002972,PR000203,FL00423,710,USD,,Bank Transfer,10.33,success,False
TX0002973,PR000117,FL00134,5276,INR,2022-05-22,Bank Transfer,6.17,success,true
TX0002974,PR000436,FL00107,1400,USD,2020-02-21,Payoneer,10.21,success,0
TX0002975,PR000255,FL00192,162443,INR,2023-02-04,PayPal,16.59,failed,false
TX0002976,,FL00126,2959,USD,2024-03-10,Crypto,6.46,success,false
TX0002977,PR000994,FL00007,3764,GBP,2020-05-08,Stripe,11.77,refunded,true
TX0002978,,FL00461,3714,USD,2020-07-24,Stripe,9.78,pending,True
TX0002979,PR000135,FL00322,6579,PKR,2020-06-25,Bank Transfer,20.88,pending,1
TX0002980,PR000101,FL00266,2424,INR,2020-04-21,PayPal,17.68,success,1
TX0002981,PR000878,FL00209,1868,GBP,,Bank Transfer,9.25,success,1
TX0002982,PR000793,FL00047,5231,INR,2023-12-14,,17.79,success,true
TX0002983,PR000406,FL00017,5949,INR,2022-03-17,Payoneer,19.99,success,1
TX0002984,PR000087,FL00032,5832,GBP,2021-06-26,Stripe,20.91,pending,false
TX0002985,PR000287,FL00322,3592,USD,2021-09-28,Wise,,refunded,true
TX0002986,PR000711,FL00060,-289,EUR,2024-12-20,,6.41,success,True
TX0002987,PR000753,FL00420,3137,BDT,2020-06-12,Payoneer,7.2,pending,true
TX0002988,PR000974,FL00259,7705,GBP,2022-09-28,Stripe,18.78,success,True
TX0002989,PR001134,FL00291,5566,USD,2022-04-14,,12.39,refunded,0
TX0002990,PR000524,FL00478,4344,GBP,2021-02-24,STRIPE,,success,false
TX0002991,PR000485,FL00415,-6747,EUR,2022-10-07,Bank Transfer,15.91,success,1
TX0002992,PR000229,FL00440,6399,eur,2024-05-15,Crypto,12.57,success,1
TX0002993,PR000537,FL00450,2141,USD,2020-04-24,Stripe,13.79,pending,false
TX0002994,PR000446,FL00287,-3155,BDT,2020-05-16,Payoneer,15.59,success,true
TX0002995,PR000369,FL00123,5831,EUR,2020-07-31,Bank Transfer,18.08,pending,0
TX0002996,PR001009,FL00069,4665,USD,2020-05-21,Crypto,6.94,success,True
TX0002997,PR000415,FL00021,7542,USD,2022-04-03,,15.11,success,False
TX0002998,PR000989,,3987,USD,2020-01-16,PayPal,16.01,failed,true
TX0002999,PR001149,FL00458,6077,GBP,2021-10-10,PayPal,16.6,success,False
TX0003000,PR000713,FL00365,4655,INR,2023-08-06,Payoneer,16.87,refunded,1
TX0003001,PR000574,FL00258,2388,BDT,2023-08-29,Bank Transfer,15.68,success,true
TX0003002,PR001190,FL00393,6002,USD,2020-05-31,Crypto,5.73,refunded,true
TX0003003,PR000406,,5296,BDT,2023-11-10,Stripe,12.89,success,1
TX0003004,PR000722,FL00490,7859,GBP,2022-03-09,Payoneer,7.72,success,False
TX0003005,PR000967,FL00334,6774,GBP,2023-04-23,Stripe,16.8,pending,0
TX0003006,PR000299,FL00342,3958,USD,2022-01-05,Bank Transfer,17.34,pending,True
TX0003007,PR000797,FL00396,6564,usd,2023-09-16,Bank Transfer,5.67,pending,false
TX0003008,PR000464,FL00008,378094,USD,2024-02-23,Stripe,9.53,success,false
TX0003009,PR000151,FL00017,,EUR,2022-03-15,Wise,10.85,success,1
TX0003010,PR000108,FL00460,7397,EUR,2023-06-20,Bank Transfer,17.29,refunded,true
TX0003011,PR000682,FL00172,3779,PKR,2024-10-06,Stripe,11.8,success,0
TX0003012,PR000874,,869,USD,2021-12-25,Bank Transfer,15.21,failed,0
TX0003013,PR000586,FL00170,3685,USD,2024-02-28,Payoneer,13.71,success,True
TX0003014,PR001109,FL00108,971,INR,2023-03-23,Stripe,18.0,pending,false
TX0003015,PR000078,FL00317,889,USD,,Bank Transfer,17.26,success,True
TX0003016,PR000831,FL00005,2916,USD,2020-05-25,PayPal,,pending,False
TX0003017,PR001050,FL00077,4764,USD,2022-06-09,Wise,5.73,success,0
TX0003018,PR000365,FL00118,1174,BDT,2022-03-06,Bank Transfer,20.21,failed,1
TX0003019,PR001114,FL00029,748,BDT,2020-09-21,Bank Transfer,19.38,success,False
TX0003020,PR000397,,3054,BDT,2020-12-01,Crypto,7.7,pending,1
TX0003021,PR000992,FL00397,,USD,2021-09-19,Wise,8.21,failed,true
TX0003022,PR000327,FL00451,6252,PKR,2021-10-15,Wise,16.44,success,False
TX0003023,PR000354,FL00207,2499,BDT,2024-09-17,Wise,14.28,success,true
TX0003024,PR000697,FL00436,277,BDT,2021-10-04,Crypto,7.57,success,1
TX0003025,PR000247,,6719,USD,2024-10-03,PayPal,20.69,success,false
TX0003026,PR000291,FL00286,3244,USD,2021-11-29,Wise,16.13,success,True
TX0003027,PR000904,FL00420,1679,USD,2021-11-15,Wise,13.57,failed,1
TX0003028,PR000730,FL00253,3569,BDT,2020-02-25,Payoneer,6.06,success,1
TX0003029,PR001023,FL00128,-3139,GBP,,Crypto,6.35,failed,false
TX0003030,PR000460,FL00126,5277,USD,2020-05-31,Crypto,9.35,pending,True
TX0003031,PR000488,FL00062,4300,PKR,2023-07-30,Wise,6.65,failed,true
TX0003032,PR000830,FL00135,7553,USD,2024-05-07,Wise,19.46,pending,true
TX0003033,PR000741,FL00078,4574,USD,2020-10-28,PayPal,14.29,success,True
TX0003034,PR000306,,513,USD,2022-11-29,Bank Transfer,19.24,failed,false
TX0003035,PR001002,FL00068,5532,BDT,2021-05-05,Stripe,20.07,success,true
TX0003036,PR000520,FL00436,5432,,2023-12-07,Stripe,12.23,pending,0
TX0003037,PR000199,,2217,USD,2020-08-15,Stripe,7.02,failed,true
TX0003038,PR000201,FL00233,3031,USD,2024-10-11,Payoneer,5.03,success,1
TX0003039,PR000174,FL00074,878,EUR,2024-06-19,Crypto,13.71,success,True
TX0003040,PR000399,FL00170,3926,GBP,2021-06-08,PayPal,10.24,success,False
TX0003041,PR000115,FL00019,432,USD,2024-07-31,Payoneer,15.01,refunded,0
TX0003042,,FL00215,7212,USD,2024-03-13,Stripe,20.51,failed,false
TX0003043,PR000645,FL00090,5237,INR,,Payoneer,7.26,success,true
TX0003044,PR000256,FL00303,5669,EUR,2024-06-11,Wise,12.76,pending,true
TX0003045,PR000097,FL00473,581,INR,2022-01-12,Payoneer,17.0,success,False
TX0003046,PR001081,FL00173,7157,USD,2021-08-11,Payoneer,10.19,refunded,1
TX0003047,PR000755,FL00360,1996,INR,2022-06-02,Bank Transfer,5.26,refunded,0
TX0003048,PR001062,FL00349,5067,USD,2021-07-21,Stripe,14.23,success,True
TX0003049,PR000013,FL00185,7831,BDT,2024-01-28,Payoneer,9.29,failed,False
TX0003050,PR000319,FL00358,5377,EUR,2021-09-10,Crypto,5.49,failed,false
TX0003051,PR000854,FL00260,-538,INR,2020-11-06,Stripe,14.43,refunded,false
TX0003052,PR000586,FL00174,-435,INR,2022-01-03,Crypto,17.7,failed,1
TX0003053,PR001032,FL00083,2990,EUR,2021-06-14,Crypto,10.1,failed,0
TX0003054,PR001027,FL00496,4456,EUR,2024-05-04,Payoneer,7.99,refunded,False
TX0003055,PR000150,FL00035,517613,EUR,2023-05-29,PayPal,18.76,refunded,False
TX0003056,PR001031,FL00411,2649,USD,2021-04-11,Payoneer,16.33,refunded,false
TX0003057,PR000633,FL00258,7711,EUR,,Bank Transfer,15.0,pending,True
TX0003058,PR000009,FL00034,6334,USD,2024-02-21,Stripe,18.39,success,False
TX0003059,PR000758,FL00020,4435,GBP,2022-01-24,Payoneer,17.48,success,True
TX0003060,PR001027,FL00463,7053,PKR,2024-08-22,Payoneer,,refunded,0
TX0003061,PR001047,FL00124,1840,EUR,2022-07-09,Bank Transfer,20.84,pending,false
TX0003062,PR001019,FL00140,1713,USD,,Wise,8.03,pending,False
TX0003063,PR000960,FL00434,4331,USD,2023-06-15,Wise,5.62,success,true
TX0003064,PR000336,FL00179,5285,GBP,2023-10-28,Crypto,13.72,pending,False
TX0003065,PR000587,FL00183,560,USD,2024-07-07,Bank Transfer,15.14,success,false
TX0003066,PR000215,FL00039,2743,USD,2021-11-24,Wise,19.03,pending,true
TX0003067,PR000263,FL00278,1916,USD,2024-05-11,BANK TRANSFER,17.42,success,false
TX0003068,PR000984,FL00331,3288,USD,2021-05-07,Crypto,19.43,failed,0
TX0003069,PR000314,FL00385,7422,GBP,2020-09-29,Bank Transfer,14.26,success,0
TX0003070,PR000473,FL00157,6344,INR,2022-11-06,Bank Transfer,8.55,failed,true
TX0003071,PR000840,FL00282,370,INR,2023-11-22,PayPal,6.27,success,false
TX0003072,PR000123,FL00066,1659,USD,2021-03-29,Payoneer,10.01,success,1
TX0003073,PR000021,FL00396,3243,PKR,2023-03-22,Bank Transfer,9.35,success,true
TX0003074,PR000774,FL00119,7718,USD,2023-04-14,Stripe,14.37,pending,false
TX0003075,PR000257,FL00425,2673,USD,2024-05-27,Wise,6.57,success,False
TX0003076,PR000441,FL00375,334286,GBP,2020-04-02,Wise,5.62,refunded,True
TX0003077,PR000834,FL00259,4536,USD,2024-04-08,Payoneer,9.19,failed,1
TX0003078,PR000716,FL00124,5513,USD,2023-02-11,Bank Transfer,17.35,failed,false
TX0003079,PR000778,FL00259,4041,PKR,2024-05-01,Bank Transfer,18.12,success,1
TX0003080,,FL00482,5882,EUR,2021-12-29,PayPal,20.28,success,0
TX0003081,,FL00204,7757,USD,2021-01-01,Bank Transfer,7.3,success,False
TX0003082,PR000365,FL00275,6401,USD,2020-07-14,Wise,6.26,failed,false
TX0003083,PR001188,FL00046,5859,USD,2020-03-11,PayPal,20.46,failed,False
TX0003084,PR000813,FL00296,625929,BDT,2023-08-12,Crypto,17.23,pending,False
TX0003085,,FL00388,2837,GBP,2022-08-28,Payoneer,14.77,failed,1
TX0003086,PR000608,FL00197,2064,PKR,2024-11-25,Crypto,14.07,pending,True
TX0003087,PR000175,FL00243,1483,EUR,2023-02-12,Bank Transfer,20.07,failed,False
TX0003088,PR001049,FL00140,3001,,2020-01-18,BANK TRANSFER,,success,1
TX0003089,PR001177,FL00226,5405,INR,2023-02-19,,19.56,success,0
TX0003090,PR001077,FL00113,6130,USD,2020-01-23,Wise,14.37,refunded,False
TX0003091,PR000500,FL00162,3679,BDT,2021-03-17,Stripe,6.6,failed,0
TX0003092,PR000714,FL00029,4391,EUR,2021-01-29,Bank Transfer,11.43,success,0
TX0003093,,FL00474,1806,PKR,2024-12-01,Wise,5.34,success,True
TX0003094,PR000192,FL00496,,USD,2022-02-24,Stripe,9.81,success,True
TX0003095,PR000759,FL00185,6460,USD,2024-08-24,Bank Transfer,18.02,refunded,false
TX0003096,PR000618,,1038,USD,2021-05-05,,15.78,success,true
TX0003097,PR000685,FL00294,4257,INR,2021-03-31,Crypto,11.67,success,False
TX0003098,PR000957,FL00065,360,USD,2021-05-16,Crypto,10.02,success,0
TX0003099,PR000537,FL00092,7891,EUR,2021-06-08,Wise,13.31,failed,True
TX0003100,PR000087,FL00409,7339,BDT,2021-05-26,Stripe,7.48,success,False
TX0003101,PR000593,FL00300,1783,EUR,2022-02-27,Stripe,10.55,refunded,true
TX0003102,PR001083,FL00418,5914,INR,2022-08-18,Wise,9.27,success,True
TX0003103,PR000164,FL00001,1810,INR,2023-06-01,WISE,18.24,pending,True
TX0003104,PR001069,FL00449,4382,,2022-11-06,Bank Transfer,10.47,success,1
TX0003105,PR000161,FL00061,-7106,BDT,2020-07-26,Bank Transfer,10.45,failed,False
TX0003106,PR001176,FL00167,919,BDT,2022-06-01,PayPal,18.19,success,1
TX0003107,PR000363,FL00034,2226,GBP,2023-05-03,Wise,6.88,failed,False
TX0003108,PR000420,,4059,INR,2020-05-02,Bank Transfer,14.08,failed,True
TX0003109,PR001177,FL00347,633104,EUR,2023-05-31,Bank Transfer,13.5,success,0
TX0003110,PR000149,FL00155,1728,USD,2021-07-29,PayPal,,refunded,False
TX0003111,PR000822,FL00037,6894,BDT,,PayPal,20.54,pending,true
TX0003112,PR000188,FL00332,-6683,PKR,2023-11-26,Wise,11.09,refunded,0
TX0003113,PR000701,FL00178,5765,USD,2021-08-01,Payoneer,13.91,pending,True
TX0003114,PR000710,FL00086,5373,PKR,2022-12-04,Stripe,12.22,success,1
TX0003115,PR000401,FL00336,4844,usd,2021-03-29,Wise,17.28,success,True
TX0003116,PR000958,FL00262,-1178,EUR,2023-01-29,Bank Transfer,16.41,failed,False
TX0003117,PR000904,FL00474,1702,,2023-10-27,Stripe,11.07,success,0
TX0003118,PR000636,FL00012,3828,GBP,2024-08-31,Crypto,14.35,success,1
TX0003119,PR000755,FL00411,625,GBP,2021-03-27,Payoneer,8.97,success,true
TX0003120,PR000389,FL00239,3945,PKR,2022-01-19,Payoneer,,success,false
TX0003121,PR000158,FL00037,119,EUR,2020-05-31,Wise,18.34,refunded,False
TX0003122,PR000933,FL00293,2428,USD,2024-09-15,Crypto,6.96,success,False
TX0003123,PR000450,FL00358,-7537,INR,2020-01-17,Crypto,8.0,success,0
TX0003124,PR001126,FL00309,939,INR,2023-01-28,Wise,6.37,refunded,1
TX0003125,,FL00397,5843,PKR,2023-12-06,Bank Transfer,14.55,pending,1
TX0003126,PR000168,FL00038,5172,BDT,2021-06-30,Payoneer,,pending,False
TX0003127,PR001144,FL00379,1340,GBP,2021-12-15,Payoneer,8.28,success,1
TX0003128,PR000713,FL00418,7920,GBP,2023-06-28,Stripe,15.49,pending,0
TX0003129,PR000837,FL00277,2483,USD,2020-02-26,Payoneer,10.11,refunded,true
TX0003130,PR000908,FL00404,6412,pkr,2020-03-05,Stripe,17.53,success,0
TX0003131,PR000167,FL00311,1572,BDT,2023-07-27,Crypto,17.7,refunded,1
TX0003132,PR001085,FL00038,7214,BDT,2022-06-30,Payoneer,18.07,success,1
TX0003133,PR000881,FL00128,3428,EUR,2022-01-21,Payoneer,15.7,refunded,false
TX0003134,PR000601,FL00440,3174,EUR,2023-10-03,Wise,8.93,success,True
TX0003135,PR000924,FL00236,5570,PKR,2023-10-24,Stripe,16.57,success,False
TX0003136,PR001125,FL00090,3983,INR,2022-03-29,Bank Transfer,9.19,pending,0
TX0003137,PR000605,FL00068,7361,bdt,2022-09-21,Crypto,,refunded,false
TX0003138,PR000960,FL00057,6019,USD,2020-07-15,WISE,9.92,success,false
TX0003139,PR000718,FL00072,6954,EUR,,Payoneer,9.52,failed,false
TX0003140,PR001036,FL00033,3574,USD,,Crypto,17.86,success,False
TX0003141,,FL00161,-2444,USD,2022-10-20,Stripe,16.4,failed,true
TX0003142,PR000610,,,INR,2020-12-31,Payoneer,18.97,pending,True
TX0003143,PR000738,FL00363,,INR,2024-05-26,Payoneer,9.45,failed,true
TX0003144,PR000567,FL00369,4624,GBP,2020-10-20,Wise,15.68,failed,0
TX0003145,PR001141,FL00003,322,USD,2020-08-19,Stripe,8.36,success,True
TX0003146,PR000911,FL00286,645811,INR,2023-05-21,Payoneer,5.66,success,True
TX0003147,PR000788,FL00248,2050,PKR,2023-08-16,PayPal,9.99,success,True
TX0003148,PR000535,FL00021,7068,PKR,2024-12-20,Crypto,7.56,success,false
TX0003149,PR000573,,2154,INR,2023-12-15,Stripe,6.1,pending,true
TX0003150,PR000477,FL00245,153,USD,2024-04-28,Stripe,7.07,success,0
TX0003151,PR001152,FL00249,6051,USD,2023-11-14,Payoneer,6.88,success,False
TX0003152,PR000811,FL00395,7346,USD,2022-12-20,STRIPE,18.94,success,0
TX0003153,PR000824,,714,GBP,2024-06-03,Bank Transfer,5.09,refunded,False
TX0003154,PR000572,FL00319,505,BDT,2020-05-15,PayPal,11.24,failed,True
TX0003155,PR001121,FL00025,4446,USD,,Crypto,12.9,failed,1
TX0003156,PR000582,FL00361,,USD,2022-09-17,Bank Transfer,19.71,success,false
TX0003157,PR001023,FL00200,,BDT,2021-12-18,Crypto,,success,true
TX0003158,PR001154,FL00495,2657,INR,2020-05-26,Payoneer,19.44,success,False
TX0003159,PR001184,FL00019,,USD,2023-11-20,Stripe,15.22,success,false
TX0003160,PR000064,FL00416,4957,PKR,2023-12-11,Bank Transfer,8.78,refunded,False
TX0003161,PR001018,FL00013,3784,PKR,2024-10-28,Payoneer,16.99,success,False
TX0003162,PR000927,FL00338,2160,INR,2022-05-14,Stripe,,success,true
TX0003163,PR000766,FL00282,2039,BDT,2023-02-09,Bank Transfer,15.92,failed,true
TX0003164,PR001068,FL00028,,,2020-02-03,Stripe,12.77,failed,1
TX0003165,PR000631,FL00295,849,USD,2023-12-19,Bank Transfer,14.58,refunded,1
TX0003166,PR000940,FL00058,5495,PKR,2024-08-17,Payoneer,11.68,refunded,1
TX0003167,PR000561,FL00154,6419,USD,2020-04-15,Stripe,12.49,failed,1
TX0003168,,FL00483,6266,,2022-09-14,Stripe,13.16,pending,false
TX0003169,PR000400,FL00047,6348,USD,2023-07-29,Stripe,11.14,failed,False
TX0003170,PR000646,FL00274,4581,,2024-09-18,Wise,12.7,pending,1
TX0003171,PR000665,FL00396,3409,EUR,2022-01-18,Wise,10.37,refunded,True
TX0003172,PR001064,FL00121,1375,INR,2024-05-04,Stripe,13.82,pending,False
TX0003173,PR000986,FL00227,1757,USD,2021-03-20,Bank Transfer,8.42,success,True
TX0003174,PR000473,FL00197,885,USD,2022-01-25,Payoneer,19.22,refunded,1
TX0003175,PR000870,FL00500,4239,BDT,2023-02-15,,12.86,success,0
TX0003176,PR000893,FL00314,,PKR,2022-08-25,,19.28,success,False
TX0003177,PR000213,FL00352,7592,PKR,2022-08-14,Stripe,14.18,success,0
TX0003178,PR000943,,7727,PKR,2021-06-22,Payoneer,13.06,pending,True
TX0003179,PR001092,FL00410,1352,USD,2023-10-31,Bank Transfer,17.3,refunded,true
TX0003180,PR000697,FL00250,5493,usd,2022-01-22,Wise,20.69,refunded,false
TX0003181,,FL00288,7584,GBP,2020-03-20,Payoneer,18.83,success,true
TX0003182,PR000029,FL00098,4696,GBP,,Crypto,7.53,pending,True
TX0003183,PR000675,FL00119,758,PKR,2022-06-25,PayPal,7.33,success,False
TX0003184,PR000953,,1472,USD,,Crypto,9.3,success,False
TX0003185,PR001191,FL00181,1414,GBP,2020-04-14,Bank Transfer,18.28,success,False
TX0003186,,FL00296,2549,INR,2023-03-20,Stripe,14.65,success,true
TX0003187,PR000730,FL00415,7745,GBP,2022-06-17,Payoneer,5.65,refunded,True
TX0003188,PR000353,FL00338,7433,USD,2022-12-16,Crypto,17.93,success,False
TX0003189,PR000225,FL00399,254368,USD,2022-09-29,Payoneer,17.24,failed,0
TX0003190,PR000163,FL00351,2974,USD,2020-09-01,Crypto,8.03,failed,False
TX0003191,PR000327,FL00373,1553,GBP,2024-05-04,Wise,10.03,success,False
TX0003192,PR000945,FL00415,7508,USD,2022-03-24,Crypto,12.6,failed,0
TX0003193,PR000322,FL00316,7213,BDT,2021-08-15,Bank Transfer,10.61,success,True
TX0003194,PR000564,FL00483,3584,GBP,2021-11-15,,11.06,failed,False
TX0003195,PR001198,FL00017,1693,BDT,2024-01-24,Payoneer,16.34,refunded,False
TX0003196,PR000331,FL00280,4381,EUR,2023-09-22,Bank Transfer,12.35,success,1
TX0003197,PR000195,FL00071,7859,GBP,2023-09-06,Wise,15.29,success,False
TX0003198,PR000521,FL00121,5921,USD,2024-12-16,Wise,5.39,failed,false
TX0003199,PR000142,FL00034,3231,USD,2023-08-18,Crypto,19.42,failed,1
TX0003200,PR001034,FL00092,4922,,,Stripe,7.96,failed,false
TX0003201,PR001087,FL00074,2008,USD,2023-05-13,Wise,16.12,success,False
TX0003202,PR000068,FL00459,2646,GBP,2022-02-03,Stripe,,pending,true
TX0003203,PR000721,FL00077,2236,BDT,2020-08-15,Stripe,7.97,refunded,True
TX0003204,PR000361,FL00122,1686,inr,2020-09-13,PayPal,9.37,refunded,True
TX0003205,PR000437,FL00119,949,BDT,2020-06-11,Crypto,,pending,False
TX0003206,PR000675,FL00396,7675,INR,2024-07-16,PayPal,20.82,success,false
TX0003207,PR000996,FL00499,3046,GBP,2023-01-09,Payoneer,15.55,success,True
TX0003208,PR000149,FL00263,4251,BDT,2020-11-16,Stripe,10.75,success,false
TX0003209,PR000129,FL00008,3218,EUR,2023-04-21,Stripe,9.4,success,true
TX0003210,PR000405,FL00261,4908,BDT,2022-04-16,Payoneer,10.35,success,1
TX0003211,PR000948,FL00250,7201,INR,2020-08-03,PAYPAL,6.15,success,0
TX0003212,PR000425,FL00024,-101,USD,2022-05-26,PAYONEER,7.18,success,true
TX0003213,PR001187,FL00066,6172,GBP,2023-01-03,Payoneer,7.05,success,0
TX0003214,PR000489,FL00335,2433,EUR,2021-01-12,Wise,17.82,pending,true
TX0003215,PR000584,FL00363,3273,INR,2022-01-26,Wise,19.38,success,true
TX0003216,PR000551,FL00196,7756,USD,2022-11-01,Bank Transfer,17.67,pending,true
TX0003217,PR000793,FL00465,3592,USD,2021-08-04,PayPal,14.4,success,1
TX0003218,PR000727,FL00489,4823,USD,2024-02-11,PayPal,17.5,refunded,0
TX0003219,PR000743,FL00319,1301,USD,2023-10-13,PayPal,20.24,success,1
TX0003220,PR000547,FL00080,882,USD,2020-04-15,WISE,12.65,success,1
TX0003221,PR001148,FL00142,3130,INR,2020-09-16,Wise,14.44,failed,false
TX0003222,PR000885,FL00027,2888,GBP,2020-09-01,Wise,6.29,success,0
TX0003223,PR000932,FL00216,2010,INR,2024-06-17,Stripe,9.33,refunded,False
TX0003224,PR000540,FL00459,,BDT,2023-03-25,Payoneer,14.35,success,false
TX0003225,PR001163,FL00034,5436,BDT,2024-10-26,Stripe,15.41,success,0
TX0003226,PR000538,FL00170,260857,USD,2021-07-13,Stripe,10.49,refunded,false
TX0003227,PR000329,FL00468,97841,usd,2023-08-16,Wise,16.0,success,true
TX0003228,PR000364,FL00030,7450,USD,2022-10-07,PAYPAL,14.5,failed,0
TX0003229,PR000956,FL00293,7643,USD,2021-05-03,PayPal,8.24,failed,0
TX0003230,PR000442,FL00092,,USD,2022-02-23,Crypto,10.63,success,1
TX0003231,PR001067,FL00001,7873,usd,2024-09-26,Stripe,13.11,failed,false
TX0003232,PR000093,FL00003,7903,EUR,2022-05-07,PayPal,8.52,success,1
TX0003233,PR000348,FL00233,,USD,2024-08-28,Payoneer,15.16,failed,False
TX0003234,PR000218,FL00483,5922,BDT,2020-12-22,Bank Transfer,8.73,success,0
TX0003235,PR000871,FL00468,4835,eur,2021-09-11,Stripe,16.77,success,0
TX0003236,PR000266,FL00390,,USD,2022-02-01,PayPal,14.28,refunded,False
TX0003237,PR000335,FL00279,7693,GBP,2021-11-01,Payoneer,8.76,success,False
TX0003238,PR000901,FL00032,7213,INR,2022-09-17,PayPal,19.83,refunded,False
TX0003239,PR000933,FL00404,7608,USD,2023-04-25,Payoneer,10.04,failed,false
TX0003240,PR000802,FL00267,2410,BDT,2020-09-24,Bank Transfer,18.22,refunded,False
TX0003241,PR000070,FL00050,629,PKR,,Stripe,9.22,success,True
TX0003242,PR000956,FL00175,7124,USD,2023-10-18,Stripe,8.78,success,True
TX0003243,PR000052,FL00226,2708,USD,2022-06-17,PayPal,9.35,success,False
TX0003244,PR000200,FL00108,-5144,BDT,2021-07-22,Crypto,15.84,failed,1
TX0003245,PR000913,FL00372,3494,USD,2023-11-17,Bank Transfer,20.81,success,False
TX0003246,PR000051,FL00307,1312,USD,2022-09-17,PayPal,5.92,success,false
TX0003247,PR000827,,1078,USD,2021-11-30,Wise,5.78,success,0
TX0003248,PR000707,FL00394,1407,EUR,2020-09-18,PayPal,10.5,success,false
TX0003249,PR000940,FL00099,596083,PKR,2022-09-06,Wise,5.59,refunded,1
TX0003250,PR000077,FL00257,1614,BDT,2024-11-12,Payoneer,,success,true
TX0003251,PR000063,FL00432,,usd,,Wise,13.69,refunded,1
TX0003252,PR000501,FL00010,2252,,2022-06-06,STRIPE,14.63,failed,True
TX0003253,PR000689,FL00122,547,EUR,2020-03-31,,13.54,refunded,1
TX0003254,PR001084,FL00454,4117,EUR,2020-09-18,Bank Transfer,10.69,failed,true
TX0003255,PR000645,FL00108,4103,USD,2021-11-23,Crypto,20.74,success,false
TX0003256,PR000181,FL00328,328,BDT,2021-02-12,Payoneer,6.36,success,False
TX0003257,PR000345,FL00457,521,PKR,2024-02-07,Payoneer,6.76,pending,True
TX0003258,PR000415,FL00414,4365,USD,2020-03-20,Bank Transfer,13.77,refunded,0
TX0003259,,FL00071,,INR,2022-06-23,Wise,16.52,failed,True
TX0003260,PR000465,FL00091,6567,GBP,2022-09-05,PayPal,9.11,success,false
TX0003261,PR000596,FL00408,380,USD,2021-06-07,Wise,19.24,failed,1
TX0003262,PR000915,FL00287,2912,USD,2023-05-05,Wise,13.31,success,0
TX0003263,PR000858,FL00085,211,USD,2022-09-18,PayPal,10.57,pending,False
TX0003264,PR000265,FL00335,1036,USD,2021-04-16,Wise,18.84,success,0
TX0003265,,FL00441,5033,INR,2023-04-03,Crypto,18.31,success,true
TX0003266,PR001042,FL00115,4306,INR,2023-03-23,Payoneer,14.97,success,1
TX0003267,PR000653,FL00460,5520,USD,2020-05-11,Stripe,14.5,failed,false
TX0003268,PR001179,FL00072,6853,USD,2020-05-27,Wise,11.2,pending,true
TX0003269,PR001014,FL00341,6944,USD,2024-12-31,PayPal,7.73,failed,0
TX0003270,PR001147,FL00042,4386,EUR,2020-06-01,Payoneer,10.2,success,1
TX0003271,PR000012,FL00231,7509,USD,2021-03-28,Bank Transfer,10.33,success,false
TX0003272,PR000445,FL00272,295,inr,2024-06-06,Crypto,19.15,success,0
TX0003273,PR000581,FL00046,1738,GBP,2021-07-15,Bank Transfer,14.34,pending,False
TX0003274,PR000999,FL00341,5892,,2020-02-16,Wise,20.82,refunded,False
TX0003275,PR001021,FL00133,6962,USD,2021-08-08,Crypto,19.95,success,1
TX0003276,PR000143,,2858,GBP,2023-07-27,Bank Transfer,9.81,pending,0
TX0003277,PR000796,FL00192,3307,USD,,Stripe,20.71,refunded,1
TX0003278,PR000141,FL00174,3297,PKR,2022-08-06,Crypto,16.39,success,False
TX0003279,PR000093,FL00228,3164,eur,2024-02-04,PayPal,14.84,success,1
TX0003280,PR001052,FL00284,6436,BDT,2022-04-23,Payoneer,14.6,failed,false
TX0003281,PR000210,FL00214,6767,BDT,2021-12-22,Crypto,12.65,success,false
TX0003282,PR000840,FL00113,-5297,BDT,2024-08-28,Bank Transfer,7.37,failed,false
TX0003283,PR000036,FL00341,6789,USD,2022-04-06,Crypto,10.92,success,0
TX0003284,PR000241,FL00414,5840,BDT,2022-05-06,Wise,9.86,success,0
TX0003285,PR000525,FL00350,7484,INR,2024-11-13,Stripe,8.29,refunded,1
TX0003286,PR000151,FL00182,5360,pkr,2024-06-20,Stripe,8.32,failed,False
TX0003287,PR000708,FL00260,7250,PKR,,Bank Transfer,13.4,success,false
TX0003288,PR000195,FL00407,-5148,INR,2024-04-30,Crypto,19.98,pending,True
TX0003289,PR001126,FL00170,5271,INR,2023-01-30,Wise,11.88,success,0
TX0003290,PR000038,FL00449,4998,USD,2020-12-29,Crypto,12.83,failed,0
TX0003291,,FL00353,3984,GBP,2023-06-04,Bank Transfer,19.24,refunded,False
TX0003292,PR000010,FL00307,1632,GBP,2020-05-04,PayPal,13.38,success,0
TX0003293,PR000828,FL00279,5277,PKR,2023-03-26,PayPal,17.91,failed,true
TX0003294,PR000610,FL00410,6887,PKR,2021-07-29,Stripe,12.76,pending,true
TX0003295,PR000844,FL00184,6876,BDT,2021-01-25,Stripe,16.15,success,true
TX0003296,PR001091,FL00030,173,USD,2024-02-15,Payoneer,13.64,refunded,true
TX0003297,PR000449,FL00367,7187,USD,2023-01-05,PayPal,20.74,success,False
TX0003298,PR000720,FL00054,7024,USD,2020-03-23,Payoneer,9.19,pending,false
TX0003299,PR000961,FL00212,5850,PKR,2020-04-16,PayPal,9.88,success,false
TX0003300,PR000218,FL00449,778,USD,2024-06-24,PayPal,7.59,failed,1
TX0003301,PR000707,FL00351,939,inr,2020-06-27,PayPal,20.2,failed,True
TX0003302,PR000967,FL00241,3614,BDT,2022-10-04,Payoneer,5.96,pending,false
TX0003303,PR000811,FL00385,6465,EUR,2023-03-24,,8.71,refunded,True
TX0003304,PR000347,FL00087,4559,EUR,2022-12-21,Bank Transfer,17.2,success,true
TX0003305,PR000390,FL00352,1183,GBP,2021-12-21,Payoneer,7.49,success,False
TX0003306,PR000502,,1884,BDT,2020-09-09,PayPal,19.88,success,true
TX0003307,PR001059,FL00291,-6821,PKR,2021-03-19,Stripe,12.35,success,False
TX0003308,PR000544,FL00002,3624,USD,2024-10-18,PayPal,,failed,1
TX0003309,PR000502,FL00131,6821,EUR,2024-10-10,Bank Transfer,8.39,success,1
TX0003310,PR000740,FL00019,977,,2020-11-23,,11.78,success,True
TX0003311,PR001099,FL00203,7678,GBP,,Crypto,10.34,success,1
TX0003312,PR000441,FL00351,141,INR,2020-06-01,Stripe,5.99,pending,true
TX0003313,PR000009,FL00399,2310,BDT,2022-02-01,Bank Transfer,16.34,success,1
TX0003314,PR000918,FL00083,7331,EUR,2021-11-03,Stripe,5.55,pending,true
TX0003315,PR000769,FL00306,7919,GBP,2023-03-07,WISE,15.24,success,False
TX0003316,PR000674,FL00201,2895,BDT,2023-10-06,PayPal,15.12,refunded,true
TX0003317,PR000776,FL00099,1465,USD,2024-09-04,Wise,6.92,success,1
TX0003318,PR000547,FL00136,6556,INR,2023-01-13,Wise,12.03,failed,1
TX0003319,PR001049,FL00464,2782,GBP,2022-10-23,PayPal,13.71,pending,1
TX0003320,,FL00352,6939,USD,2021-09-07,Wise,10.45,success,False
TX0003321,PR001182,FL00120,,USD,2022-04-29,Crypto,14.38,success,1
TX0003322,PR000431,FL00312,6747,INR,2023-06-09,Stripe,13.15,pending,1
TX0003323,PR000685,FL00223,6627,,2022-05-02,Bank Transfer,7.57,success,1
TX0003324,PR000047,FL00182,1553,USD,2022-05-10,Bank Transfer,15.13,success,False
TX0003325,PR000875,FL00475,2109,BDT,2023-09-12,Wise,10.72,refunded,False
TX0003326,PR000985,FL00238,1111,usd,2023-04-30,,9.04,pending,True
TX0003327,PR000224,FL00064,1680,USD,2021-01-24,Bank Transfer,20.18,pending,False
TX0003328,PR000878,FL00146,1282,USD,2023-01-19,Wise,10.07,success,1
TX0003329,PR000749,FL00096,1249,USD,2021-03-03,Stripe,10.27,refunded,True
TX0003330,PR000146,FL00422,6313,GBP,2023-11-24,Payoneer,15.89,success,true
TX0003331,PR000160,FL00080,316,PKR,2022-01-12,PayPal,11.06,refunded,false
TX0003332,PR000135,FL00014,1871,PKR,2024-01-27,Stripe,17.96,success,true
TX0003333,PR000289,FL00298,6548,PKR,2021-05-31,Wise,9.15,refunded,1
TX0003334,PR000934,FL00247,1354,EUR,2021-04-20,,14.38,success,False
TX0003335,PR000897,FL00439,1531,USD,2023-04-14,Payoneer,16.47,success,true
TX0003336,PR000575,FL00289,-3173,BDT,2023-02-25,,15.31,success,0
TX0003337,,FL00331,2224,EUR,2023-08-03,Bank Transfer,6.3,pending,1
TX0003338,PR001115,FL00176,610,USD,2020-12-05,Payoneer,15.49,success,0
TX0003339,PR000210,FL00190,-4248,INR,2020-02-19,Wise,20.81,failed,true
TX0003340,PR000521,FL00368,3614,USD,2023-06-01,,5.91,success,1
TX0003341,PR001175,FL00351,5098,USD,,Stripe,5.25,success,true
TX0003342,,FL00308,5543,USD,2022-09-05,Wise,8.74,success,False
TX0003343,PR000732,FL00335,6082,BDT,2020-10-28,Payoneer,17.61,refunded,0
TX0003344,PR000518,FL00166,678,USD,2024-03-13,Wise,20.9,success,true
TX0003345,PR000875,FL00034,,BDT,2022-09-12,PayPal,11.51,success,1
TX0003346,PR000240,FL00320,2380,,2021-04-16,Payoneer,8.62,failed,1
TX0003347,PR000249,FL00279,6605,INR,2022-09-19,PayPal,9.48,success,1
TX0003348,PR000790,FL00398,6519,USD,,Wise,19.67,success,1
TX0003349,PR000846,,2934,usd,2020-11-10,Wise,14.74,refunded,false
TX0003350,PR000986,FL00329,7412,usd,,Stripe,15.31,failed,0
TX0003351,PR000024,,3560,PKR,2023-08-01,Crypto,15.87,success,true
TX0003352,PR000492,FL00024,1663,BDT,2024-12-21,PayPal,20.63,refunded,false
TX0003353,,FL00265,7549,BDT,2020-02-05,Crypto,6.43,success,true
TX0003354,PR000972,FL00097,225,INR,2021-02-04,Crypto,14.99,success,True
TX0003355,PR000860,FL00423,2942,USD,2022-11-08,Stripe,9.7,refunded,False
TX0003356,PR000480,FL00262,3998,INR,2024-12-28,Stripe,14.0,failed,true
TX0003357,PR000285,,1937,BDT,2022-04-23,PayPal,13.19,refunded,0
TX0003358,PR000826,FL00239,2993,GBP,2024-05-07,Crypto,17.24,success,True
TX0003359,PR000970,FL00075,,PKR,2022-12-03,Wise,14.33,pending,1
TX0003360,PR000926,FL00286,3428,EUR,2022-05-27,Bank Transfer,8.4,refunded,false
TX0003361,PR000224,FL00059,7957,BDT,2020-12-13,Bank Transfer,8.33,success,False
TX0003362,PR000030,FL00005,3322,PKR,2022-05-01,Bank Transfer,,failed,true
TX0003363,PR000187,FL00016,4296,GBP,2020-03-20,Crypto,16.89,success,False
TX0003364,PR001173,FL00144,6011,PKR,2020-05-02,Crypto,20.59,failed,False
TX0003365,PR000704,FL00212,6215,,2022-04-27,Payoneer,14.86,success,False
TX0003366,PR000789,FL00154,876905,EUR,2020-02-17,PayPal,18.99,success,True
TX0003367,PR001177,FL00497,3412,GBP,2020-03-04,Crypto,,success,False
TX0003368,PR000354,FL00208,1120,PKR,2022-12-28,Stripe,8.84,success,False
TX0003369,PR000714,FL00310,7929,USD,2023-09-06,Crypto,14.55,pending,1
TX0003370,PR000720,FL00244,5868,EUR,,Stripe,11.83,refunded,False
TX0003371,PR000976,,4699,GBP,2023-07-31,PayPal,12.01,success,1
TX0003372,PR000736,FL00498,,USD,2022-09-28,Wise,7.44,refunded,False
TX0003373,PR000848,FL00415,6088,USD,2024-06-06,Bank Transfer,8.04,refunded,0
TX0003374,PR000751,FL00251,1768,PKR,2023-10-01,,19.19,pending,false
TX0003375,PR000260,FL00296,2647,USD,2022-02-11,BANK TRANSFER,14.48,success,False
TX0003376,PR000006,FL00046,149,INR,2024-03-14,PayPal,18.06,success,false
TX0003377,PR001061,FL00081,115,PKR,2022-03-07,Wise,7.62,success,true
TX0003378,PR001113,FL00273,5840,BDT,2021-07-25,Bank Transfer,20.4,refunded,0
TX0003379,PR000340,FL00349,7447,GBP,2024-12-12,Wise,20.81,success,False
TX0003380,PR001147,FL00284,7346,USD,2021-04-12,Crypto,11.45,success,0
TX0003381,,FL00412,,usd,2024-08-19,PayPal,9.8,success,False
TX0003382,PR000443,FL00462,5225,USD,2024-01-24,PayPal,15.78,success,false
TX0003383,PR000043,FL00154,6641,INR,2020-07-07,Wise,18.33,success,1
TX0003384,PR000744,FL00319,854,PKR,2023-08-15,Wise,20.47,success,True
TX0003385,PR000003,FL00217,7904,INR,2024-02-21,PayPal,7.72,success,True
TX0003386,PR000050,FL00133,2305,PKR,2024-07-28,Payoneer,9.83,success,true
TX0003387,PR000454,FL00151,7871,BDT,2022-01-02,Stripe,13.47,success,0
TX0003388,PR000354,FL00053,7044,EUR,2022-11-24,Payoneer,11.57,failed,false
TX0003389,PR000062,FL00136,2048,USD,,Crypto,14.18,success,0
TX0003390,,FL00369,5482,USD,2023-08-08,Wise,11.42,success,true
TX0003391,PR000204,FL00194,2255,PKR,2020-07-05,Wise,7.59,success,False
TX0003392,PR001174,FL00413,6775,BDT,2024-08-24,Bank Transfer,18.32,success,1
TX0003393,PR000525,FL00003,316223,USD,,PayPal,9.48,success,true
TX0003394,,FL00103,3854,EUR,2022-01-31,PayPal,16.17,success,True
TX0003395,PR000421,FL00423,7926,,2020-08-11,,12.74,failed,1
TX0003396,PR000933,FL00217,1448,usd,2022-03-27,PayPal,11.94,failed,1
TX0003397,PR000450,FL00171,5978,USD,2022-08-12,Stripe,6.65,success,0
TX0003398,PR000103,FL00265,5356,GBP,2023-09-24,Wise,20.61,success,0
TX0003399,PR000159,,559650,USD,2024-02-28,PayPal,18.1,pending,True
TX0003400,PR000048,FL00136,7164,GBP,2022-04-21,Stripe,15.15,failed,1
TX0003401,PR000566,FL00191,4981,EUR,2022-05-24,Bank Transfer,12.05,success,0
TX0003402,PR000248,FL00476,3198,USD,,PayPal,16.59,pending,False
TX0003403,PR000777,,,GBP,2023-02-03,Bank Transfer,10.23,failed,false
TX0003404,PR001073,FL00017,6306,USD,2024-07-22,Wise,11.01,success,0
TX0003405,PR000589,,,usd,,Stripe,14.28,success,false
TX0003406,PR000236,FL00218,1882,USD,2024-06-18,Wise,,success,false
TX0003407,PR000933,FL00238,5748,INR,2023-10-11,Payoneer,16.47,success,1
TX0003408,,FL00238,6521,USD,2022-04-17,Payoneer,18.68,success,False
TX0003409,PR000638,FL00015,285364,EUR,2023-05-24,Payoneer,18.45,pending,false
TX0003410,PR000399,FL00371,5187,USD,2021-10-08,Wise,8.45,pending,0
TX0003411,PR000760,FL00405,3729,GBP,2020-03-31,Stripe,5.32,success,true
TX0003412,PR001095,FL00388,5076,EUR,2023-11-25,Crypto,19.63,success,True
TX0003413,,FL00046,4772,USD,2024-09-07,Wise,15.44,success,1
TX0003414,PR000065,FL00262,6942,BDT,2023-05-11,Payoneer,10.88,pending,true
TX0003415,PR000507,,3163,PKR,2022-09-30,PayPal,7.48,failed,False
TX0003416,PR000778,FL00454,1197,USD,2020-04-10,Stripe,12.77,success,True
TX0003417,PR000785,FL00231,4505,GBP,2020-07-20,Bank Transfer,14.99,success,True
TX0003418,PR000049,FL00016,3066,usd,2024-03-30,Stripe,18.68,success,1
TX0003419,PR000425,FL00220,4302,BDT,2020-01-16,PayPal,15.77,success,false
TX0003420,PR000398,FL00111,581,USD,2024-06-10,Wise,17.42,refunded,False
TX0003421,PR000312,FL00158,2685,PKR,2021-06-07,,6.53,success,true
TX0003422,PR000687,FL00098,966,BDT,2021-06-01,Crypto,8.93,pending,false
TX0003423,PR000999,FL00126,3843,GBP,2024-08-12,Stripe,19.63,pending,true
TX0003424,PR000215,FL00212,342,PKR,2022-05-31,Crypto,14.18,success,1
TX0003425,PR000513,FL00346,4491,INR,,STRIPE,9.13,success,False
TX0003426,PR000604,FL00339,7409,USD,2022-11-20,Bank Transfer,19.63,refunded,True
TX0003427,PR000241,FL00437,6500,USD,2024-12-09,Payoneer,8.76,pending,1
TX0003428,PR000625,FL00395,5825,GBP,2023-06-17,Stripe,17.58,failed,True
TX0003429,PR000258,FL00425,1983,PKR,2021-10-10,PayPal,7.99,refunded,false
TX0003430,PR000442,FL00481,3998,USD,2021-07-22,Stripe,,refunded,1
TX0003431,PR000373,FL00287,7346,BDT,2020-02-16,,,success,True
TX0003432,,FL00145,5466,USD,,Bank Transfer,20.2,failed,0
TX0003433,PR000308,,3589,BDT,2023-06-20,Payoneer,8.85,success,true
TX0003434,PR001149,FL00071,5017,BDT,2021-06-08,PayPal,7.05,pending,False
TX0003435,PR000746,FL00127,6622,INR,2021-07-19,Stripe,19.13,failed,false
TX0003436,PR000959,FL00228,2452,BDT,2021-01-06,Wise,19.31,success,0
TX0003437,PR000803,FL00248,911,eur,2022-07-22,PayPal,15.25,success,False
TX0003438,PR000813,,3374,USD,2022-02-10,Stripe,9.63,success,False
TX0003439,PR001112,FL00337,7125,BDT,2020-10-17,Payoneer,,success,0
TX0003440,PR000899,FL00318,-5434,INR,2020-01-05,,7.04,pending,true
TX0003441,PR000404,FL00092,748,GBP,2020-01-06,Wise,10.93,failed,true
TX0003442,PR001121,FL00195,6846,INR,2021-06-12,PayPal,10.01,failed,1
TX0003443,PR000575,FL00483,5064,INR,2024-07-25,PayPal,17.58,refunded,1
TX0003444,PR001039,FL00498,6339,GBP,2023-10-14,,11.29,success,false
TX0003445,PR001119,FL00136,534,BDT,2020-06-20,Stripe,10.06,failed,1
TX0003446,PR000793,FL00308,4881,USD,2023-10-26,PayPal,,failed,false
TX0003447,PR001101,FL00121,5471,BDT,2021-07-03,Wise,5.16,success,0
TX0003448,PR000624,FL00139,7816,pkr,2021-04-26,Bank Transfer,13.77,refunded,False
TX0003449,PR000790,FL00143,,USD,2021-09-24,Crypto,20.02,refunded,true
TX0003450,PR000492,,3272,GBP,2023-01-24,PayPal,12.13,refunded,1
TX0003451,PR001097,FL00342,1015,INR,2022-03-09,PayPal,10.7,success,true
TX0003452,PR000178,FL00078,3789,GBP,2022-04-08,Crypto,7.34,pending,true
TX0003453,,FL00087,,GBP,2024-10-16,Wise,18.09,success,true
TX0003454,PR000245,FL00122,6348,INR,2020-03-16,PayPal,10.73,success,1
TX0003455,PR000109,FL00028,889,pkr,2022-03-24,Crypto,11.54,success,1
TX0003456,PR001020,FL00418,7207,GBP,2024-10-17,Crypto,19.39,pending,1
TX0003457,PR000246,FL00026,-4693,INR,2023-03-31,Wise,14.74,refunded,False
TX0003458,PR000245,FL00434,7751,USD,2022-03-31,Bank Transfer,7.31,pending,1
TX0003459,PR000635,FL00136,2919,INR,2024-01-29,PayPal,16.41,refunded,true
TX0003460,PR000508,FL00311,1575,USD,2024-03-23,Wise,12.08,success,true
TX0003461,PR000341,FL00353,943,USD,2023-09-30,PayPal,10.99,pending,True
TX0003462,PR000503,FL00141,1638,BDT,2021-01-17,Payoneer,13.68,success,0
TX0003463,PR000234,FL00231,7770,USD,2023-04-16,Stripe,12.23,failed,True
TX0003464,PR001049,FL00096,7096,USD,2021-09-03,Wise,11.07,refunded,False
TX0003465,PR000038,FL00390,359,BDT,2021-01-28,Bank Transfer,7.49,success,True
TX0003466,PR000178,FL00389,506,GBP,2020-06-14,Bank Transfer,6.21,success,true
TX0003467,PR000412,FL00024,149,USD,2023-08-13,WISE,,pending,false
TX0003468,PR000009,FL00434,4314,USD,2020-09-21,Stripe,10.79,success,false
TX0003469,PR000775,FL00100,1769,USD,2023-10-03,PayPal,20.14,failed,0
TX0003470,PR001085,FL00366,7966,INR,2020-02-02,Payoneer,13.82,refunded,True
TX0003471,PR000064,FL00275,6542,USD,2022-10-01,Bank Transfer,16.13,success,1
TX0003472,PR000683,FL00475,2573,USD,2024-07-30,Crypto,16.07,success,1
TX0003473,PR000951,FL00338,4236,USD,2020-09-21,Payoneer,19.45,failed,1
TX0003474,PR000544,FL00149,2774,usd,2022-11-05,Payoneer,,success,true
TX0003475,PR000967,FL00067,524,BDT,2023-06-17,Crypto,5.92,success,True
TX0003476,PR000479,FL00184,2341,USD,2022-08-18,Stripe,18.35,success,True
TX0003477,PR001008,,6994,INR,2020-11-12,Payoneer,8.23,success,false
TX0003478,PR000540,FL00159,5937,USD,2021-07-12,Stripe,9.2,success,True
TX0003479,PR000362,FL00271,1217,GBP,2022-09-14,Stripe,15.85,refunded,false
TX0003480,PR001147,FL00462,5315,EUR,2020-11-22,Bank Transfer,17.33,pending,true
TX0003481,PR000586,FL00407,4026,INR,2020-01-31,,7.32,success,False
TX0003482,PR000090,FL00288,6991,eur,2024-12-09,Stripe,5.98,refunded,True
TX0003483,PR000420,FL00115,2758,USD,2022-12-29,PayPal,8.27,success,false
TX0003484,PR000747,FL00341,466,USD,2023-03-05,PayPal,7.23,failed,false
TX0003485,PR000065,FL00091,2543,PKR,2020-02-04,Bank Transfer,17.68,success,false
TX0003486,PR000259,FL00294,3140,USD,2021-08-15,,19.8,failed,false
TX0003487,PR000233,FL00040,7126,,2020-04-19,Bank Transfer,18.36,pending,True
TX0003488,PR000347,FL00112,-2053,BDT,2020-11-08,PayPal,13.67,success,True
TX0003489,PR000767,FL00457,7791,USD,2024-11-07,Bank Transfer,8.78,failed,false
TX0003490,PR000893,FL00127,569,USD,2024-05-22,Wise,7.5,success,0
TX0003491,PR000778,FL00373,7633,USD,2024-02-19,PayPal,18.01,success,False
TX0003492,PR000359,FL00268,6220,usd,2023-09-16,Stripe,18.23,pending,1
TX0003493,PR001102,FL00138,4696,GBP,2023-04-03,PayPal,15.55,refunded,true
TX0003494,PR000088,FL00012,3158,PKR,2020-08-20,BANK TRANSFER,15.07,success,false
TX0003495,PR000830,FL00128,1350,INR,2023-01-10,Stripe,14.17,success,0
TX0003496,PR000068,FL00016,3275,PKR,2024-05-07,Wise,15.96,success,True
TX0003497,PR000701,FL00083,1411,BDT,2020-10-20,Bank Transfer,15.21,refunded,false
TX0003498,PR000141,FL00123,6267,USD,2021-11-25,Wise,10.89,success,false
TX0003499,PR000730,,5901,INR,2021-01-27,Wise,13.12,pending,0
TX0003500,PR000396,FL00284,312,INR,2024-11-15,Payoneer,16.46,success,false
